line_no,is_ainu_line,num_tokens,ngram_size,num_ngrams,num_pred_target_ngrams,num_pred_non_target_ngrams,non_target_labels_set,non_target_ngram_samples,text
1,True,12,2,11,11,0,,,"pakno nispa isam nispa a= ne hine an =an pe ne hike,"
2,True,12,2,11,11,0,,,ekimne =an kor yuk ne ciki kamuy ne ciki nuwe a= koan.
3,True,12,2,11,11,0,,,uturu ta atuy teksam ta san =an wa peray =an ne ya
4,True,8,2,7,7,0,,,"repotcikoykip yaotcikoykip nuwe a= koan pe ne kor,"
5,True,16,2,15,15,0,,,"sine ar suy ne suy pis ta san =an h_ine peray =an kor an =an akusu,"
6,True,5,2,4,4,0,,,sirar ka ta oni an.
7,True,5,2,4,4,0,,,"oni peray kor an h_ine,"
8,True,7,2,6,6,0,,,"""pirka upen kam a= pa siri an."""
9,True,5,2,4,4,0,,,"sekor hawean kor ek korka,"
10,True,7,2,6,6,0,,,"kira =an ka eaykap pe ne kusu,"
11,True,7,2,6,6,0,,,"neno an =an wa an =an akusu,"
12,True,3,2,2,2,0,,,"i= uk h_ine,"
13,True,4,2,3,3,0,,,"orano cip or omare,"
14,True,11,2,10,10,0,,,"i= omare hine i= kusa hine hinak ta paye =an akusu,"
15,True,3,2,2,2,0,,,"poru an h_ine,"
16,True,8,2,7,7,0,,,"poru or_ ta ahup =an ruwe ne akusu,"
17,True,6,2,5,5,0,,,"pon oni an ruwe ne hine,"
18,True,4,2,3,3,0,,,"""a= kor pon oni,"
19,True,10,2,9,9,0,,,upen kam a= pa wa ek =an ruwe ne na.
20,True,15,2,14,14,0,,,hokure pirkano e= ipere wa mimus yakne a= e yak a= ekironnu kusu ne na.
21,True,12,2,11,11,0,,,"ene an upen kam ney ta ka a= pa rusuy h_ike ka,"
22,True,7,2,6,6,0,,,"a= pa ka somo ki a p."""
23,True,6,2,5,5,0,,,sekor hawean kor ki a korka
24,True,8,2,7,7,0,,,a= sitoma katun ki ka a= eaykap kusu
25,True,3,2,2,2,0,,,mosmano an =an.
26,True,4,2,3,3,0,,,orano pon oni suke.
27,True,5,2,4,4,0,,,pirkano suke wa i= ipere.
28,True,7,2,6,6,0,,,"ipe =an kor an =an a p,"
29,True,7,2,6,6,0,,,"konto oni ekimne wa isam h_i kusu,"
30,True,9,2,8,8,0,,,"""pon oni e= ne wa hnta e= onaha enupur?"""
31,True,4,2,3,3,0,,,"sekor hawean =an akusu,"
32,True,4,2,3,3,0,,,"""a= onaha enupur pe,"
33,True,9,2,8,8,0,,,"kunne katak retar katak ne wa enupur pe ne."""
34,True,4,2,3,3,0,,,"sekor hawean h_i kusu,"
35,True,5,2,4,4,0,,,"""mak a= eywanke p an?"""
36,True,4,2,3,3,0,,,"sekor hawean =an akusu,"
37,True,8,2,7,7,0,,,"""kunne katak sietok un a= osura kor sirkunne,"
38,True,11,2,10,10,0,,,"retar katak sioka un a= osura kor sirpeker pe ne wa,"
39,True,10,2,9,9,0,,,kira =an kor retar katak sietok un a= osura wa
40,True,7,2,6,6,0,,,"sioka un kunne katak a= osura kor,"
41,True,13,2,12,12,0,,,"somo a= i= oskoni p ne wa an ne yak a= onaha ye."""
42,True,5,2,4,4,0,,,"sekor kane hawean h_i kusu,"
43,True,6,2,5,5,0,,,"""sanke wa i= nukare yak pirka."""
44,True,4,2,3,3,0,,,"sekor hawean =an akus,"
45,True,8,2,7,7,0,,,"""a= sanke yak a= ona i= koyki kusu,"
46,True,3,2,2,2,0,,,"somo a= sanke."""
47,True,3,2,2,2,0,,,sekor hawean yakka
48,True,8,2,7,7,0,,,"""sanke wa i= nukare poka ki yak pirka."""
49,True,5,2,4,4,0,,,"sekor kane hawean =an akusu,"
50,True,5,2,4,4,0,,,"sanke hine i= nukare hine,"
51,True,8,2,7,7,0,,,"""tap neno tap neno a= eywanke p ne."""
52,True,5,2,4,4,0,,,"sekor hawean h_i kusu oraun,"
53,True,5,2,4,4,0,,,"""mosma hnta e= ona enupur?"""
54,True,6,2,5,5,0,,,"sekor hawean =an ruwe ne akusu,"
55,True,7,2,6,6,0,,,"""ane kem ruwe kem a= ona enupur."""
56,True,3,2,2,2,0,,,"sekor hawean kusu,"
57,True,5,2,4,4,0,,,"""mak a= eywanke p an?"""
58,True,4,2,3,3,0,,,sekor hawean =an akusu
59,True,8,2,7,7,0,,,"""ane kem sihekote a= turi kor ray =an."
60,True,10,2,9,9,0,,,"ruwe kem sihekote a= etaye kor siknu =an pe ne."""
61,True,5,2,4,4,0,,,sekor kane hawean h_i kusu
62,True,6,2,5,5,0,,,"""sanke wa i= nukare yak pirka."""
63,True,7,2,6,6,0,,,"sekor kane hawean =an ruwe ne akusu,"
64,True,7,2,6,6,0,,,kopan hikeka a= ye ayne mina tura
65,True,10,2,9,9,0,,,"""nen ka kira =an ka somo ki p ne kus,"
66,True,7,2,6,6,0,,,"pon oni sanke wa i= nukare yakne,"
67,True,7,2,6,6,0,,,mismu =an kusu a= nukar kusu ne.
68,True,4,2,3,3,0,,,"sekor hawean =an akusu,"
69,True,6,2,5,5,0,,,pon oni sanke hine i= nukare.
70,True,8,2,7,7,0,,,"""tap neno tap neno a= eywanke p ne."""
71,True,2,2,1,1,0,,,sekor y_e.
72,True,8,2,7,7,0,,,"""a= teke omare yak a= nukar kusu ne."""
73,True,6,2,5,5,0,,,sekor hawean =an ruwe ne akusu
74,True,9,2,8,8,0,,,"a= teke ane kem ruwe kem omare h_i kusu,"
75,True,2,2,1,1,0,,,"“sekor h_e?"""
76,True,4,2,3,3,0,,,"sekor hawean =an kor,"
77,True,13,2,12,12,0,,,"ane kem hekote a= turi ruwe ne kusu ray ruwe ne hi kusu,"
78,True,9,2,8,8,0,,,"ora nea retar katak kunne katak a= uk h_ine,"
79,True,16,2,15,15,0,,,"orano kira =an h_ine ma =an hine heyasi yan =an kusu ma =an ruwe ne akusu,"
80,True,4,2,3,3,0,,,"oni i= kesanpa hine,"
81,True,14,2,13,13,0,,,"""neun e= kira h_ike a= e= oskoni somo ki e= ki p ne y_a?"""
82,True,4,2,3,3,0,,,sekor hawean kor ki.
83,True,7,2,6,6,0,,,"i= oskoni noyne humi an h_i kusu,"
84,True,9,2,8,8,0,,,"kunne katak sioka un a= osura ruwe ne akusu,"
85,True,7,2,6,6,0,,,i= etokoho sirkun ... i= okake sirkunne.
86,True,4,2,3,3,0,,,retar katak sio ...
87,True,10,2,9,9,0,,,"sietok un a= osura kor retar katak siru emakkosanu hine,"
88,True,7,2,6,6,0,,,orano kira =an hine yan =an h_ine
89,True,9,2,8,8,0,,,"konto a= uni ta an =an ka sitoma kusu,"
90,True,7,2,6,6,0,,,"orowa konto oyak ta arpa =an h_ine,"
91,True,5,2,4,4,0,,,"orano … orano an =an,"
92,True,8,2,7,7,0,,,orano nea retar katak kunne katak a= epirka.
93,True,13,2,12,12,0,,,"nea ane kem ruwe kem ne yakka a= epirka kor an =an akusu,"
94,True,12,2,11,11,0,,,"oro ta suy i= penake ta wen kur okkaypo an a p,"
95,True,4,2,3,3,0,,,"oro ta san h_ine,"
96,True,11,2,10,10,0,,,"""a= kor okkaypo mak ki hine ene nispa ne ru an?"""
97,True,4,2,3,3,0,,,"sekor hawean h_i kusu,"
98,True,5,2,4,4,0,,,"""tapne kane ne ruwe ne."""
99,True,4,2,3,3,0,,,"sekor hawean =an akus,"
100,True,6,2,5,5,0,,,"pis ta san ruwe ne h_ine,"
101,True,4,2,3,3,0,,,"akusu oni an h_ine,"
102,True,9,2,8,8,0,,,"suy oni uni ta a= tura wa arpa hine,"
103,True,4,2,3,3,0,,,"oni ekimne okake ta,"
104,True,5,2,4,4,0,,,"ne pon oni kowepekennu hine,"
105,True,6,2,5,5,0,,,"retar katak kunne katak uk h_ine,"
106,True,7,2,6,6,0,,,"oraun ane kem ruwe kem uk h_ine,"
107,True,10,2,9,9,0,,,"ne ane kem pon oni hekote turi ruwe ne hine,"
108,True,4,2,3,3,0,,,"pon oni ray rapokke,"
109,True,4,2,3,3,0,,,"kira ruwe ne p,"
110,True,3,2,2,2,0,,,ene oni WA
111,True,10,2,9,9,0,,,"""te ta ka ene an wen puri kor a wenkur"
112,True,8,2,7,7,0,,,"suy a= kor mampuri eikka siri ene an."""
113,True,5,2,4,4,0,,,sekor hawean kor kesanpa hine
114,True,7,2,6,6,0,,,"tane a= uk noyne humas h_i ta,"
115,True,5,2,4,4,0,,,"retar katak sietok un osura,"
116,True,11,2,10,10,0,,,"kunne katak sioka un osura humi ne kunak ramu a p,"
117,True,5,2,4,4,0,,,a= kimatekka p ne kusu
118,True,8,2,7,7,0,,,kunne katak sioka un ... sietok un osura.
119,True,6,2,5,5,0,,,"retar katak sioka un osura hine,"
120,True,5,2,4,4,0,,,"oro ta oni ek h_ine,"
121,True,12,2,11,11,0,,,"""KONOYARO te ta ka ene an wen puri e= kor a kusu"
122,True,10,2,9,9,0,,,"a= e= uk wa a= e= ponekonukunuku p ne na."""
123,True,3,2,2,2,0,,,sekor hawean kor
124,True,6,2,5,5,0,,,"nani a= eoma h_ine arpa hine,"
125,True,5,2,4,4,0,,,"ne wa an pe ani,"
126,True,7,2,6,6,0,,,nep okkaypo tu ray wen ray sekor.
127,True,13,2,12,12,0,,,"ne ene iki wa an pe a= ne hi ka a= eramiskari no,"
128,True,6,2,5,5,0,,,poro cise or_ ta yayesikarun =an.
129,True,11,2,10,10,0,,,"matkaci a= ne hine an =an pe ne ruwe ne h_ine,"
130,True,7,2,6,6,0,,,"nen i= epakasnu ka somo ki korka,"
131,True,9,2,8,8,0,,,"nep ne ruwe ne ya muye a= kar wa,"
132,True,5,2,4,4,0,,,"parka esik wa okay pe,"
133,True,6,2,5,5,0,,,yayesikarun =an h_i orano a= rapte.
134,True,9,2,8,8,0,,,ni a= kor a= otkeotke wa a= rapte wa
135,True,7,2,6,6,0,,,"wor a= omare wa a= huraye wa,"
136,True,6,2,5,5,0,,,"nen i= epakasnu somo ki korka,"
137,True,3,2,2,2,0,,,ape a= ari.
138,True,9,2,8,8,0,,,"ni poronno sem or_ ta okay pe ne kus,"
139,True,10,2,9,9,0,,,ape a= ari wa a= supa wa a= e kor
140,True,7,2,6,6,0,,,keraan h_ike a= e kor an =an.
141,True,11,2,10,10,0,,,"oraun so noski pakno tumun rikin wa an pe ne kusu,"
142,False,9,2,8,6,2,ja,NANI TUKAUMONODEMO || TUKAUMONODEMO ARUKARA,orano tumun ... nep aeyay ... NANI TUKAUMONODEMO ARUKARA
143,True,9,2,8,8,0,,,"konto, nep aeyayramekotep ne yakka okay pe ne kusu,"
144,True,11,2,10,10,0,,,ani a= ninpa wa soy a= omare wa soy a= omare.
145,True,6,2,5,5,0,,,cise onnay ka pirkano a= kar.
146,True,17,2,16,16,0,,,orano mintar or ka mun sak no pirkano an =an kuni ne cise okari muni a= kar.
147,True,8,2,7,7,0,,,"nep aeyayramekotep ne yakka okay pe ne kusu,"
148,True,7,2,6,6,0,,,cise onnay un... ka pirkano a= kar.
149,True,15,2,14,14,0,,,"cise okari ka mun_ sak no a= kar wa pirkano an =an kuni ne h_ike,"
150,True,8,2,7,7,0,,,"nay or un ka pirkano sirotuye =an wa,"
151,True,7,2,6,6,0,,,"orowa pirkano sirotuye =an, sepno ki wa,"
152,True,15,2,14,14,0,,,nay or un ka sirkerkeri =an wa mun sak no a= kar wa an =an.
153,True,9,2,8,8,0,,,"orano nen i= epakasnu somo ki p ne korka,"
154,True,10,2,9,9,0,,,"cise okari nep mun ne ruwe ne ya oka wa,"
155,True,13,2,12,12,0,,,"a= kar wa a= supa wa a= e wa keraan h_ike a= e,"
156,True,5,2,4,4,0,,,"kera isam h_ike a= osurpa,"
157,True,5,2,4,4,0,,,"pirka h_ike a= e kor,"
158,True,7,2,6,6,0,,,"sirsak kor orano newaoka parka ta oka,"
159,True,15,2,14,14,0,,,"nep ne ruwe ne ya a= eramiskari pa p a= rapte wa wor a= omare,"
160,True,5,2,4,4,0,,,a= huraypa wa nea ...
161,True,16,2,15,15,0,,,newaoka kina ne ya a= kopoye wa a= supa wa a= e kor an =an ayne
162,True,9,2,8,8,0,,,"tantane pon poro =an nennen ruwe ne a p,"
163,True,9,2,8,8,0,,,"esoyne aynu humas kus soyne =an ruwe ne akus,"
164,True,3,2,2,2,0,,,hure kosonte utomciwre
165,True,8,2,7,7,0,,,"okkaypo sekor a= ye p ne noyne an,"
166,True,6,2,5,5,0,,,"aynu nukar ka a= eramiskari p,"
167,True,14,2,13,13,0,,,"okkaypo sekor a= ye p ne noyne an okkaypo soy ta an h_i kusu,"
168,True,15,2,14,14,0,,,"nep ka a= ye somo ki no ahun =an h_ine an =an ruwe ne akus,"
169,True,7,2,6,6,0,,,i= os ahun h_ine i= erankarap ru.
170,True,12,2,11,11,0,,,"korka aynu nukar ka a= eramiskari p ne korka i= erankarap yakka,"
171,True,7,2,6,6,0,,,ene a= ramu h_i ka isam no
172,True,10,2,9,9,0,,,"an =an hine ora suke =an h_ine a= ipere akusu,"
173,True,7,2,6,6,0,,,"i= kasuy ipe hine rewsi =an akusu,"
174,True,11,2,10,10,0,,,"ora neun ka arpa p ne kunak a= ramu a p,"
175,True,7,2,6,6,0,,,neun ka arpa ka somo ki no
176,True,2,2,1,1,0,,,"ekimne akusu,"
177,True,8,2,7,7,0,,,"ora nep ne ruwe ne se wa iwak,"
178,True,11,2,10,10,0,,,"""tap anak yuk sekor a= ye p ne ruwe ne wa,"
179,True,13,2,12,12,0,,,"tap neno a= kar wa a= supa wa a= e p ne na."""
180,True,3,2,2,2,0,,,"sekor hawean kor,"
181,True,7,2,6,6,0,,,ene a= supa kuni i= epakasnu hine
182,True,6,2,5,5,0,,,supa hine i= ere akusu keraan.
183,True,12,2,11,11,0,,,tanepo pirka ipe a= ki p ne kus keraan hine ipe =an.
184,True,8,2,7,7,0,,,"orano neun ka arpa ka somo ki no,"
185,True,4,2,3,3,0,,,"orano neno ekimne kor,"
186,True,9,2,8,8,0,,,"yuk ne ciki kamuy ne ciki nuwe koan wa,"
187,True,6,2,5,5,0,,,"""tap neno kamuy anak a= hopunpare."
188,True,8,2,7,7,0,,,tap anak yuk sekor a= ye p ne.
189,True,4,2,3,3,0,,,tap neno a= hopunpare.
190,True,13,2,12,12,0,,,"isepo ka cironnup ka tap neno tap neno a= hopunpare p ne na."""
191,True,8,2,7,7,0,,,sekor hawean kor i= epakasnu kor oka =an.
192,True,8,2,7,7,0,,,ora aynu ene iki pa kuni i= epakasnu.
193,True,9,2,8,8,0,,,nen a= nukar ka somo ki p ne ka
194,True,12,2,11,11,0,,,"a= sapaha kar_ ne ya a= nanuhu kar_ ne ya ki wa,"
195,True,5,2,4,4,0,,,"aynu ene iki pa kuni,"
196,True,11,2,10,10,0,,,"""aynu anak tap neno tap neno iki pa p ne na."""
197,True,11,2,10,10,0,,,sekor hawean kor i= epakasnu kor orano oka =an ruwe ne.
198,True,9,2,8,8,0,,,"pak ison kur isam kur_ ne p ne kusu,"
199,True,8,2,7,7,0,,,"nep a= e rusuy ka somo ki no,"
200,True,5,2,4,4,0,,,"hoka unno kirpu orastomnemne korka,"
201,True,11,2,10,10,0,,,"aynu ne ruwe he ne ya nep ne ruwe ne ya,"
202,True,13,2,12,12,0,,,"mipihi yakka somo ki no ramma uneno kane mipihi an pe ne korka,"
203,True,15,2,14,14,0,,,"nen ka i= ye hene i= kar hene ki ka somo ki p ne kus,"
204,True,6,2,5,5,0,,,"a= sitoma ka somo ki no,"
205,True,10,2,9,9,0,,,"a= yupi kor kur an =an pe ne a p,"
206,True,20,2,19,19,0,,,"a= yupi kor kur_ ne y_ak ye p ne kusu ki kor oka =an pe ne ruwe ne a p,"
207,True,6,2,5,5,0,,,"sineanta, tane sitcuk kopak an h_ine,"
208,True,5,2,4,4,0,,,"rapokke sineanto sini hine ora,"
209,True,11,2,10,10,0,,,"""a= kor pon menoko, somo i= ewtanne rusuy ruwe h_e an?"""
210,True,3,2,2,2,0,,,"sekor hawean korka,"
211,True,11,2,10,10,0,,,nep ka a= ye ka somo ki no soyne =an akus
212,True,14,2,13,13,0,,,okake ta ay kar kor an hawe an ne a p soyne =an hine
213,True,5,2,4,4,0,,,nina =an hine nisike =an.
214,True,11,2,10,10,0,,,"re pa ka an kor ora hawean ne p ne kusu,"
215,True,6,2,5,5,0,,,nisike =an h_ine hosipi =an ...
216,True,10,2,9,9,0,,,"ponno upas … ponno ponno upas as as kane hine,"
217,True,8,2,7,7,0,,,"nea i= ekari hure poro seta hoyupu, ek"
218,True,10,2,9,9,0,,,orano i= okari mik kor i= okari earkinne a= eohaysitoma
219,True,9,2,8,8,0,,,"seta ka nep ka isam pe ne a p,"
220,True,8,2,7,7,0,,,"""hinak wa ek seta ene iki h_i an?"""
221,True,3,2,2,2,0,,,sekor yaynu =an.
222,True,6,2,5,5,0,,,"""aynu ne yaykar wa ne ya?"""
223,True,6,2,5,5,0,,,sekor kewtum or_ ta yaynu =an.
224,True,6,2,5,5,0,,,"seta ka nep ka isam pe,"
225,True,7,2,6,6,0,,,"konto sikrapparappa =an akusu oar isam h_ine,"
226,True,9,2,8,8,0,,,"oraun cise soy ta ek =an ruwe ne akusu,"
227,True,7,2,6,6,0,,,sem apapa ta seta ru sitcininanina korka
228,True,7,2,6,6,0,,,"ora ekuskonna ahun ka a= etoranne kusu,"
229,True,9,2,8,8,0,,,hine ora ipuyaroposore =an akusu ay kar kor an.
230,True,9,2,8,8,0,,,"suy aynu ne hine ki kor an h_i kusu,"
231,True,8,2,7,7,0,,,ora soy ta a= nisike a= esirkopaste hine
232,True,16,2,15,15,0,,,"nep ka a= ye a= ye pekor hawean =an kor an =an ayne ahun =an korka,"
233,True,10,2,9,9,0,,,"a= sitoma katun ki ka ... yakka wen wa kusu,"
234,True,11,2,10,10,0,,,a= sitoma katun ki ka somo ki no ora suke =an.
235,True,5,2,4,4,0,,,nen ka suy ipe =an.
236,True,5,2,4,4,0,,,orowa kuneywa ekimne hine isam.
237,True,10,2,9,9,0,,,ekimne hine isam ruwe ne. okake ta an =an akusu
238,True,11,2,10,10,0,,,"tononoski paki peka esoyne aynu hum as kusu soyne =an akus,"
239,True,13,2,12,12,0,,,konto tanpe or_ ta anak aynu sekor a= ye p ne noyne an
240,True,14,2,13,13,0,,,"okkaypo ka utarpake sekor a= ye p ne noyne okkaypo, soy ta an h_ine,"
241,True,10,2,9,9,0,,,"ora nep ka ye somo ki no ahun =an akus,"
242,True,9,2,8,8,0,,,"i= os ahun h_ine i= erankarap ruwe ne hine,"
243,True,5,2,4,4,0,,,"ora i= kowepekennu hi kus,"
244,True,15,2,14,14,0,,,"""tapne kane aynu ne ruwe he ne ya nep ne ruwe ne ya a= erampewtek,"
245,True,6,2,5,5,0,,,"hure kosonte utomciwre okkaypo ek wa,"
246,True,8,2,7,7,0,,,"tane re pa ka turano an =an korka,"
247,True,8,2,7,7,0,,,"nen ka i= ye ka somo ki no,"
248,True,7,2,6,6,0,,,aynu ene iki pa kuni i= epakasnu.
249,True,8,2,7,7,0,,,a= nanuhu ka kar a= sapaha ka kar.
250,True,16,2,15,15,0,,,"sorekusu ne ene iki wa an pe a= ne ru an h_i ka a= erampewtek no,"
251,True,11,2,10,10,0,,,so noski pakno tumun an wa soy a= o ne ya
252,True,9,2,8,8,0,,,sintoko ne ya soy a= o wa a= huraypa.
253,True,16,2,15,15,0,,,"ene teeta o ikiri an h_i neno a= kar wa an =an wa an =an akus,"
254,True,8,2,7,7,0,,,"oro ta ahun h_ine an pe ne h_ine,"
255,True,7,2,6,6,0,,,"tane re pa ka an a p,"
256,True,4,2,3,3,0,,,"numan ne sini hine,"
257,True,7,2,6,6,0,,,'uewtanne =an ciki mak ne ruwe an?'
258,True,3,2,2,2,0,,,"sekor hawean korka,"
259,True,8,2,7,7,0,,,"tasaitak =an h_ene ki ka somo ki no,"
260,True,7,2,6,6,0,,,ora nina =an kusu soyne =an h_ine
261,True,9,2,8,8,0,,,"nina =an h_ine a= se h_ine iwak =an akus,"
262,True,6,2,5,5,0,,,"seta ka nep ka isam pe,"
263,True,6,2,5,5,0,,,"poro hure seta i= ekari arpa,"
264,True,7,2,6,6,0,,,orano i= ekari i= emik kor terketerke.
265,True,8,2,7,7,0,,,ne rapokkehe ponno sikrapparappa =an h_e ki akusu
266,True,3,2,2,2,0,,,"oar isam h_ine,"
267,True,14,2,13,13,0,,,"oraun ek =an akus upas ka ta nep ne kusu seta ru sitcininanina h_ine,"
268,True,12,2,11,11,0,,,ek =an akus sem or_ ta ka seta ru an yakun anakne
269,True,10,2,9,9,0,,,aynu ne ru somo ne kuni a= ramu h_i kusu
270,True,10,2,9,9,0,,,"oraun ahun =an ka nisap ahun ka a= etoranne kus,"
271,True,6,2,5,5,0,,,"ay kar kor an pe kus,"
272,True,11,2,10,10,0,,,"soy ta nep ka a= ye a= ye pekor hawean kor,"
273,True,13,2,12,12,0,,,"ni a= esirkopaste hine a= ki kor an =an ayne ahun =an korka,"
274,True,8,2,7,7,0,,,"a= sitoma katun ki yakka wen wa kus,"
275,True,11,2,10,10,0,,,"a= sitoma katun ki ka somo ki no suke =an h_ine,"
276,True,12,2,11,11,0,,,"nen ka i= sisitomare hene ki ka somo ki p ne kus,"
277,True,7,2,6,6,0,,,"suke =an h_ine ukasuy ipe =an tek,"
278,True,11,2,10,10,0,,,"esir ka a= ki hine ora ekimne hine isam ruwe ne."""
279,True,6,2,5,5,0,,,"sekor hawean =an ruwe ne akus,"
280,True,5,2,4,4,0,,,nea okkaypo ene hawean h_i.
281,True,8,2,7,7,0,,,"""Yupet emko kor nispa a= ona an h_ine"
282,True,12,2,11,11,0,,,"a= yupihi tun an, a= turesi tun an h_ine oka =an wa,"
283,True,11,2,10,10,0,,,a= ponturesihi ne ene iki wa isam h_i ka a= erampewtek.
284,True,5,2,4,4,0,,,orowano a= hunara yakka wen.
285,True,8,2,7,7,0,,,"ora seta poronno okay pe ne a p,"
286,True,11,2,10,10,0,,,"oro ta hure poro seta a= kor pe ne a p,"
287,True,5,2,4,4,0,,,konto seta utar wenkoykikar wa
288,True,13,2,12,12,0,,,"sorekusu kasi ta seta utar arukoterke eukaopiwki kor okay pe ne a p,"
289,True,11,2,10,10,0,,,"konto eun arpa wa isam hi ka a= erampewtek ne awa,"
290,True,9,2,8,8,0,,,ne wen kamuy ne hawe ne nankor tak ...
291,True,7,2,6,6,0,,,"hetak e= suke wa ipe =an ciki,"
292,True,17,2,16,16,0,,,ora ipe =an ciki oraun e p or surku e= omare wa e= anu yak pirka na.
293,True,5,2,4,4,0,,,ora iwak ciki iteki ...
294,True,15,2,14,14,0,,,hokure hokure e= ipere hokure hokure ipe kunak e= ye kor ki yak pirka na.
295,True,16,2,15,15,0,,,ora toma tuna corpok ta i= ka seske wa anu ... e= anu yak pirka na.
296,True,15,2,14,14,0,,,sironuman wa nen ka ossike arka h_ene ki yakun oro ta a= eraman nankor kusu
297,True,10,2,9,9,0,,,"nen ka ne ciki ape e= ruyruyka p ne na."""
298,True,8,2,7,7,0,,,"sekor kane nea okkaypo hawean kor ipe hine,"
299,True,11,2,10,10,0,,,ora toma tuna corpok ta kasi a= seske hine an =an.
300,True,7,2,6,6,0,,,"rapokke iwak moyre, tanto or_ ta ki,"
301,True,8,2,7,7,0,,,"ipe =an pa si ... p ne kusu,"
302,True,10,2,9,9,0,,,"ora tanto or_ ta iwak moyre hine iwak ki kusu,"
303,True,9,2,8,8,0,,,"""kamuy a= yupihi mak ki hine enepo iwak moyre."
304,True,8,2,7,7,0,,,"iperusuy =an wa hoskino ipe =an ruwe ne."""
305,True,3,2,2,2,0,,,sekor hawean =an.
306,True,9,2,8,8,0,,,"earkinne a= eyaykopuntek pekor iki =an pe ne kusu,"
307,True,6,2,5,5,0,,,mina tura mono a hine ipe.
308,True,16,2,15,15,0,,,a= koypuni hine ipe hine sine itanki tu itanki ipe kor rapokke mak a= ye ...
309,True,5,2,4,4,0,,,"yayunnatarare wa an h_i kusu,"
310,True,9,2,8,8,0,,,"""kamuy a= yupi mak ki h_ine yayunnatarare ruwe an?"""
311,True,4,2,3,3,0,,,"sekor hawean =an akusu,"
312,True,9,2,8,8,0,,,"""mak ki a= ossike arka pekor humas wa ne."""
313,True,1,2,1,1,0,,,"sekor,"
314,True,8,2,7,7,0,,,"""nep ka pawci a= omare ka somo ki."
315,True,4,2,3,3,0,,,hinta pawci a= omare
316,True,13,2,12,12,0,,,"tane pakno a= yupi etok un suke =an wa ipe =an pa p,"
317,True,13,2,12,12,0,,,"hnta pawci a= omare hine mak ne hine ene ne hawean h_i an."""
318,True,3,2,2,2,0,,,sekor hawean =an.
319,True,9,2,8,8,0,,,"rapokke konto ape kohopi hokus h_ine hocikacika kor an,"
320,True,4,2,3,3,0,,,rapokke ape homar kor
321,True,6,2,5,5,0,,,poro hure seta sara a= nukar_
322,True,14,2,13,13,0,,,"rapokke nea okkaypo ani kik kuni, kisma hum pirkano an, an cikuni tuye hine"
323,True,6,2,5,5,0,,,"kor wa an pe ne kus,"
324,True,8,2,7,7,0,,,ani esapakokikkik hine kikkik hine rayke ruwe ne.
325,True,5,2,4,4,0,,,"kopasrota a kopasrota a sorekus,"
326,True,8,2,7,7,0,,,"""wen kewtum kor wen_ sampe kor_ reyep anakne,"
327,True,19,2,18,18,0,,,"reyep sekor a= ye p anakne sorekusu kamuy oyakata pase p ne ya ka ya ka a= ye p,"
328,True,5,2,4,4,0,,,"ene an wen puri kor."""
329,True,8,2,7,7,0,,,"sekor hawean kor kopasrota kor esoyne osura hine,"
330,True,13,2,12,12,0,,,"ora asirkinne suy su a= huraye h_ine suke =an h_ine ipe =an h_ine,"
331,True,6,2,5,5,0,,,"ora hotke =an pa ruwe ne,"
332,True,4,2,3,3,0,,,"h_ine wentarap =an akusu,"
333,True,10,2,9,9,0,,,ponpon okere hine iruska wa an h_ine ene hawean h_i.
334,True,13,2,12,12,0,,,"""tan pon menoko e= ne wa itak =an ciki e= nu katu anak."
335,True,4,2,3,3,0,,,oyaciki kamuy resu wa
336,True,12,2,11,11,0,,,"ohasir_ ta ciwente kotan or_ ta an pe e= ne aan h_ine,"
337,True,11,2,10,10,0,,,"ora Yupet emko kor_ nispa pon matnepo a= kateomare wa kusu,"
338,True,12,2,11,11,0,,,"neun a= ye yakka a= sinniwkeste a= ruska kusu a= rayke hine,"
339,True,9,2,8,8,0,,,"samam ni corpok a= omare ruwe ne a p,"
340,True,4,2,3,3,0,,,orano seta utar eramuoka.
341,True,10,2,9,9,0,,,"orano i= ka ta ukoyki pa, i= wenkoykikar pa wa,"
342,True,5,2,4,4,0,,,"an ka a= eaykap kusu,"
343,True,10,2,9,9,0,,,inkar =an akus e= an ruwe a= nukar h_i kusu
344,True,14,2,13,13,0,,,e= poro a= e= porore yak ora mat ne a= e= kor_ rusuy kusu
345,True,17,2,16,16,0,,,e= or_ ta an =an wa re pa ka e= ka a= oyki kor oka =an ayne
346,True,6,2,5,5,0,,,"tane e= poro ruwe ne yakun,"
347,True,10,2,9,9,0,,,"mat ne a= e= kor easkay kunak a= ramu kusu,"
348,True,10,2,9,9,0,,,"mat ne a= e= kor kuni a= e= ye korka,"
349,True,11,2,10,10,0,,,nen ka a= e= kar h_ene ki ka somo ki no
350,True,6,2,5,5,0,,,"e= nina kusu, e= ekimne akus"
351,True,7,2,6,6,0,,,"sorekusu kamuy i= koypak pe ne kusu,"
352,True,6,2,5,5,0,,,seta a= ne p ne kus
353,True,11,2,10,10,0,,,"e= ekari arpa =an wa a= e= sinetopanukare? ruwe ne hine,"
354,True,14,2,13,13,0,,,e= eoaysitoma yakka e= eoaysitoma katun ka e= ... somo e= ki ruwe ne.
355,True,16,2,15,15,0,,,kamuy e= resu sorekusu kamuy resu p e= ne p ne kusu ki ruwe ne aan.
356,True,10,2,9,9,0,,,"ora taan Yupet emko kor okkaypo anakne kamuy sasimi ne,"
357,True,15,2,14,14,0,,,"eani ka kamuy sasimi eci= ne wa eci= ukor ATARIMAE ne wa siran wa kusu,"
358,True,8,2,7,7,0,,,"ikayop takup se kane wa numan ek h_ine,"
359,True,11,2,10,10,0,,,oyaciki nuynak wa an aan pe ya ka a= eramiskari no
360,True,6,2,5,5,0,,,"a= i= rayke ruwe ne korka,"
361,True,15,2,14,14,0,,,"wenno eci= i= kar yakka neun nani eci= pirka ka somo ki p ne kus,"
362,True,17,2,16,16,0,,,"cananno poka seta oyakata eun arpa =an kuni eci= i= hopunpare wa eci= ko ... kore yak,"
363,True,6,2,5,5,0,,,ora eci= sama a= epunkine yakne
364,True,11,2,10,10,0,,,"eci= sitoma ka nep eci= kor_ rusuy ka somo ki no,"
365,True,7,2,6,6,0,,,ora tane Iskar emkoho supuya sak h_i
366,True,12,2,11,11,0,,,"Yupet emko kor_ nispa pak kewtum pirka nispa isam pe ne kusu,"
367,True,7,2,6,6,0,,,"supuya sak yak wen sekor hawean kor_,"
368,True,9,2,8,8,0,,,te ta kotan eci= kar wa eci= oka h_ine
369,True,5,2,4,4,0,,,"asir aynu patek oka yakun,"
370,True,12,2,11,11,0,,,o ... inne kotan eci= ne yakka sorekusu kamuy or un ...
371,True,9,2,8,8,0,,,eci= sama a= epunkine p ne ruwe ne na
372,True,10,2,9,9,0,,,"neno eci= iki wa eci= i=  kore  p ne na."""
373,True,7,2,6,6,0,,,"sekor wentarap =an ruwe ne a p,"
374,True,8,2,7,7,0,,,"nea okkaypo ka neno wentarap yak ye kor,"
375,True,4,2,3,3,0,,,ora tori hine oraun
376,True,12,2,11,11,0,,,"""arpa =an a= ona eun a= ye ora ek =an pe ne."""
377,True,8,2,7,7,0,,,sekor hawean kor arpa wa isam ruwe ne
378,True,9,2,8,8,0,,,"255     sorekus, rik un kakenca ranke kakenca erewewse kane,"
379,True,16,2,15,15,0,,,ineapkusun a= onaha ne yakka nispa ne p ne aan wa siran y_a ka a= eramiskari.
380,True,15,2,14,14,0,,,"a= unu ne yakka sino katkemat ne a ruwe ne noyne siran pe ne kusu,"
381,True,6,2,5,5,0,,,nep ka a= kar ka erampewtek.
382,True,10,2,9,9,0,,,"nen i= epakasnu apekor kemeyki ne ya nep ne ya,"
383,True,18,2,17,17,0,,,"ineapkusun a= easkay wa iki =an y_a ka a= eramiskari kor an pe a= ne p ne kusu,"
384,True,9,2,8,8,0,,,"ora nea okkaypo arpa hine isam ruwe ne akusu,"
385,True,14,2,13,13,0,,,tutko rerko ne kor poro yupihi saha ne yak ki p tura wa ek
386,True,10,2,9,9,0,,,"orano sorekusu i= kewehomsu pa kor ki ruwe ne h_ine,"
387,True,12,2,11,11,0,,,"ora moyono aynu tura wa arki pa hine kotan kar pa hine,"
388,True,6,2,5,5,0,,,oro ta oka =an ruwe ne.
389,True,13,2,12,12,0,,,nep a= e rusuy nep a= kor_ rusuy somo ki no oka =an.
390,True,3,2,2,2,0,,,orano easir ki.
391,True,13,2,12,12,0,,,"ora nea seta anakne cananno poka a= hopunire kunak ye p ne kusu,"
392,True,9,2,8,8,0,,,"seta oyakata eun arpare kuni yere a sinne noyne,"
393,True,17,2,16,16,0,,,inawke a inawke a hine inaw kor ene haw turano hopunire hine orano okake ta oka =an.
394,True,13,2,12,12,0,,,nep a= e rusuy nep a= kor_ rusuy somo ki no oka =an
395,True,17,2,16,16,0,,,"rapokke ar suy ne poka ne a= siwtoutari oro ta arpa =an wa inkar =an rusuy kusu,"
396,True,7,2,6,6,0,,,"ne a= hekote nispa a= siren h_ine,"
397,True,3,2,2,2,0,,,"posak =an h_ine,"
398,True,12,2,11,11,0,,,"arpa =an rusuy pe ne kusu a= tura hine arpa =an h_ine,"
399,True,11,2,10,10,0,,,orano Yupet emko kor_ nispa sorekus i= tamkasure i= tamtespare kor
400,True,4,2,3,3,0,,,i= kewehomsu ruwe ne.
401,True,10,2,9,9,0,,,"""a= kor nispa kotanuhu pa oyan yak a= ye yakun,"
402,True,10,2,9,9,0,,,"nep ka isam ruwe ne kunak a= ramu wa kusu,"
403,True,9,2,8,8,0,,,"a= kor katkemat kamuy resu wa an aan wa,"
404,True,10,2,9,9,0,,,"kamuy renkayne a= poho arpa wa ne ruwe ne yakun,"
405,False,9,2,8,7,1,ja,utarihi nimari,a= utarihi nimari Iskar emko a= payere rusuy kusu
406,True,7,2,6,6,0,,,"paye wa uekotanne pa ruwe ne kusu,"
407,True,5,2,4,4,0,,,"apunno oka =an yak pirka."""
408,True,7,2,6,6,0,,,sekor Yupet emko kor_ nispa hawean h_ine
409,True,9,2,8,8,0,,,orano hosippa =an orano oka =an orano oka =an.
410,True,4,2,3,3,0,,,sorekusu kotan kor ...
411,True,7,2,6,6,0,,,"i= ekotanne utar yayipere eaykap pa p,"
412,True,7,2,6,6,0,,,a= ipere pa a= i= korpare pa.
413,True,7,2,6,6,0,,,coypep ne ya a= onaha nuwe koan.
414,True,17,2,16,16,0,,,"coypep utar a= ukowsaraye pa a= utari utar ki wa, upakno uneno coypep ka a= ukowsaraye pa."
415,True,11,2,10,10,0,,,"nep a= e rusuy nep a= kor_ rusuy somo ki no,"
416,True,13,2,12,12,0,,,a= kotanu un katkemat utar i= o katkemat usi pa kor ki pa.
417,True,16,2,15,15,0,,,"sake a= kor kor, Yupet emko un a= hekote nispa iaskeuk wa, ikutaspa utar arki kusu,"
418,True,12,2,11,11,0,,,"sine apa ne, sine utar_ ne ukar =an kor oka =an ayne"
419,True,3,2,2,2,0,,,sorekus posiresitte =an.
420,True,5,2,4,4,0,,,a= utari hene yakka posiresitte.
421,True,5,2,4,4,0,,,ora onne utar_ ray ...
422,True,21,2,20,20,0,,,"ray kor esipinpa pa kuni p a= kar wa a= se h_i an ne ya somo apkas =an yakka ki ayne,"
423,True,13,2,12,12,0,,,"tane a= siwtoutari ka onne wa isam pa yak a= ye h_ike ka,"
424,True,4,2,3,3,0,,,asinuma anak pokoinne =an.
425,True,5,2,4,4,0,,,"apkas ka a= eaykap yakka,"
426,True,15,2,14,14,0,,,"a= hekote nispa anakne sine cup ta arsuy ka arpa ranke kor oka =an ayne,"
427,True,10,2,9,9,0,,,"tane a= siwtoutari ka isam yak a= ye okake ta,"
428,True,5,2,4,4,0,,,a= onautari a= nurappa wa
429,True,17,2,16,16,0,,,"sinrit or_ ta mippo ka a= onautari ikoytupa somo ki kuni ne iki kor oka =an ayne,"
430,True,9,2,8,8,0,,,"tane onne =an pa siri ene an h_i kusu,"
431,True,7,2,6,6,0,,,a= eysoytak sekor sino katkemat hawean sekor.
432,True,15,2,14,14,0,,,"ne ene iki wa okay pe a= ne ru an h_i ka a= erampewtek no,"
433,True,6,2,5,5,0,,,"pon muneukaomap an wa oro ta,"
434,True,8,2,7,7,0,,,"a= kor ekasi a= kor huci i= resu,"
435,True,13,2,12,12,0,,,"ponpon no okere huci ekasi i= resu hine oka =an pe ne h_ike,"
436,True,10,2,9,9,0,,,"a= kor huci a= kor ekasi earkinne i= omap wa,"
437,True,7,2,6,6,0,,,sirkunne kor i= ukotumam w_a hotke =an.
438,True,11,2,10,10,0,,,"sittokap kor a= kor ekasi a= kor huci ekimne pa wa,"
439,True,12,2,11,11,0,,,"usa cikappo ... usa cikap usa isepo kor wa iwak pa wa,"
440,True,12,2,11,11,0,,,kapu kar pa wa ma wa i= ere pa kor oka =an.
441,True,9,2,8,8,0,,,orano uturu ta a= kor ekasi ene hawean h_i.
442,True,3,2,2,2,0,,,"“a= kor son,"
443,True,14,2,13,13,0,,,"nep ka aeyayramekotep oka yakne ani a= supa wa rur_ turano a= ipere p,"
444,True,9,2,8,8,0,,,ani suke =an pe ka isam pe ne kus
445,True,7,2,6,6,0,,,"imaype patek a= kor son a= kire."""
446,True,10,2,9,9,0,,,"sekor kane a= kor huci a= kor ekasi hawoka kor,"
447,True,4,2,3,3,0,,,"ora sirsak kor anakne,"
448,True,11,2,10,10,0,,,"kor ham ani, nay sam ta oka =an pe ne kus,"
449,True,7,2,6,6,0,,,"wakkata pa wa kor wa arki wa,"
450,True,15,2,14,14,0,,,"i= kure pa ipe =an kor ora kas un ki kor orano oka =an ayne,"
451,True,6,2,5,5,0,,,"a= kor ekasi ene hawean h_i,"
452,True,7,2,6,6,0,,,"“nep ka aeyayramekotep okay pe ne yak,"
453,True,10,2,9,9,0,,,"a= kor son, pon ku pon ay a= kore wa,"
454,True,3,2,2,2,0,,,"ani yayturasinot pe,"
455,True,8,2,7,7,0,,,nep ka aeyayramekotep ka isam pe ne kus
456,True,9,2,8,8,0,,,"ene a= kor son a= ikoytupare siri ene an."""
457,True,6,2,5,5,0,,,"sekor a= kor ekasi hawean korka,"
458,True,7,2,6,6,0,,,"ora ... orano kestoankor ekimne pa wa,"
459,True,10,2,9,9,0,,,cikappo ne ya isepo ne ya ronnu wa arki pa.
460,True,9,2,8,8,0,,,"imaype ani ukasuy ipe =an pe ne a p,"
461,True,4,2,3,3,0,,,"poro =an akusu orano,"
462,True,7,2,6,6,0,,,"“a= kor son a= iperusuyka yak wen."""
463,True,12,2,11,11,0,,,"sekor hawoka kor konto sinen a= ne i= ipere pa wa ora,"
464,True,22,2,21,21,0,,,"a= kor ekasi a= kor huci anak i= kasuy h_ine a= ma aep poka e pa ka somo ki pa p no,"
465,True,9,2,8,8,0,,,konto poro =an akus sinna i= hotkere pa hine
466,True,3,2,2,2,0,,,sinna hotke =an.
467,True,9,2,8,8,0,,,"mokor =an ka somo ki no an =an akus,"
468,True,12,2,11,11,0,,,"a= kor huci utar ehotke i un hemanta ekawnukawnu pa humas kusu,"
469,True,12,2,11,11,0,,,"ora ekimne pa isam okake ta arpa =an h_ine inkar =an akus,"
470,True,6,2,5,5,0,,,ermu sar ermu sapa ikirihi an.
471,True,18,2,17,17,0,,,"a= kor huci a= kor ekasi ehotke i, ehotke pa uske erupsike ta ki pa ruwe an y_akne,"
472,True,16,2,15,15,0,,,"somo aynu ne pa wa kus ne ruwe ne kuni a= ramu kor, orano oka =an"
473,True,11,2,10,10,0,,,orano ene a= kor huci a= kor ekasi ene hawean h_i.
474,True,10,2,9,9,0,,,"“aeyayramekotep oka wa ani a= kor son a= epakasnu yakun,"
475,True,15,2,14,14,0,,,"nep ka a= kor son kar pe a= e wa ora onne =an pa p,"
476,True,7,2,6,6,0,,,ene aeyayramekotep ka isam pe ne kusu
477,True,12,2,11,11,0,,,"nep ka a= kor son kar wa a= e ka somo ki."""
478,True,6,2,5,5,0,,,"oka =an pe ne a p,"
479,True,8,2,7,7,0,,,"sineanta a= kor ekasi utar ekimne hine ora,"
480,True,12,2,11,11,0,,,"iwak pa akus nep ka sak no iwak pa ruwe ne hine,"
481,True,7,2,6,6,0,,,"esiruyne pon_ saranip osurpa pa hine ora,"
482,True,8,2,7,7,0,,,toykohepututpa hine oka ruwe ne akus esoyne humas.
483,True,10,2,9,9,0,,,"soyne ... a= kor huci soyne ruwe ne akus ora,"
484,True,13,2,12,12,0,,,os … a= kor huci os aynu sekor a= ye p ne noyne
485,True,11,2,10,10,0,,,"oka… okkaypo sekor a= ye p ne noyne oka utar_ tun,"
486,True,9,2,8,8,0,,,"rupne sike ki hine ahup pa ruwe ne hine,"
487,True,10,2,9,9,0,,,"a= kor huci utar erankarap pa ruwe ne hine ora,"
488,True,6,2,5,5,0,,,konto nea poniwne noyne an h_ikehe
489,True,6,2,5,5,0,,,"sikehe kasi wa hemanta sanke hine,"
490,True,7,2,6,6,0,,,"nay or_ ta kor wa arpa hine,"
491,True,7,2,6,6,0,,,ani wakkata wa ek ruwe ne akus
492,True,6,2,5,5,0,,,a= kor ekasi ene hawean h_i.
493,True,13,2,12,12,0,,,"“tan pe anak su sekor a= ye p ne."" sekor, “a= kor son."""
494,True,8,2,7,7,0,,,"sekor a= kor ekasi hawean ruwe ne hine,"
495,True,7,2,6,6,0,,,"ora nep kam ne ruwe ne ya,"
496,True,9,2,8,8,0,,,"poronno su or o pa hine suke pa hine,"
497,True,8,2,7,7,0,,,oraun itanki ka se pa wa nen ...
498,True,12,2,11,11,0,,,hnta sapte pa ruwe ne akus a= kor ekasi ene hawean h_i.
499,True,11,2,10,10,0,,,"“tap anak itanki sekor a= ye pa p ne ruwe ne."""
500,True,9,2,8,8,0,,,"sekor a= kor ekasi hawean ruwe ne hine ora,"
501,True,8,2,7,7,0,,,a= kor ekasi hoskino nea okkaypo utar koypuni.
502,True,5,2,4,4,0,,,a= kor huci koypuni hine
503,True,10,2,9,9,0,,,orano a= kor ekasi anak aoypepi sirka ta anu wa
504,True,11,2,10,10,0,,,"tu suy onkami re suy onkami kor ki ayne, sorekusu ipe."
505,True,7,2,6,6,0,,,a= kor huci ne yakka etuhu karkar.
506,True,7,2,6,6,0,,,"etuhu karkar kor ipe ruwe ne hine,"
507,True,10,2,9,9,0,,,ora asinuma ka a= i= koypuni hine ipe =an akus
508,True,7,2,6,6,0,,,ineapkusun keraan humas y_a ka a= eramiskari.
509,True,8,2,7,7,0,,,"tanepo rur_ turano ipe =an pe ne kusu,"
510,True,10,2,9,9,0,,,ruwe ne hine oraun a= kor ekasi ene hawean h_i.
511,True,10,2,9,9,0,,,"“a= kor okkaypo utar kusu a= eci= arkire p anak,"
512,True,15,2,14,14,0,,,"tan kotan ta eci= onaha akihi tan uske ta tu irwak ne wa okay pe,"
513,True,12,2,11,11,0,,,"oraun `ir kur anak humnean ta oka kor wen pe ne kusu,"
514,True,13,2,12,12,0,,,"uoyak ta kotan a= kar wa oka =an yak unukar =an h_i ta,"
515,True,5,2,4,4,0,,,iramante oruspe ka a= ewkoysoytak.'
516,True,4,2,3,3,0,,,sekor eci= ona hawean.
517,True,14,2,13,13,0,,,"ora eci= ona akihi te ta kotan kar wa an ruwe ne a p,"
518,True,13,2,12,12,0,,,"Kusur wa topattumi ek h_ine topattumi ani kotan a= arustekka ruwe ne hine,"
519,True,10,2,9,9,0,,,"oraun tan a= kor son katkemat kamuy inawcipa kohokuste kor,"
520,True,10,2,9,9,0,,,"`a= hekote nispa nomi kamuy inne p ne nankor kusu,"
521,True,8,2,7,7,0,,,… nankor kusu kamuy resu wa i= kore.'
522,True,6,2,5,5,0,,,sekor kane hawean kor inawcipa kohokuste.
523,True,2,2,1,1,0,,,kamuy opitta
524,True,6,2,5,5,0,,,`hu_nna aynu hekaci aynu tennep sikaokuymare
525,True,3,2,2,2,0,,,sikaosomare rusuy wa.'
526,True,10,2,9,9,0,,,sekor haweoka kor yaykopuyarseske yaykoapaseske pa ruwe ne hine ora.
527,True,13,2,12,12,0,,,"konto eci= acaha kor cape, umurek cape a= ne hine oka =an pe,"
528,True,6,2,5,5,0,,,"konto aynu ne yaykar =an h_ine,"
529,True,14,2,13,13,0,,,"orano a= kor son a= resu ayne ta pakno an ruwe ne korka ora,"
530,True,14,2,13,13,0,,,kotan a= uhuyka pa uyna uweus h_ike uyna pa aeyayramekotep ne yakka ki pa
531,True,7,2,6,6,0,,,"orano, kotan a= uhuyka p ne kus"
532,True,10,2,9,9,0,,,"nep ka emeske pon_ su poka isam pe ne kus,"
533,True,13,2,12,12,0,,,"ene a= kor son suke =an wa a= ere hi ka isam wa,"
534,True,9,2,8,8,0,,,orano a= kor son sore… pon hi ne anakne
535,True,10,2,9,9,0,,,"usa okay pe a= kar wa ani a= parkoinunnunte ayne,"
536,True,4,2,3,3,0,,,ipe easkay orano anakne
537,True,17,2,16,16,0,,,na pewre =an pa h_i ta anakne ermu ne… ermu anakne a… yaykata a= e pa yakka
538,True,18,2,17,17,0,,,"usa cikap usa isepo cironnup ne yakka a= rayke wa, a= kor son kasuy a= e a korka,"
539,True,9,2,8,8,0,,,tane onne =an pa wa cikappo poka a= eomuken.
540,True,8,2,7,7,0,,,"onne =an pa p ne kus ki wa,"
541,True,9,2,8,8,0,,,"a= kor son a= iperusuyka a= erampokiwen wa kusu,"
542,True,9,2,8,8,0,,,kasuy imaype poka somo a= ki no oka =an.
543,True,5,2,4,4,0,,,"ora ermu a= ronnu wa,"
544,True,10,2,9,9,0,,,a= e humi a= kor son nukar … nu wa
545,True,11,2,10,10,0,,,orano a= ehotke h_i arpa wa nukar_ ruwe ka aeram ...
546,True,2,2,1,1,0,,,a= eraman.
547,True,12,2,11,11,0,,,orano po hene a= kor son a= erampokiwen kor inkar =an akus
548,True,5,2,4,4,0,,,"ecioka eci= oka wa kusu,"
549,True,9,2,8,8,0,,,"a= eci= yaynu ani eci= sap ruwe ne kusu,"
550,True,10,2,9,9,0,,,"nisatta an ciki eci= suke wa ipe =an ciki oraun,"
551,True,8,2,7,7,0,,,"puyar sikrap ka ta oka =an nankor kusu,"
552,True,13,2,12,12,0,,,usa eci= i= cotca wa eci= i= hopunpare. eci= i= kore p ne.
553,True,12,2,11,11,0,,,"ora a= kor son anakne sorekus a= epunkine kus kosne kosne wa,"
554,True,10,2,9,9,0,,,sorekus pakno nispa isam nispa a= kor son ne wa
555,True,6,2,5,5,0,,,"eci= epirka nankor kus ne na."""
556,True,7,2,6,6,0,,,sekor kane nea a= kor ekasi hawean.
557,True,12,2,11,11,0,,,"a= kor huci ka hotke okake ta ki ruwe ne hine oraun,"
558,True,6,2,5,5,0,,,"orano cis =an a =an a,"
559,True,12,2,11,11,0,,,“iteki a= kor son nisatta anakne iteki e= cis pe ne na.
560,True,4,2,3,3,0,,,a= e= epunkine ora.
561,True,10,2,9,9,0,,,`a= kor huci a= kor ekasi' sekor e= hawean kor
562,True,11,2,10,10,0,,,yuk ka kamuy ka nuwe e= koan. sorekusu ki nankor kusu
563,True,3,2,2,2,0,,,"i= imekkar yakne,"
564,True,8,2,7,7,0,,,"a= e= pirkare p ne ruwe ne na."""
565,True,6,2,5,5,0,,,"sekor a= kor ekasi hawean ora,"
566,True,8,2,7,7,0,,,cis =an a =an kor rewsioka =an h_ine
567,True,10,2,9,9,0,,,"suy nerok okkaypo utar kuneywa an y_ak suke pa hine,"
568,True,7,2,6,6,0,,,a= kor ekasi sorekus pirka uskehe kopunpa
569,True,8,2,7,7,0,,,orano a= kor ekasi onkami a onkami a.
570,True,11,2,10,10,0,,,a= kor huci ne yakka etuhu karkar kor ipe oka an.
571,True,12,2,11,11,0,,,"asinuma ka ne okkaypo utar ka ipe okerpa ruwe ne akus ora,"
572,True,6,2,5,5,0,,,a= kor ekasi hoskino arpa hine
573,True,13,2,12,12,0,,,"poro puyar sikrap ka ta, puyar sikrap ka ta an ruwe ne akus,"
574,True,14,2,13,13,0,,,"os a= kor huci arpa hine suy cape, onne okere cape ne pa hine,"
575,True,8,2,7,7,0,,,"puyar sikrap ka ta oka ruwe ne akusu,"
576,True,5,2,4,4,0,,,"kiyanne okkaypo a= ekasihi cotca,"
577,True,6,2,5,5,0,,,"poniwne okkaypo a= suci cotca orano,"
578,True,4,2,3,3,0,,,"“a= ekasi, a= suci."""
579,True,7,2,6,6,0,,,"sekor hawean =an kor paraparak =an h_ikeka,"
580,True,3,2,2,2,0,,,"nea okkaypo utar,"
581,True,13,2,12,12,0,,,"“somo e= cis kuni ekasi ye a p hnta e= ciskar h_aw an."""
582,True,6,2,5,5,0,,,"sekor haweoka kor ki hine ora,"
583,True,12,2,11,11,0,,,a= kor ekasi a= kor huci inawke rok ke rok pa hine
584,True,12,2,11,11,0,,,"kam pirka hi cep pirka hi turano hopunpare pa ruwe ne hine,"
585,True,11,2,10,10,0,,,orano konto ne toho ta ne a= uni ta rewsi =an.
586,True,6,2,5,5,0,,,ora isimne nea o… okkaypo utar_
587,True,8,2,7,7,0,,,"tane apkas ka a= enitan pe ne kus,"
588,True,5,2,4,4,0,,,"a= tura pa hine orano,"
589,True,8,2,7,7,0,,,"pet turasi paye =an pa ruwe ne akusu,"
590,True,10,2,9,9,0,,,"siranke p ne an h_ine tunasno sirepa =an pa hine,"
591,True,6,2,5,5,0,,,"nani kotan noski ta ahup pa,"
592,True,7,2,6,6,0,,,"“hokure hokure ahun =an yak pirka pirka."""
593,True,8,2,7,7,0,,,"sekor haweoka hine ahun =an ruwe ne akus,"
594,True,8,2,7,7,0,,,"caca kamuy ka rupnemat kamuy ka an h_ine,"
595,True,9,2,8,8,0,,,"“hinak wa iiyomapka an hekaci eci= tura ruwe an."""
596,True,3,2,2,2,0,,,"sekor hawean wa,"
597,True,5,2,4,4,0,,,"poro a= yupi onaha kopasrota,"
598,True,12,2,11,11,0,,,"“a= ona sorekus a= aca kotanuhu topattumi oyan h_i a= ye yakka,"
599,True,4,2,3,3,0,,,apkas ka somo ki.
600,True,8,2,7,7,0,,,"apkasrusuy =an wa sapte =an ruwe ne akusu,"
601,True,13,2,12,12,0,,,sorekus onne cape onne huci resu wa sorekus an. a= pa ruwe ne.
602,True,2,2,1,1,0,,,"a= wenonaha."""
603,True,10,2,9,9,0,,,"sekor haweoka ruwe ne kor onaha kopasrotatpa ruwe ne akusu,"
604,True,9,2,8,8,0,,,“apkas =an h_ikeka katuhu ka a= erampewtek wa kusu.
605,True,6,2,5,5,0,,,sinnurappa =an y_akne tuymano oka yakka
606,True,9,2,8,8,0,,,"sinrit or_ ta a= eramuan pe ne wa kusu,"
607,True,5,2,4,4,0,,,icarpa =an anak ki awa
608,True,15,2,14,14,0,,,"kamuy okay pe sone kus, a= kor son siknu a= nukar hawe ene an h_i."""
609,True,8,2,7,7,0,,,"sekor hawoka kor, i= ka ta ukoparaparak pa."
610,True,7,2,6,6,0,,,katkemat ne ya menoko ne ya uekarpa.
611,True,6,2,5,5,0,,,onispane uekarpa wa kusu i= yaykomuraypa.
612,True,12,2,11,11,0,,,"cise kor katkemat cise kor_ nispa, onne nispa i= yaykomuraypa pa kor"
613,True,11,2,10,10,0,,,"orano, ki ruwe ne orano an =an siri ene an h_i."
614,True,14,2,13,13,0,,,"orano sorekus menoko ka a= yuputari matakutari ka tun an pe ne an wa,"
615,True,7,2,6,6,0,,,pirka amip kar wa i= mire pa.
616,True,10,2,9,9,0,,,ineapkusun i= omap wa iki pa ya ka a= eramiskari.
617,True,6,2,5,5,0,,,sirkunne kor a= yuputari i= ukoeunarpa.
618,True,11,2,10,10,0,,,"i= tumam kusu i= ukoeunarpa kor orano a= i= pirkakor orano,"
619,True,3,2,2,2,0,,,tane apkasenitan =an.
620,True,10,2,9,9,0,,,"nep ka a= kar yakun a= enitan pe ne kus,"
621,True,7,2,6,6,0,,,"a= sautari iyuta kor, a= tunaskor orano,"
622,True,12,2,11,11,0,,,"“a= kor son, a= aktonoke, sorekus somo i= kasuy yakka pirka p"
623,True,7,2,6,6,0,,,"ene ene nen poka nepki rusuy."" sekor."
624,True,6,2,5,5,0,,,"nina pa kor a= tura wa,"
625,True,4,2,3,3,0,,,nisike =an nina =an
626,True,9,2,8,8,0,,,ineapkusun nepkieaskay =an wa iki =an y_akka yuptek =an.
627,True,9,2,8,8,0,,,"sorekus pak yuptek kur isam pe a= ne wa,"
628,True,14,2,13,13,0,,,"ki rapokke poro =an h_i orano a= yuputari a= tura wa ekimne =an kor,"
629,True,2,2,1,1,0,,,"a= yuputari,"
630,True,8,2,7,7,0,,,"“tap a= akihi kuwehe tap ne ruwe ne."""
631,True,6,2,5,5,0,,,"sekor haweoka kor kuari pa kor,"
632,True,4,2,3,3,0,,,kuneywa paye =an kor
633,True,13,2,12,12,0,,,"po hene a= kuwehe po hene yuk ka kamuy ka us kor, orano"
634,True,9,2,8,8,0,,,"""neun tek a= akihi iki yakka a= eyaykopuntek pe"
635,True,10,2,9,9,0,,,ene ison hene pirka hene ki siri an h_i an.
636,True,5,2,4,4,0,,,"sekor a= yuputari haweoka kor,"
637,True,6,2,5,5,0,,,"heru iri takup ki pa wa,"
638,True,6,2,5,5,0,,,"a= se wa iwak =an kor,"
639,True,12,2,11,11,0,,,"orano a= acaha sorekus i= henkotpa i= ekopuntek a i= kopuntek a,"
640,True,9,2,8,8,0,,,a= unarpehe ne yakka ki kor orano oka =an.
641,True,15,2,14,14,0,,,nep a= e rusuy ka nep a= kor_ rusuy ka somo ki no oka =an.
642,True,5,2,4,4,0,,,oraun yaykata iramante =an h_i
643,True,11,2,10,10,0,,,"orano soy ta san a= kar wa iwak =an kor pisno,"
644,True,10,2,9,9,0,,,"“a= kor huci a= kor ekasi a= imekkar siri ne."""
645,True,4,2,3,3,0,,,"sekor hawean =an kor,"
646,True,7,2,6,6,0,,,"a= ari kor oar isam h_i anak,"
647,True,13,2,12,12,0,,,"a= kor huci a= kor ekasi uyna wa ne kuni a= ramu kusu,"
648,True,5,2,4,4,0,,,a= kemaha kosne kosne wa
649,True,13,2,12,12,0,,,"nep a= kar yakka apkas hene a= ki kor orano oka =an ayne,"
650,True,7,2,6,6,0,,,"a= yuputari ka matkor wa sinna oka,"
651,True,4,2,3,3,0,,,"orano a= aca anakne,"
652,True,13,2,12,12,0,,,"“a= kor son sorekus a= eoripak yakka i= koyantone pe ne ruwe ne."""
653,True,6,2,5,5,0,,,"sekor kane hawean pe ne kus,"
654,True,10,2,9,9,0,,,ora pirka menoko a= yuputari etun wa i= korpare hine
655,True,4,2,3,3,0,,,a= aca arsoke an.
656,True,8,2,7,7,0,,,a= sautari ka yayramekotpa sinna sinna oka =an.
657,True,4,2,3,3,0,,,ora pokor =an yakka
658,True,10,2,9,9,0,,,"a= yuputari anak yaykata poutari omap ka somo ki no,"
659,True,6,2,5,5,0,,,a= poutari patek i= koomap pa.
660,True,6,2,5,5,0,,,kotan kor utar i= tukari emawrarpa.
661,True,11,2,10,10,0,,,"nep a= e rusuy nep a= e rusuy somo ki no,"
662,True,8,2,7,7,0,,,"sorekusu pakno nispa isam nispa a= ne wa,"
663,True,18,2,17,17,0,,,a= kor huci a= kor ekasi a= eikra wa i= sermak us pa wa ne kuni a= ramu.
664,True,6,2,5,5,0,,,nep a= sitoma ka somo ki.
665,True,7,2,6,6,0,,,"a= kor_ rusuy ka somo ki no,"
666,True,5,2,4,4,0,,,a= poutari rupne pa wa
667,True,10,2,9,9,0,,,"a= poutari i= piskani e… emurse kane iki pa rapokkehe,"
668,True,9,2,8,8,0,,,"a= yuputari ka paha rupne pa p ne kusu,"
669,True,4,2,3,3,0,,,poutari ka rupne pa.
670,True,9,2,8,8,0,,,"yayramekotpa siri ka nukar pa p ihoppa okake ta,"
671,True,7,2,6,6,0,,,"iyosno kane asinuma anakne kotanhoppa mosirhoppa =an,"
672,True,13,2,12,12,0,,,"a= acautari ka onne okake ta ki siri ene an h_i ne kusu,"
673,True,5,2,4,4,0,,,"tapne kane an pe kusu,"
674,True,13,2,12,12,0,,,"cape umurek i= resu kuskeraypo siknu p a= ne ruwe ne ora rapokkehe,"
675,True,12,2,11,11,0,,,"Kusur emko un topattumi kusu paye =an kunak a= ramu a korka,"
676,True,12,2,11,11,0,,,"paye =an ka somo ki rapokke sisam irenka an wa somo no,"
677,True,9,2,8,8,0,,,"tane onne =an siri ene an h_i ne kusu,"
678,True,8,2,7,7,0,,,ikiankunak wen puri a= kor pe ne kus
679,True,16,2,15,15,0,,,"a= poutarihi tapne an pe a= onaha i= ye sekor, ika eci= hawoka kor eci …"
680,True,10,2,9,9,0,,,"topattumi sekor a= ye p anak a= sitoma p ne,"
681,True,14,2,13,13,0,,,"moyre yakka konto, nea wen kewtum i= kohosipi wa a= sitoma p ne na."
682,True,6,2,5,5,0,,,ikiankunak a= poutari topattumi epaye na.
683,True,7,2,6,6,0,,,kotan kes ta wenkur okkaypo sinen an.
684,True,8,2,7,7,0,,,kotan pa ta wenkur okkaypo sinen an h_ine
685,True,10,2,9,9,0,,,"siran ruwe ne akusu, kotankorkur macihi isam ruwe ne akusu,"
686,True,14,2,13,13,0,,,"""po ka a= sak no mat suwop a= kor h_ike, hnna kor pe an."""
687,True,4,2,3,3,0,,,"sekor kotankonnispa hawean kor,"
688,True,17,2,16,16,0,,,"macihi kor macikor utar opitta koosura yak a= ye hi a= nu kor oka =an a p,"
689,True,7,2,6,6,0,,,"kotan pa un wenkur okkaypo ek h_ine,"
690,True,10,2,9,9,0,,,"""a= kor kotan kes un wenkur okkaypo, kotan noski ..."
691,True,9,2,8,8,0,,,"kotankorkur macihi, macikor opitta koosura yak a= ye kusu,"
692,True,7,2,6,6,0,,,"paye =an wa, a= pusu wa, yakne"
693,True,4,2,3,3,0,,,"macikor a= kor yak,"
694,True,8,2,7,7,0,,,"ika mat poka a= kor kusu, i= tura."""
695,True,5,2,4,4,0,,,sekor hawean. a= sitoma wa
696,True,8,2,7,7,0,,,"a= kopan yakka nu hawe ka isam no,"
697,True,7,2,6,6,0,,,kotan pa un wenkur okkaypo i= siren.
698,True,3,2,2,2,0,,,"isitoma =an kusu,"
699,True,6,2,5,5,0,,,"""asinuma anak hemanta ne macikor oka."""
700,True,6,2,5,5,0,,,"sekor hawean =an kor ki yakka,"
701,True,16,2,15,15,0,,,"""i= sam ta e= an poka ki wa i= kore yakne, ne tusir a= ouri wa"
702,True,6,2,5,5,0,,,oraun ne macikor a= uk yak
703,True,6,2,5,5,0,,,"a= e= kousaraye kusu ne kus."""
704,True,3,2,2,2,0,,,"sekor hawean korka,"
705,True,10,2,9,9,0,,,"""asinuma anak macikor ka a= kor_ rusuy ka somo ki."""
706,True,9,2,8,8,0,,,"sekor hawean =an yakka i= siren pe ne kusu,"
707,True,7,2,6,6,0,,,"tusir or_ ta paye =an h_ine orano,"
708,True,7,2,6,6,0,,,nea kotankonnispa macihi tusiri asir_ tusiri ouri.
709,True,9,2,8,8,0,,,"asir_ ... asinuma anak isitoma =an pe ne kusu,"
710,True,10,2,9,9,0,,,"tuyma no an =an hine an =an ruwe ne akusu,"
711,True,9,2,8,8,0,,,"tusir ouri akusu ora tusir oro a= kisma h_ine,"
712,True,9,2,8,8,0,,,"tusir or wa oasin eaykap ruwe ne orano, sorekusu,"
713,True,7,2,6,6,0,,,"""i= ka opiwki."" sekor i= ye korka."
714,True,6,2,5,5,0,,,"isitoma =an pe ne kus, ..."
715,True,5,2,4,4,0,,,isitoma =an pe ne kusu
716,True,10,2,9,9,0,,,"asinuma anakne, sama ta arpa =an ka somo ki orano,"
717,True,9,2,8,8,0,,,"isitoma =an wa tususke =an kor an =an ayne,"
718,True,11,2,10,10,0,,,"kotan or un hopunpa utar oka wa, kotan epitta supuya at."
719,True,13,2,12,12,0,,,"kotan noski un kotankonnispa ka macihi ray ora yaykoan w_a an pe ne,"
720,True,6,2,5,5,0,,,"eun ka supuya a= atte kusu,"
721,True,7,2,6,6,0,,,a= esina ka eaykap pe ne kusu
722,True,6,2,5,5,0,,,suy tususke =an kor arpa =an
723,True,6,2,5,5,0,,,ne kotankonnispa oro ta ahun =an.
724,True,10,2,9,9,0,,,"apa sam ta a =an, tususke =an h_ine ki akusu,"
725,True,4,2,3,3,0,,,kotankonnispa ene hawean h_i.
726,True,3,2,2,2,0,,,"""hnta e= kar?"
727,True,8,2,7,7,0,,,"a= kor wenkur okkaypo moyreko e= ahun siran."""
728,True,11,2,10,10,0,,,"sekor kane hawean. a= i= nukar pe ora hawean h_i kusu,"
729,True,5,2,4,4,0,,,"""tapne kane ne ruwe ne."""
730,True,10,2,9,9,0,,,"sekor hawean =an akusu orano, pasrota a pasrota a kor,"
731,True,8,2,7,7,0,,,"""ape sam un a a"" sekor i= ye."
732,True,5,2,4,4,0,,,"isitoma =an pe ne kusu,"
733,True,10,2,9,9,0,,,"ape sam ta arpa =an ka a= sitoma p orano,"
734,True,15,2,14,14,0,,,"ape sam i= ekte hi kusu ape sam ta reyereye =an h_ine, arpa =an h_ine"
735,True,10,2,9,9,0,,,"a =an ruwe ne akusu, suke hine i= ipere hi"
736,True,6,2,5,5,0,,,"""hokure ipe ipe."" sekor hawean kor"
737,True,6,2,5,5,0,,,"i= ipere hine ora soyene hine,"
738,True,6,2,5,5,0,,,kotan epitta ye ruwe ne hine
739,True,6,2,5,5,0,,,"ora, konto aynu opitta uwekarpa hine,"
740,True,7,2,6,6,0,,,"ne tusir or_ ta paye =an orano,"
741,True,9,2,8,8,0,,,"kotankonnispa utarehoski wa uhorippare pa sorekusu ki rok ayne,"
742,True,9,2,8,8,0,,,"nea wenkur tusir oro oasin a= ukokopasrota kor oraun,"
743,True,9,2,8,8,0,,,tusir ene an a h_i neno kar pa hine
744,True,6,2,5,5,0,,,"ora hosippa =an ruwe ne akusu,"
745,True,7,2,6,6,0,,,"""a= kor nispa utar a= utari utar"
746,True,12,2,11,11,0,,,"iteki uni unno paye no, i= or_ ta sini pa yak pirka."""
747,True,11,2,10,10,0,,,"sekor kane nea kotankonnispa hawean ruwe ne akusu ... h_ine ora,"
748,True,8,2,7,7,0,,,"""wenkur okkaypo ka i= tura."" sekor haw… hawean,"
749,True,10,2,9,9,0,,,"kotankonnispa ki p ne kusu, isitoma =an pe ne korka,"
750,True,11,2,10,10,0,,,"a= tura hine cise or_ ta paye =an ruwe ne kus,"
751,True,9,2,8,8,0,,,"konto a= utari utar a= eoripak h_i ka kusu,"
752,True,7,2,6,6,0,,,"""aep a= uwekarpare wa suke =an wa"
753,True,13,2,12,12,0,,,"asirkinne a= macihi a= oitakkote yak easir kamuy oarpa p ne ruwe ne."""
754,True,6,2,5,5,0,,,"sekor_ nea kotankonnispa hawean kor ora,"
755,True,7,2,6,6,0,,,"kotan kor utar aep uwekarpare pa hine,"
756,True,7,2,6,6,0,,,"suke pa hine orano kotankonnispa yayteknata orano,"
757,True,15,2,14,14,0,,,a= hekote katkemat kotcake un kamuy or un sinrit or un apunno arpa kuni ye.
758,True,7,2,6,6,0,,,"""wenkur irammokka wenkur ki p ne kusu"
759,True,7,2,6,6,0,,,"a= kor katkemat ka a= yaynikorosmare kus."""
760,True,9,2,8,8,0,,,"sekor kane hawean kor ki ruwe ne hine orano,"
761,True,10,2,9,9,0,,,"aynu opitta konto soyenpa kusu ne akus, ene hawean h_i."
762,True,14,2,13,13,0,,,"""a= kor wenkur okkaypo a= uni ta a= anu wa a= sikaoykire kusu ne"
763,True,6,2,5,5,0,,,"a= utari wen ruwe an?"" sekor,"
764,True,7,2,6,6,0,,,"""pirka. makanak an h_i wen pe an."
765,True,10,2,9,9,0,,,"kewtum pirka sorekusu wa aynu pirka p ne wa kusu,"
766,True,7,2,6,6,0,,,"somo eikasuy no easurani ruwe ne p."""
767,True,10,2,9,9,0,,,"sekor hawoka hine, ora konto aynu opitta soyenpa akusu ora,"
768,True,7,2,6,6,0,,,kotankonnispa a= sapaha kar a= nanuhu kar
769,True,7,2,6,6,0,,,pirka amip sapte wa i= mire aku
770,True,7,2,6,6,0,,,"pirka aynu a= ne hum as. orano,"
771,True,15,2,14,14,0,,,"""tap neno suke =an tap neno aep a= kar tap neno ki p ne na."""
772,True,5,2,4,4,0,,,sekor hawean kor i= epakasnu.
773,True,5,2,4,4,0,,,"yaykata poho ne i= eynonnoytak,"
774,True,10,2,9,9,0,,,"orano nina ne ya wakkata ne ya a= ki ora,"
775,True,11,2,10,10,0,,,"kimun or un a= tura wa kim ta paye =an wa,"
776,True,10,2,9,9,0,,,"""tan pe a= poho ne ruwe ne."" sekor hawean kor"
777,True,6,2,5,5,0,,,i= eynonnoytak hawe as pe ne.
778,True,12,2,11,11,0,,,"""tan pe a= poho kuwehe ne."" sekor hawean kor kuwari ruwe ne."
779,True,7,2,6,6,0,,,"ne a= kuwehe isimne paye =an akus,"
780,True,16,2,15,15,0,,,"a= kuwehe po hene yuk ka kamuy ka oro ta ray wa oka ruwe ne, orano,"
781,True,10,2,9,9,0,,,"""neun tek a= kor son iki yakka a= eyaykopuntek pe."""
782,True,11,2,10,10,0,,,"sekor konto ona ne a= ye kunak ye p ne kus,"
783,True,8,2,7,7,0,,,"a= onaha ne yak a= ye kor orano,"
784,True,7,2,6,6,0,,,ki wa asa ... ekimne =an wa
785,True,10,2,9,9,0,,,"iwak =an kor wakkata =an nina =an suke =an wa,"
786,True,11,2,10,10,0,,,nea a= ona somo nep tekehe kere kuni ne iki =an.
787,True,7,2,6,6,0,,,"a= tura kane i= tura kane wa,"
788,True,10,2,9,9,0,,,"""tap neno kamuynomi =an tap neno ki p ne na."""
789,True,10,2,9,9,0,,,"sekor i= epakasnu kor orano oka =an ruwe ne akus,"
790,True,17,2,16,16,0,,,"sorekusu wenkur a= ne wa, ""wenkur okkaypo."" sekor a= i= ye p ne a korka soreku ..."
791,True,11,2,10,10,0,,,"nep nen eirpak sir isam no, sorekusu arikiki =an pe ne."
792,True,11,2,10,10,0,,,pirka menoko etun h_ine i= kore hine arsoke? an ruwe ne.
793,True,12,2,11,11,0,,,orano sorekusu a= kor... a= ona somo ekimne somo nep kar yakka
794,True,14,2,13,13,0,,,"a= ona kasi a= oyki p ne kus, ""iteki ekimne."" sekor a= ye kor"
795,True,14,2,13,13,0,,,"ekimne =an wa i= etok un cin ne ya nennen iki kor an wa,"
796,True,9,2,8,8,0,,,"a= macihi pak yuptek pe isam pe ne h_ine,"
797,True,5,2,4,4,0,,,a= ewtanne hine nani pokor.
798,True,13,2,12,12,0,,,"okkayo hekaci kor_ ruwe ne akusu, orano nea a= ona ene hawean h_i."
799,True,14,2,13,13,0,,,"""a= kor katkemat siknu wa an a ciki makanak eyaykopuntek pe sinen a= ne"
800,True,6,2,5,5,0,,,wen =an sirihi siknu =an wa
801,True,13,2,12,12,0,,,ene iyomap ne manu p ene a= hekote katkemat eykoytupa p ene an_
802,True,8,2,7,7,0,,,"sinen ne, iyomap =an h_umi an h_i an?"""
803,True,3,2,2,2,0,,,sekor hawean kor
804,True,10,2,9,9,0,,,"""ne wenkur okkaypo eun anakne iteki arpa =an yak pirka."
805,True,3,2,2,2,0,,,"wenkurkoturse =an kus."""
806,True,13,2,12,12,0,,,"sekor a= i= ye p ne kusu, arpa =an ka somo ki korka,"
807,True,14,2,13,13,0,,,"orano po hene nea wenkur okkaypo yayipere ka eaykap kor an yak a= ye,"
808,True,12,2,11,11,0,,,orano sorekusu pak ison kur isam kur a= ne p ne kusu
809,True,7,2,6,6,0,,,a= i= aynukor kotan or_ ta ki.
810,True,12,2,11,11,0,,,orano marattokor =an kor onne utar_ ne yakka opitta a= tak wa
811,True,7,2,6,6,0,,,a= ipere. a= i= kor p ae...
812,True,7,2,6,6,0,,,"aep a= korpare pa p ne kusu,"
813,True,11,2,10,10,0,,,"ene ""wenkur okkaypo"" sekor a= i= ye p ne a korka,"
814,True,9,2,8,8,0,,,sorekusu i= eirpak pe isam w_a a= kor ...
815,True,6,2,5,5,0,,,a= hekote a= onaha sorekusu eyaykopuntek.
816,True,8,2,7,7,0,,,"""a= kor katkemat siknu wa an a ciki"
817,True,8,2,7,7,0,,,"makanak eyaykopuntek pe, sinen a= ne h_ine ki."""
818,True,6,2,5,5,0,,,"sekor hawean kor orano oka =an,"
819,True,13,2,12,12,0,,,"rapokke, matkaci or_ ta okkayo or_ ta nuwe a= koan pe ne kusu,"
820,True,12,2,11,11,0,,,"orano ne a= ona i= koiomap wa pakkay kane, na sirkunne kor"
821,True,11,2,10,10,0,,,a= kor son utar tumam ne ya nennen iki kor an.
822,True,14,2,13,13,0,,,"oka =an ruwe ne a orano, ene wenkur a= ne p ne a korka,"
823,True,12,2,11,11,0,,,"ki rapokke a= ona onne ... a= kor son utar_ rupne wa,"
824,True,15,2,14,14,0,,,"mat ka kor pa. oraun a= matnepo utar ka nispa or peka a= korar wa,"
825,True,10,2,9,9,0,,,oro peka a= ona sinewe ne ya ki kor oka.
826,True,15,2,14,14,0,,,mippo ka mippo kar pa p ka a= ona e pakno siknu ruwe ne hine
827,True,8,2,7,7,0,,,"orano konto, orano anakne onne hi orano anakne"
828,True,7,2,6,6,0,,,ehotke h_i a= kar wa oro ta
829,True,7,2,6,6,0,,,e kuni pak hapunno a= supa wa
830,True,6,2,5,5,0,,,paro a= o wa a= ere.
831,True,12,2,11,11,0,,,"orano ""ene a= eykoytupa p po ne manu p ne a wa,"
832,True,8,2,7,7,0,,,"ene a= i= pirkakor humi an h_i an?"""
833,True,8,2,7,7,0,,,"sekor hawean kor, ki kor oka =an ayne,"
834,True,6,2,5,5,0,,,"a= ona i= hoppa okake ta,"
835,True,11,2,10,10,0,,,sorekusu a= kor son utar sorekusu inne a= kor son utar
836,True,10,2,9,9,0,,,"hinaoka h_ike urapokkari siri isam no iki pa rok ayne,"
837,True,9,2,8,8,0,,,"asinuma ka onne =an tane ki sin ne kus,"
838,True,7,2,6,6,0,,,"""a= poutari, wenkur a= ne a p"
839,True,9,2,8,8,0,,,"ora, nispa a= ne pirka =an sekor hawoka kor"
840,True,20,2,19,19,0,,,"ne yakne sorekusu at ... wenkur ne rok pa p nispa oro eot pa ora sekor a= i= ye kusu,"
841,True,7,2,6,6,0,,,ikiankunak a= poutari nen ka hawoka no
842,True,12,2,11,11,0,,,yayipere eaykap pa p a= ipere e ... aep a= korpare kor
843,True,7,2,6,6,0,,,"easir kamuy i= kohosarpa p ne kusu,"
844,True,8,2,7,7,0,,,"neno a= utari iki =an sir_ neno kane,"
845,True,11,2,10,10,0,,,"a= utari asinuma anakne atpake ta wen =an wenkur a= ne,"
846,True,12,2,11,11,0,,,ona ka unu ka sak pe a= ne wa ikoytupa =an wa
847,True,10,2,9,9,0,,,"'wenkur okkaypo.' sekor a= i= ye p ne a korka,"
848,True,4,2,3,3,0,,,a= kewtumu pirka kus
849,True,7,2,6,6,0,,,"kotankonnispa po ne i= kor wa kusukeray,"
850,True,15,2,14,14,0,,,"tap neno po ne i= eynonnoytak wa kuskeray tap neno iki =an sin ne kusu,"
851,True,9,2,8,8,0,,,"a= poutari ikiankunak wen puri kor pa no, sorekusu"
852,True,8,2,7,7,0,,,sinrit or un ekasnurappa hucinurappa matnepo‐utari ki yak
853,True,5,2,4,4,0,,,"easir pirka p ne kus."""
854,True,10,2,9,9,0,,,sekor a= matnepoutari a= poutari a= kaspaotte kor onne =an.
855,True,5,2,4,4,0,,,sekor sino nispa hawean sekor.
856,True,17,2,16,16,0,,,"a= kor huci ... ne ene iki wa okay pe a= ne hi ka a= eramiskari no,"
857,True,14,2,13,13,0,,,pon cise an h_ine oro ta a= kor huci i= resu hine oka =an.
858,True,7,2,6,6,0,,,hine a= kor huci sinotcaki kor wakkata.
859,True,5,2,4,4,0,,,"sinotcaki kor su... suke h_ike,"
860,True,16,2,15,15,0,,,ineapkusun a= kor huci paroaskay wa hawe an y_a ka a= eramiskari kor oka =an ayne
861,True,4,2,3,3,0,,,"ponno poro =an akus,"
862,True,11,2,10,10,0,,,a= kor huci cis kor wakkata cis kor suke hine an.
863,True,8,2,7,7,0,,,nep kar yakka cis kor ki hine an.
864,True,6,2,5,5,0,,,"ne ... eun yaysikarun =an h_i,"
865,True,8,2,7,7,0,,,orano a= kor huci a= tura kane wa
866,True,11,2,10,10,0,,,"soy peka kina rataskep mun rataskep a= kor huci kar kor,"
867,True,5,2,4,4,0,,,a= kasuy wa a= kar.
868,True,13,2,12,12,0,,,"oraun nep ne ruwe ne ya pon cikuni a= kor huci tuypa wa,"
869,True,15,2,14,14,0,,,"ani ... si poro nay an wa nay sam ta oka =an pe ne kusu,"
870,True,3,2,2,2,0,,,ani ki kor_
871,True,6,2,5,5,0,,,"""rawomap sekor a= ye p ne."""
872,True,8,2,7,7,0,,,"sekor a= kor huci hawean kor ki kor,"
873,True,14,2,13,13,0,,,"oro ceppo esik kor orano tuye kar a tuye kar a wa ma wa,"
874,True,9,2,8,8,0,,,"ki ka o ne ya cise tomo etararpare wa,"
875,True,5,2,4,4,0,,,"mata a= e kuni p,"
876,True,12,2,11,11,0,,,kina rataskep ne yakka nep ne yakka a= kor huci kar wa
877,True,10,2,9,9,0,,,supa kor pirka uske i= ere kor orano oka =an.
878,False,14,2,13,12,1,hi,huci hat,"orano anakne ne… poro =an h_i orano a= kor huci hat cise an wa,"
879,True,9,2,8,8,0,,,"hat kar wa ne hat ... rassaranip kar wa,"
880,True,12,2,11,11,0,,,oro omare wa mata ka hat a= e kor patek an =an.
881,True,6,2,5,5,0,,,"hat poronno okay pe ne kusu,"
882,True,11,2,10,10,0,,,"hat a= e kor an =an ayne poro =an hi orano,"
883,True,7,2,6,6,0,,,"a= kor huci onne hi orano anakne,"
884,True,19,2,18,18,0,,,"soy peka a= kor huci ene iki wa a= nukar h_i neno rawomapkar =an wa ceppo a= koyki wa,"
885,True,6,2,5,5,0,,,"kor wa ahun =an kor orano,"
886,True,10,2,9,9,0,,,"""tewano a= kor oper kar pe sinen ne a= e."""
887,True,17,2,16,16,0,,,"sekor a= kor huci hawean kor ceptuy kar a kar a kar a wa a= ma wa,"
888,True,7,2,6,6,0,,,"ki ka o ne ya a= sitomeusi,"
889,True,12,2,11,11,0,,,"cise tumam or peka ki kor oka =an ruwe ne a p,"
890,True,6,2,5,5,0,,,"""wen =an sirihi siknu =an wa,"
891,True,11,2,10,10,0,,,"a= kor oper kar pe tewano a= e humi ene an."""
892,True,6,2,5,5,0,,,"sekor a= kor huci hawean kor,"
893,True,11,2,10,10,0,,,"cis a cis a kor oka =an pe ne a p,"
894,True,17,2,16,16,0,,,"a= kor huci oro oypepi omare, hat punkar hat kap kar wa ani pon_ saranip kar wa,"
895,True,13,2,12,12,0,,,"oro oypepi omare wa siyuturu wa atte wa an a p ne awa,"
896,True,8,2,7,7,0,,,hat pon_ saranip suwat oro wa turse hine
897,True,4,2,3,3,0,,,rorunso or_ ta terketerke.
898,True,7,2,6,6,0,,,"nea pon_ saranip ki ruwe ne akusu,"
899,True,2,2,1,1,0,,,"a= suci,"
900,True,8,2,7,7,0,,,"""suy, nep ka oka kunak ramu pa wa,"
901,True,6,2,5,5,0,,,"nep ka arki kusu ne wa,"
902,True,9,2,8,8,0,,,"a= kor hat punkar saranip i= pirma sinne nankor."""
903,True,12,2,11,11,0,,,"sekor a= kor huci hawean kor pasrota kor, konto a= kor huci,"
904,True,7,2,6,6,0,,,"""hetak tunasno suke =an wa ipe =an."
905,True,8,2,7,7,0,,,a= kor oper e= suke wa ipe =an.
906,True,10,2,9,9,0,,,"kira =an ... eun kira =an hi ka isam kusu,"
907,True,12,2,11,11,0,,,"suke wa ipe =an ciki ora neno oka =an pe ne na."""
908,True,7,2,6,6,0,,,"sekor a= kor huci hawean kor konto,"
909,True,12,2,11,11,0,,,"""arpa =an wa hat punkar a= tuye wa ek =an yak pirka."""
910,True,2,2,1,1,0,,,"sekor kane,"
911,True,8,2,7,7,0,,,"""hat cise a= uni soyke ta an wa,"
912,True,14,2,13,13,0,,,"ne hat cise corpok a= kor huci sirsak kor otuye a otuye a wa,"
913,True,12,2,11,11,0,,,"hat o kor orano a= kar wa a= e p ne kusu,"
914,True,9,2,8,8,0,,,"hat punkar a= tuye wa ek =an yak pirka."""
915,True,2,2,1,1,0,,,sekor hawean.
916,True,10,2,9,9,0,,,"hat punkar a= tuye hine ek =an ruwe ne akus,"
917,True,8,2,7,7,0,,,"hat iwan karip a= kor huci kar h_ine,"
918,True,10,2,9,9,0,,,"oraun poro puyar or_ ta kasi tup a= atte wa,"
919,True,7,2,6,6,0,,,puyar harkiso wa puyar siso wa ki.
920,True,1,2,1,1,0,,,"ora,"
921,True,2,2,1,1,0,,,“puyar ...
922,True,8,2,7,7,0,,,itomunpuyar or_ ta ka a= racitkere yak pirka.
923,True,7,2,6,6,0,,,ora apapa ta ne yakka a= racitkere.
924,True,8,2,7,7,0,,,"soy un apapa ta ka ki yak pirka."""
925,True,5,2,4,4,0,,,sekor a= kor huci hawean.
926,True,5,2,4,4,0,,,"a= racitkere ruwe ne akusu,"
927,True,10,2,9,9,0,,,ora a= kor huci hopuni hine soyene hine sem ...
928,True,12,2,11,11,0,,,"sem uturu wano ... sem apa otkeotke kor pewtanke kor ahun hine,"
929,True,8,2,7,7,0,,,siso ... cise onnay an apa siso ...
930,True,6,2,5,5,0,,,"osisoun an ikuspe ouskehe otkeotke kor,"
931,True,6,2,5,5,0,,,"homar pewtanke ki kor ek h_ine,"
932,True,6,2,5,5,0,,,siso turasi wa inumpe otkeotke kor
933,True,7,2,6,6,0,,,"inumpe euko… eukopayta hopitare hine soyene hine,"
934,True,12,2,11,11,0,,,"suy soy un apa or un ne wano otkeotke kor ahun h_ine,"
935,True,13,2,12,12,0,,,"harkiso wa an ikuspe ouskehe otkeotke kor homar pewtanke ki kor ahun h_ine,"
936,True,9,2,8,8,0,,,"oharkisoun hepitare hine oraun oka =an ruwe ne akusu,"
937,True,6,2,5,5,0,,,sironuman akusu orano cise soy cikisokiso.
938,True,18,2,17,17,0,,,"neppo an pe ki p hawas ruwe ne akusu, orano nep tumikor hum ne ya sorekusu tumikor orano,"
939,True,5,2,4,4,0,,,"""ene okay pe a= sitoma."
940,True,10,2,9,9,0,,,hinta teeta kane topattumi or_ ta a= arustekka uske ta
941,True,10,2,9,9,0,,,hinta oka kuni a= kor nispa ramu kusu he an.
942,True,16,2,15,15,0,,,"i= siren wa arki =an akusu ora ray ne yakka raysinnaisam a= ki humi ene oka."""
943,True,8,2,7,7,0,,,sekor hawoka kor pewtanke pa p ka oka.
944,True,8,2,7,7,0,,,"ukoparaparak pa ayne okake an ruwe ne hine,"
945,True,6,2,5,5,0,,,"ora rapokke sirpeker ruwe ne akusu,"
946,True,6,2,5,5,0,,,a= kor huci ene hawean h_i.
947,True,16,2,15,15,0,,,"""teeta kane tan a= kor Iskar hontomo ta a= poutari tu irwak ne hine okay pe,"
948,True,11,2,10,10,0,,,'iteki eci= ukotumuwen no a= kor wa okay pe eci= ukousaraye
949,True,6,2,5,5,0,,,tun eci= ne na. ki na.'
950,True,11,2,10,10,0,,,"sekor a= hekote ekasi hawean kor i= hoppa ruwe ne akusu,"
951,True,6,2,5,5,0,,,kiyanne a= po ene hawean h_i.
952,True,10,2,9,9,0,,,"'a= kor Iskar hontomo ta a= akihi kotan kor yakne,"
953,True,8,2,7,7,0,,,orano unukar =an kor utaspa a= ki kor
954,True,9,2,8,8,0,,,"iramante oruspe ka a= eukoisoytak wa, kus ne kusu.'"
955,True,13,2,12,12,0,,,"sekor hawean kor sinrit kor pe upakno usaraye, poro a= poho ki hine,"
956,True,4,2,3,3,0,,,"te ta utar_ nimaraha,"
957,True,15,2,14,14,0,,,"te ta poro a= poho tura wa ek wa kotankar hine oka ruwe ne hine,"
958,True,19,2,18,18,0,,,"tu po poro a= poho kor siri a= nukar kor san =an h_ine an =an ruwe ne a p,"
959,True,10,2,9,9,0,,,"san =an ekari no a= kosmaci nuwap ruwe ne hine,"
960,True,9,2,8,8,0,,,"orano arpa =an ka eaykap no an =an rapokke,"
961,True,16,2,15,15,0,,,"a= kor oper e= ne wa a= e= kay easkay ora a= e= kay kane hine,"
962,True,12,2,11,11,0,,,tan nay turasi nep an pe kusu apkas =an ruwe ne yakun
963,True,14,2,13,13,0,,,"orano konto i= okake un sorekusu a= eramiskari aynu haw o... sinroyse kane ayne,"
964,True,5,2,4,4,0,,,nep haw ka isam no
965,True,11,2,10,10,0,,,"orano toska corpok ta a= e= kay wa nuynak =an wa,"
966,True,7,2,6,6,0,,,"orano korkoni tanepo hetukpa rapok ne kusu,"
967,True,11,2,10,10,0,,,korkoni a= kar wa a= kuykuy wa a= e= nunnunte h_ike
968,True,7,2,6,6,0,,,"e= ekirus ka somo ki wa kusu,"
969,True,7,2,6,6,0,,,ora konto hat … tanepo hat hetu...
970,True,7,2,6,6,0,,,"hat punkar or_ ta tanepo ki rapokke,"
971,True,13,2,12,12,0,,,"ne wa oka pa p a= kar wa, hat punkar a= kar wa,"
972,True,7,2,6,6,0,,,"a= kuykuy wa a= e= nunnunte kor_,"
973,True,7,2,6,6,0,,,"ne wa an pe e= ekirus wa,"
974,True,11,2,10,10,0,,,"orano konto kotan a= uhuyka wa isam pa p ne kus,"
975,True,6,2,5,5,0,,,orano te ta cisekar =an wa
976,True,17,2,16,16,0,,,orano emeske pon_ su ani a= kor huci suke wa a= e kor oka =an pe ne.
977,True,11,2,10,10,0,,,"te pak tasiro ka makiri ka a= kor pe ne kuskeraypo,"
978,True,7,2,6,6,0,,,"orano a= tasiro ani kiotuye =an wa,"
979,True,7,2,6,6,0,,,"tan pon cise poka a= kar wa,"
980,True,11,2,10,10,0,,,"orano oro ta a= e= resu poka eyaykorampetetne ruwe ne korka,"
981,True,4,2,3,3,0,,,"a= poho ka an,"
982,True,12,2,11,11,0,,,a= mippoutari ka oka korka kotan or un hosipi ka a= ruska.
983,True,5,2,4,4,0,,,'sorekusu kotan topattumi oyan yakun
984,True,9,2,8,8,0,,,nep ka i= hunara a= po hene ki wa.'
985,True,14,2,13,13,0,,,"sekor yaynu =an kusu, apkas ka somo a= ki no an =an ayne tane"
986,True,8,2,7,7,0,,,'onne =an wa makanak iki pa an kus.'
987,True,12,2,11,11,0,,,"sekor yaynu =an kor an =an rapokke suy tokap topattumi ne kusu,"
988,True,5,2,4,4,0,,,'nep ka ika sirus wa.'
989,True,7,2,6,6,0,,,"sekor yaynu pa kusu arki pa p,"
990,True,3,2,2,2,0,,,"hat punkar kamuy,"
991,True,10,2,9,9,0,,,"sorekusu kusu ani a= e= resu p hat ne kusu,"
992,True,8,2,7,7,0,,,"hat punkar, hat cise corpokke a= kar wa,"
993,True,7,2,6,6,0,,,"ne wa an hat cise or wa,"
994,True,13,2,12,12,0,,,a= kar wa kespa an kor hat a= kar sorekusu pirkano a= kar.
995,True,13,2,12,12,0,,,"tapne kane ne wa ne hi a= ye kor ki p ne kusu,"
996,True,8,2,7,7,0,,,hat poronno oka wa ani a= e= resu.
997,True,6,2,5,5,0,,,"mata ka ki p ne wa,"
998,True,8,2,7,7,0,,,"ki kusu hat punkar a= e= tuyere wa,"
999,True,6,2,5,5,0,,,"karip a= kar wa ne wa,"
1000,True,20,2,19,19,0,,,ne wa an hat punkar i= ka opiwki a karip a= kar pa p ani a= ronnu pa ruwe ne.
1001,True,12,2,11,11,0,,,"ora ne ene iki pa an kuni ka a= erampewtek ruwe ne."""
1002,True,6,2,5,5,0,,,sekor kane a= kor huci hawean.
1003,True,11,2,10,10,0,,,"cis a cis a kor a= kor huci hawean h_ine ora,"
1004,True,9,2,8,8,0,,,"kuneywa soyenpa =an h_ine inkar =an ruwe ne hi,"
1005,True,7,2,6,6,0,,,"hemanta oka kuni ramu pa kusu arki,"
1006,True,11,2,10,10,0,,,"honkor menoko apkas askay hekattar_ ne ya rupne aynu ne ya,"
1007,True,14,2,13,13,0,,,sorekus apkas askay pa p inne utar cise okari ray wa oka ruwe ne.
1008,True,1,2,1,1,0,,,"korka,"
1009,True,6,2,5,5,0,,,"""ene a= kar h_i ka isam."""
1010,True,6,2,5,5,0,,,"sekor a= kor huci hawean kor,"
1011,True,4,2,3,3,0,,,pasrota a pasrota a.
1012,True,11,2,10,10,0,,,"""sorekusu kamuy koypak pa p ne wa kusu ne hi ne."""
1013,True,12,2,11,11,0,,,"sekor kane a= kor huci hawean kor ki kor oka =an akusu,"
1014,True,9,2,8,8,0,,,"ne toho ta tokes esoyne aynu hum as kusu,"
1015,True,10,2,9,9,0,,,"soyene =an akusu tu okkaypo rupne sike ki pa p,"
1016,True,4,2,3,3,0,,,"soy ta oka h_ine,"
1017,True,7,2,6,6,0,,,"a= kor huci eun a= ye akusu,"
1018,True,3,2,2,2,0,,,"""ahupte yak pirka."""
1019,True,6,2,5,5,0,,,"sekor a= kor huci hawean h_ine,"
1020,True,5,2,4,4,0,,,"a= ahupte ruwe ne akusu,"
1021,True,13,2,12,12,0,,,"orano hine a= kor huci erankarap pa SITARI ki pa ruwe ne hine,"
1022,True,11,2,10,10,0,,,"orano a= kor huci onne korka sikihi pirka p ne kusu,"
1023,True,8,2,7,7,0,,,"ne okkaypo utar nukar_ rok nukar_ rok ayne,"
1024,True,19,2,18,18,0,,,"""somo a= kor pet hontomo kor a= poutarihi a= kar ... a= mippoutari somo eci= ne ruwe he an?"""
1025,True,5,2,4,4,0,,,"sekor hawean ruwe ne akusu,"
1026,True,15,2,14,14,0,,,"""a= kor pet hontomo ta a= onaha an, a= unuhu an h_ine oka =an h_ike,"
1027,True,7,2,6,6,0,,,"a= mataki an h_ike oka =an h_ike,"
1028,True,18,2,17,17,0,,,a= onaha a= acaha kotanuhu topattumi oyan yak a= ye sekor ha kor_ cis kor an h_i no
1029,True,6,2,5,5,0,,,"a= apkaste kus a= ye h_ike,"
1030,True,10,2,9,9,0,,,'apkas =an h_ikeka nep ka a= oyamokte ka somo ki.'
1031,True,2,2,1,1,0,,,sekor hawean.
1032,True,11,2,10,10,0,,,"mak ka ne hine tanto ne sap =an rusuy wa kusu,"
1033,True,6,2,5,5,0,,,"sap =an ruwe ne a p,"
1034,True,5,2,4,4,0,,,ene cise an wa ...
1035,True,6,2,5,5,0,,,"hine arki =an ruwe ne akus,"
1036,True,12,2,11,11,0,,,"ene cise okari sorekus inne aynu ray wa oka wa ruwe ne."""
1037,True,9,2,8,8,0,,,"sekor kane ne okkaypo utar hawoka ruwe ne akusu,"
1038,True,3,2,2,2,0,,,"orano a= sucihi,"
1039,True,10,2,9,9,0,,,"""tapne tapne ne wa orano hosipi ka a= ruska kusu"
1040,True,5,2,4,4,0,,,"ene an =an a korka,"
1041,True,4,2,3,3,0,,,"tane onnekaspa =an wa,"
1042,True,7,2,6,6,0,,,`makanak a= kor oper iki kusu he?'
1043,True,13,2,12,12,0,,,"sekor yaynu =an kor oka =an rapokke suy ene topattumi ek kusu ne,"
1044,True,7,2,6,6,0,,,"a= kor hat cise sorekusu an kuskeraypo,"
1045,True,13,2,12,12,0,,,"a= kor oper a= porore p a= kor hat cise ne wa kusu,"
1046,True,9,2,8,8,0,,,"hat punkar a= tuyere hine, karip a= kore ..."
1047,True,3,2,2,2,0,,,a= kar hine
1048,True,14,2,13,13,0,,,"apapa ta ne ya, puyar or_ ta ne ya a= racitkere rok pa p,"
1049,True,6,2,5,5,0,,,"nerok karip utar yayeymontasa pa hine,"
1050,True,8,2,7,7,0,,,"opitta a= ronnu pa ruwe ne korka oraun,"
1051,True,11,2,10,10,0,,,"ene a= kar h_i ka isam pa no oka ruwe ne."""
1052,True,9,2,8,8,0,,,"sekor kane a= kor huci hawean ruwe ne akus,"
1053,True,2,2,1,1,0,,,"""a= unarpehe"""
1054,True,7,2,6,6,0,,,"sekor haweoka kor a= sucihi kotetterke pa,"
1055,True,8,2,7,7,0,,,kasi ta ray ranke cis rok cis rok.
1056,True,2,2,1,1,0,,,"""a= turesi."""
1057,True,10,2,9,9,0,,,"sekor haweoka kor i= yaykomuraypa pa ruwe ne hine oraun,"
1058,True,9,2,8,8,0,,,konto nea karip utar hecawpa wa okay pa p
1059,True,10,2,9,9,0,,,"opitta a= ahupte kunak a= kor huci i= ye hine,"
1060,True,12,2,11,11,0,,,"a= ahupte hine ape etok ta a= ari p ne a p,"
1061,True,6,2,5,5,0,,,"konto nea poniwne noyne an okkaypo,"
1062,True,6,2,5,5,0,,,"nep se pa ruwe ne ya,"
1063,True,3,2,2,2,0,,,"sikehe sapte hine,"
1064,True,4,2,3,3,0,,,"wakkata hine suke hine,"
1065,True,8,2,7,7,0,,,"kam pirka h_i cep pirka h_i ne yakka,"
1066,True,4,2,3,3,0,,,"aep su esikte pa,"
1067,True,16,2,15,15,0,,,"ineapta keraan humas y_a ka a= eramiskari no ipe =an a =an a ruwe ne hine,"
1068,True,1,2,1,1,0,,,"orano,"
1069,True,8,2,7,7,0,,,kusu a= kor huci itak a itak a.
1070,True,3,2,2,2,0,,,ineapkusun karkuutari ...
1071,True,9,2,8,8,0,,,"karkuutari ... mippoutarihi payokay pa p ne kus ki,"
1072,True,12,2,11,11,0,,,"asinuma ka tanepo aynunukar =an pe ne kusu ki ruwe ne hine,"
1073,True,15,2,14,14,0,,,"ora konto nea karip utar a= kor a= yuputarihi inaw ke rok ke rok wa,"
1074,True,11,2,10,10,0,,,"inaw tumpu oro o h_ine hopunpare pa ruwe ne hine ora,"
1075,True,5,2,4,4,0,,,"""ne aynu utar anakne sorekusu,"
1076,True,10,2,9,9,0,,,"wen kewtum wen sampe kor iki pa p ne kusu,"
1077,True,5,2,4,4,0,,,"atteynemosir a= kooterke pa sinne."""
1078,True,3,2,2,2,0,,,"sekor hawean kor,"
1079,True,9,2,8,8,0,,,"""neno a= ari wa sorekusu toykomunin pa kusu ne"""
1080,True,5,2,4,4,0,,,sekor a= yuputari haweoka kor
1081,True,5,2,4,4,0,,,konto pon a= yupi ...
1082,True,6,2,5,5,0,,,"pon a= yupihi a= sucihi kay,"
1083,True,13,2,12,12,0,,,poro a= yupi hem a= kor pa p se hine orano paye =an.
1084,True,9,2,8,8,0,,,"asinuma anak apkasenitan =an tane ki p ne kusu,"
1085,True,15,2,14,14,0,,,"asinuma ka nep wa an pe a= kor wa okay pa p a= se hine,"
1086,True,5,2,4,4,0,,,orano paye =an ruwe ne.
1087,True,8,2,7,7,0,,,"eytasa sittuyma ka somo ki p ne ene,"
1088,True,7,2,6,6,0,,,"tunasno inne kotan poro kotan an h_ine,"
1089,True,10,2,9,9,0,,,kotan or_ ta kotan noski ta mosir pak cise an.
1090,True,6,2,5,5,0,,,"nani eun poro a= yupihi ahun,"
1091,True,14,2,13,13,0,,,"pon a= yupi ka a= kor huci kay hi neno an h_ine ahun hine,"
1092,True,4,2,3,3,0,,,"""hokure hokure ahun y_an."""
1093,True,7,2,6,6,0,,,"sekor a= i= ye p ne kusu,"
1094,True,15,2,14,14,0,,,"asinuma ka sike anpa hi neno oka =an ahup =an hine ki ruwe ne akusu,"
1095,True,12,2,11,11,0,,,"a= kor huci a= yupihi rankere h_ine mono a ruwe ne akus,"
1096,True,8,2,7,7,0,,,"nea cise kor poro sukup menoko an pe,"
1097,True,4,2,3,3,0,,,"""a= unarpehe somo ne."""
1098,True,5,2,4,4,0,,,"sekor hawean kor kotetterke wa,"
1099,True,7,2,6,6,0,,,"oraun nea poro sukup okkayo an pe,"
1100,True,4,2,3,3,0,,,"""a= unuhu somo ne."""
1101,True,5,2,4,4,0,,,"sekor hawean kor kotetterke wa,"
1102,True,5,2,4,4,0,,,sorekusu uka ta ray ranke
1103,True,4,2,3,3,0,,,cis rok cis rok.
1104,True,6,2,5,5,0,,,"rapok kotan or_ ta hawsitayki hine,"
1105,True,5,2,4,4,0,,,kotan epitta oka utar uekarpa.
1106,True,7,2,6,6,0,,,"orano a= sucihi kewe ehomsu pa kor,"
1107,True,16,2,15,15,0,,,"ora asinuma ne yakka sorekus i= ukomuraypa pa kor cis pa ruwe ne orano oka =an,"
1108,True,10,2,9,9,0,,,orano a= kor huci ineapkusun kotan kor utar ne yakka
1109,True,6,2,5,5,0,,,tanepo aynunukar =an pa p ne
1110,True,6,2,5,5,0,,,"kusu ki ruwe ne hine ora,"
1111,True,10,2,9,9,0,,,"Kusur emko wa ek topattumi ne yak a= ye kusu,"
1112,True,8,2,7,7,0,,,"sekor_ ne kor konto asinuma ka itura =an,"
1113,True,3,2,2,2,0,,,a= saha ohasinne.
1114,True,11,2,10,10,0,,,"apkasenitan =an tane ki pon menoko a= ne p ne kus,"
1115,True,12,2,11,11,0,,,"a= yuputari kotan kor utar a= otuwaspa utar a= yuputari siren h_ine,"
1116,True,10,2,9,9,0,,,"""tap neno tap neno payoka =an kor sirhanke p ne."""
1117,True,13,2,12,12,0,,,"sekor nea a= aca a= yuputarihi i= ye hine orano paye =an hine,"
1118,True,8,2,7,7,0,,,"Kusur emko ta paye =an ruwe ne akusu,"
1119,True,6,2,5,5,0,,,"hinak un nina humi as h_ine,"
1120,True,7,2,6,6,0,,,oro ta paye =an ruwe ne akus
1121,True,3,2,2,2,0,,,pon menoko ...
1122,True,7,2,6,6,0,,,pirka okere pon menoko tup oka hine
1123,True,8,2,7,7,0,,,"""mak iki wa okay pa p ne ya?"""
1124,True,7,2,6,6,0,,,"sekor a= yuputari kopispa ruwe ne akusu,"
1125,True,3,2,2,2,0,,,“tan Kusur_ ta
1126,True,5,2,4,4,0,,,ta ... ney wa ...
1127,True,17,2,16,16,0,,,"ney wa ka a= i= kay wa arki =an a hum ne pekor yaynu =an pa orano,"
1128,True,9,2,8,8,0,,,"ene nep a= kar yakka utura =an kane wa,"
1129,True,3,2,2,2,0,,,"patek payoka =an,"
1130,True,14,2,13,13,0,,,nep a= kar_ nina =an yakka nep a= kar yakka kina a= kar yakka
1131,True,8,2,7,7,0,,,"utura =an kane wa cis =an pa kor,"
1132,True,6,2,5,5,0,,,"hinak wa a= i= eikka wa,"
1133,True,16,2,15,15,0,,,hinak ta mak iki p an kor oka =an h_ine a= i= eikka apekor yaynu =an.
1134,True,13,2,12,12,0,,,"sekor utaspa haweoka =an kor ki ayne tane pakno oka =an ruwe ne."""
1135,True,3,2,2,2,0,,,sekor kane hawoka
1136,True,9,2,8,8,0,,,"""hawe ne ciki, iwak pa ciki ipe pa oraun,"
1137,True,8,2,7,7,0,,,"ney ta ka kira wa oka yak pirka."""
1138,True,6,2,5,5,0,,,"sekor a= yuputari hawoka hine ora,"
1139,True,6,2,5,5,0,,,"tane kotan hanke pe ne kusu,"
1140,True,13,2,12,12,0,,,"kotan or_ ta paye =an hine tane sironuman ne ki ruwe ne akusu,"
1141,True,11,2,10,10,0,,,inne kotan an h_ine kotan noski ta mosir pak cise an.
1142,True,8,2,7,7,0,,,"oro ta sorekusu ipuyaroposore a= yuputari ki akusu,"
1143,True,7,2,6,6,0,,,"tu pon menoko an tu okkaypo oka,"
1144,True,7,2,6,6,0,,,"poro sukup utar urorerok h_ine oka h_ine,"
1145,True,2,2,1,1,0,,,"nea kotankonnispa,"
1146,True,6,2,5,5,0,,,"""makanak a= kor_ ram konna kipipkipip."
1147,False,13,2,12,11,1,ja,humas hum,tane nep i= uk noyne tane nep i= otke noyne humas hum an.
1148,True,5,2,4,4,0,,,teeta kane a= poutari topattumi.
1149,True,17,2,16,16,0,,,"i= tura somo topattumi kusu oka utar_ topattumi kor a= sitoma p ne wa a= ye akusu,"
1150,True,15,2,14,14,0,,,"'tan a= kotanu panake ta un utar nep ka kar ka somo ki pa no,"
1151,True,16,2,15,15,0,,,topattumi patek ki wa eyayparoyki pa kor okay pa p ne a p i= siren pa.
1152,True,12,2,11,11,0,,,"a= kopan akusu isoatpa ne a= i= kar kunak a= ye ora,"
1153,True,26,2,25,25,0,,,"poro a= matnepo pon a= matnepo pon a= poho a= i= turare ne a p, hekattar_ ne pa korka ki pa p ne a p ora,"
1154,True,12,2,11,11,0,,,"tokap topattumi ne kusu nen ka a= kirare ka somo ki no,"
1155,True,11,2,10,10,0,,,"sorekusu aoka anak sinep poka a= tuye ka somo ki no,"
1156,True,6,2,5,5,0,,,heru i= tura takup a= ki.'
1157,True,7,2,6,6,0,,,sekor hawoka kor eci= hosippa ruwe ne.
1158,True,10,2,9,9,0,,,"makanak ki somo kamuy iruska an wa ki hum an."""
1159,True,12,2,11,11,0,,,"sekor nea cise kor_ nispa hawean kor hopuni hine orikikutkor hine an,"
1160,True,3,2,2,2,0,,,"rapokke a= yuputari,"
1161,True,5,2,4,4,0,,,“hnta eci= ye hawe an.
1162,True,8,2,7,7,0,,,"na ar suy ne ye yan ye yan."""
1163,True,10,2,9,9,0,,,"sekor a= yuputari haweoka kusu, a= nu ewen pe koraci"
1164,True,5,2,4,4,0,,,"nea nispa neno hawean h_ine,"
1165,True,1,2,1,1,0,,,"orano,"
1166,True,13,2,12,12,0,,,"""tapne kane ne wa nea kotan or_ ta a= sucihi patek siknu wa,"
1167,True,9,2,8,8,0,,,"tan a= matakihi ... a= turesihi turano oka wa,"
1168,True,6,2,5,5,0,,,"a= pa wa arki =an korka,"
1169,True,12,2,11,11,0,,,"sorekusu a= kor huci a= erampokiwen wa iki wa iki pa p,"
1170,True,11,2,10,10,0,,,a= ronnu sorekusu cise okari hinta tuypa p hinta ray ...
1171,True,3,2,2,2,0,,,"ronnu pa p,"
1172,True,7,2,6,6,0,,,"pon cise an pe okari ki p,"
1173,True,13,2,12,12,0,,,"hat punkar kamuy a= kor huci sermakkor wa karip kar wa ki wa,"
1174,True,4,2,3,3,0,,,"ani a= ronnu korka,"
1175,True,6,2,5,5,0,,,"'hekattar hene siknu wa oka yakun,"
1176,True,7,2,6,6,0,,,imakake ta mak suy iki pa wa.'
1177,True,5,2,4,4,0,,,"sekor yaynu =an pa kusu,"
1178,True,4,2,3,3,0,,,"arki =an ruwe ne."""
1179,True,2,2,1,1,0,,,"sekor kane,"
1180,True,11,2,10,10,0,,,"“sorekusu a= acaha kor pa p ne ya eikka pa kusu,"
1181,True,6,2,5,5,0,,,ora kotan ka uhuyka pa wa
1182,True,18,2,17,17,0,,,oro ta a= sucihi tasiro ani ki mose wa ani pon cise kar wa oro ta oka wa
1183,True,12,2,11,11,0,,,"a= kor huci ka tan a= turesi ka a= pa ruwe ne."""
1184,True,5,2,4,4,0,,,sekor poro a= yupi hawean.
1185,True,13,2,12,12,0,,,"orano nea nispa i= tamkasure i= tamtespare kor ki ruwe ne hine ora,"
1186,True,10,2,9,9,0,,,"""hetak a= matnepoutari suke wa a= kor okkaypoutari ipere wa,"
1187,True,10,2,9,9,0,,,"oraun hoski san =an wa hosipi =an kusu ne kusu."""
1188,True,5,2,4,4,0,,,"sekor nea nispa hawean kor,"
1189,True,7,2,6,6,0,,,"soyne akusu ora siranke p ne noyne,"
1190,True,5,2,4,4,0,,,"tunasno hosipi hine ek ine,"
1191,True,4,2,3,3,0,,,"""tane pirka ruwe ne."""
1192,True,2,2,1,1,0,,,sekor hawean.
1193,True,6,2,5,5,0,,,"ne ora ipe =an pa ora,"
1194,True,10,2,9,9,0,,,cise kor okkaypoutari i= tura hine sap =an ruwe ne.
1195,True,9,2,8,8,0,,,"aoka anakne sinep ka a= tuye somo ki korka,"
1196,True,10,2,9,9,0,,,"hekattar_ ne pekor onne utar_ ne pekor patek oka hine,"
1197,True,8,2,7,7,0,,,"opitta seta kikir a= kotuypa ruwe ne hine,"
1198,True,8,2,7,7,0,,,"orano konto arki =an h_ine rewsioka =an ora,"
1199,True,13,2,12,12,0,,,"isimne … isimne suy sap =an wa inkar =an pa ruwe ne akus,"
1200,True,8,2,7,7,0,,,"a= yup … a= poro a= yupihi utari,"
1201,True,11,2,10,10,0,,,"“sorekusu yayipere yayimire easkay pakno oka =an nispa ne rokoka kus,"
1202,True,9,2,8,8,0,,,kotan kor utar kor_ rusuy pe uyna pa wa
1203,True,9,2,8,8,0,,,"aoka anakne a= sak pe ka somo ne kusu,"
1204,True,17,2,16,16,0,,,"kotan kor utar kor_ rusuy pa p coypep ne yakka nep ne yakka uyna wa paye kor,"
1205,True,5,2,4,4,0,,,"okake a= uhuyka kusu ne."""
1206,True,1,2,1,1,0,,,"sekor,"
1207,True,5,2,4,4,0,,,"“kotan a= uhuyka kusu ne."""
1208,True,6,2,5,5,0,,,"sekor poro a= yupi hawean h_ine,"
1209,True,9,2,8,8,0,,,"kotan kor utar i= tura hine, sap pa hine"
1210,True,9,2,8,8,0,,,"orano kor_ rusuy pa p inne utar uyna hine,"
1211,True,12,2,11,11,0,,,"hi ora okake an y_akne kotan a= nuyeotke ruwe ne hine orano,"
1212,True,3,2,2,2,0,,,arki =an h_ine
1213,True,23,2,22,22,0,,,ne a= aca … onne nispa kotan kor Kusur emko kor_ nispa oro ta tori =an h_ine oka =an h_ine ruwe ne akusu
1214,True,13,2,12,12,0,,,"konto poniwne pon menoko pon a= yupihi tura kunak ye ruwe ne akusu,"
1215,True,8,2,7,7,0,,,"“tuyma yakka neno ne yak aynueniste nispaeniste =an."""
1216,True,7,2,6,6,0,,,"sekor kotankonnispa hawean kor ki hine ora,"
1217,True,9,2,8,8,0,,,"tures kor utar a= turesihi rura hine h_i orano,"
1218,True,12,2,11,11,0,,,"arki =an ruwe ne hine a= uni ta arki =an wa orano,"
1219,True,10,2,9,9,0,,,a= acaha pasrota a pasrota a kor orano oka =an.
1220,True,14,2,13,13,0,,,"nep a= e rusuy ka nep a= kor_ rusuy ka orano somo ki no,"
1221,True,2,2,1,1,0,,,"ora konto,"
1222,True,14,2,13,13,0,,,"""nea poniwne menoko, Kusur wa a= tura poniwne menoko a= yupihi ewtanne yak pirka."""
1223,True,8,2,7,7,0,,,"sekor pon a= yupi hawean pe ne kusu,"
1224,True,15,2,14,14,0,,,"konto pon a= yupi … poro a= yupi Kusur wa ek menoko ewtanne hine ora,"
1225,True,19,2,18,18,0,,,"poro a= saha Kusur wa a= tura poniwne okkaypo a= yuputari turare hine orano oka =an ruwe ne ora,"
1226,True,5,2,4,4,0,,,a= aca ene hawean h_i
1227,True,18,2,17,17,0,,,"""a= unarpe a= unar … a= unuhu a= kor a= matkarkuhu i= koyantone hi ka a= eoripak kus"
1228,True,11,2,10,10,0,,,"sinna cise a= kar wa oro ta a= anu yak pirka."""
1229,True,8,2,7,7,0,,,"sekor a= aca hawean h_i orano cisekar =an,"
1230,True,9,2,8,8,0,,,"pirka cise kar pa a= utari ki hine orano,"
1231,True,13,2,12,12,0,,,"a= acaha pirka kor pe puyar kari apa kari soy a= o hine,"
1232,True,7,2,6,6,0,,,i= turano a= sucihi i= turano an.
1233,True,10,2,9,9,0,,,"pon a= yupihi i= ka oyki kor oka =an ayne,"
1234,True,10,2,9,9,0,,,poro =an h_i ora pon a= yupihi a= ewtanne hine
1235,True,8,2,7,7,0,,,"a= sucihi kasi a= oyki paro a= oyki,"
1236,True,10,2,9,9,0,,,"rapokke pokor =an siri ka a= sucihi nukar kor orano,"
1237,True,7,2,6,6,0,,,"ki sak kuni ne a= komuy wa,"
1238,True,12,2,11,11,0,,,"esipinpa p a= huraypa ne ya a= komuy ne ya ki wa,"
1239,True,5,2,4,4,0,,,a= sucihi pirkano a= resu.
1240,True,17,2,16,16,0,,,"onne h_i orano aep ne yakka hapunno a= supa wa paro a= o ne ya ki kor,"
1241,True,15,2,14,14,0,,,"""a= kor oper an kuskeraypo onne ne manu p a= ki oasi humi an a."""
1242,True,8,2,7,7,0,,,sekor a= kor huci hawean kor i= henkotpa.
1243,True,16,2,15,15,0,,,"mippo ka naa ... a= kor siri nukar kor a= kor huci i= hoppa okake ta,"
1244,True,8,2,7,7,0,,,"pak katkemat isam katkemat ne wa neampe kusu,"
1245,True,9,2,8,8,0,,,"Kusur emko un utar Iskar emko kor utar ukopayoka,"
1246,True,12,2,11,11,0,,,"sine utar_ ne sine apa ne ukar pa kor oka =an ayne,"
1247,True,11,2,10,10,0,,,tane asinuma ka a= poutari rupne wa a= poutari ami ...
1248,True,4,2,3,3,0,,,"pokoinne =an a korka,"
1249,True,14,2,13,13,0,,,"a= poutari hinaan oka h_ike uwehosi iki pa siri ka isam no ki ayne,"
1250,True,10,2,9,9,0,,,tane a= poutari kar ...yayramekotpa. mippo ka poronno a= kar.
1251,True,11,2,10,10,0,,,"a= mippoutari kar pe ka a= e kor an =an ayne,"
1252,True,6,2,5,5,0,,,"tane onne =an siri ne oraun,"
1253,False,10,2,9,8,1,hi,… hat,nea hatpu … hat punkar anakne a= yuputari sap wa
1254,True,11,2,10,10,0,,,"asirkinne einawkotaktakpa, hat cise ki SITARI ki kor orano oka =an."
1255,True,11,2,10,10,0,,,"nep a= e rusuy nep a= kor_ rusuy somo ki ayne,"
1256,True,5,2,4,4,0,,,tane asinuma ka onne =an.
1257,True,4,2,3,3,0,,,a= acautari ka onne.
1258,True,11,2,10,10,0,,,a= yuputari ka poro a= yupi ka onne okake ta ki.
1259,True,7,2,6,6,0,,,"a= hekote nispa ka onne okake ta,"
1260,True,7,2,6,6,0,,,"ohonno siknu =an wa an =an ayne,"
1261,True,9,2,8,8,0,,,"tane onne =an siri ene an h_i ne kusu,"
1262,True,17,2,16,16,0,,,"a= ye awe an kor ora poka a= sucihi ne a= sinritutari oro ta arpa =an wa,"
1263,True,12,2,11,11,0,,,"a= sinritutari turano an =an pe he ne ya a= eramiskari yakka,"
1264,True,7,2,6,6,0,,,"a= poutarihi pirkano i= nurappa pa yakne,"
1265,True,5,2,4,4,0,,,a= yaykotuyasi kusu ne kus.
1266,True,5,2,4,4,0,,,"sekor sino katkemat hawean hine,"
1267,True,9,2,8,8,0,,,"ora ne Kusur_ ta a= tura pon menoko utar,"
1268,True,12,2,11,11,0,,,a= kotanu wa a= eikka wa arki pa p ne rokoka no
1269,True,6,2,5,5,0,,,"a= tura wa arki =an wa,"
1270,True,9,2,8,8,0,,,sorekusu nispa or peka a= yuputari korar pa wa
1271,True,14,2,13,13,0,,,sine utar_ ne sine apa ne ukar =an pe ne yak a= ye sekor.
1272,True,1,2,1,1,0,,,SAKEHE:nooo
1273,True,3,2,2,2,0,,,pan kor yupi
1274,True,3,2,2,2,0,,,V turano kayki
1275,True,2,2,1,1,0,,,V pirkauheturaste
1276,True,3,2,2,2,0,,,V kunne hene
1277,True,3,2,2,2,0,,,V tokap hene
1278,True,6,2,5,5,0,,,V ci= ki pa ki kor
1279,True,4,2,3,3,0,,,V okay =as akusu
1280,True,3,2,2,2,0,,,V u sineanto
1281,True,4,2,3,3,0,,,V u kunne hene
1282,True,4,2,3,3,0,,,V u tokap hene
1283,True,3,2,2,2,0,,,V kemeyki patek
1284,True,4,2,3,3,0,,,V a= kemru etok
1285,True,4,2,3,3,0,,,V tu imeru kur
1286,True,4,2,3,3,0,,,V re imeru kur
1287,True,3,2,2,2,0,,,V kotuytuyke na
1288,True,5,2,4,4,0,,,V pan a= kor yupi
1289,True,4,2,3,3,0,,,V iyoykir kotca ta
1290,True,3,2,2,2,0,,,V tomika nuye
1291,True,4,2,3,3,0,,,V u sirka nuye
1292,True,4,2,3,3,0,,,V tapan pe patek
1293,True,5,2,4,4,0,,,V nepki ne ki pa
1294,True,3,2,2,2,0,,,V sikari tompi
1295,True,3,2,2,2,0,,,V nipeknu tompi
1296,True,4,2,3,3,0,,,V tapan pe patek
1297,True,6,2,5,5,0,,,V u nepki ne ki pa
1298,True,4,2,3,3,0,,,V ne ki kor
1299,True,4,2,3,3,0,,,V oka =an akusu
1300,True,2,2,1,1,0,,,V sineanto
1301,True,3,2,2,2,0,,,V humneani oraypa
1302,True,3,2,2,2,0,,,V enune hine
1303,True,7,2,6,6,0,,,V ape sam ta sap pa hine
1304,True,4,2,3,3,0,,,V u yayuske ta
1305,True,4,2,3,3,0,,,V u yao usat
1306,True,2,2,1,1,0,,,V reporaypa
1307,True,4,2,3,3,0,,,V u repo usat
1308,True,3,2,2,2,0,,,V u yaoraypa
1309,True,3,2,2,2,0,,,V tu utursama
1310,True,3,2,2,2,0,,,V re uturuhu
1311,True,3,2,2,2,0,,,V naypa kane
1312,True,4,2,3,3,0,,,V itak rusuy pe
1313,True,3,2,2,2,0,,,V sone kusu
1314,True,4,2,3,3,0,,,V tu kan itak
1315,True,3,2,2,2,0,,,V tuno itaki
1316,True,3,2,2,2,0,,,V u yaykorukpa
1317,True,4,2,3,3,0,,,V ene itak h_i
1318,True,4,2,3,3,0,,,V “a= kor_ turesi
1319,True,4,2,3,3,0,,,V uymam =an yakne
1320,True,3,2,2,2,0,,,V usa macikor
1321,True,5,2,4,4,0,,,V a= kuspa ki wa
1322,True,5,2,4,4,0,,,V u yan =an ora
1323,True,5,2,4,4,0,,,V sake ne kuni p
1324,True,5,2,4,4,0,,,V a= kusa ki wa
1325,True,4,2,3,3,0,,,V kamuy ne yakka
1326,True,4,2,3,3,0,,,V aynu ne yakka
1327,True,3,2,2,2,0,,,V a= siyepere
1328,True,5,2,4,4,0,,,V enune p ne na
1329,True,4,2,3,3,0,,,V u tutko rerko
1330,True,5,2,4,4,0,,,V u ne na sore
1331,True,4,2,3,3,0,,,V apunno e= an
1332,True,5,2,4,4,0,,,"V enune p ne na"""
1333,True,4,2,3,3,0,,,V hawean ki kor
1334,True,2,2,1,1,0,,,oar_ cinihi
1335,True,3,2,2,2,0,,,V u yaousi
1336,True,3,2,2,2,0,,,V oar_ cinihi
1337,True,5,2,4,4,0,,,V u repoasi ... ousi
1338,True,4,2,3,3,0,,,V u repun h_ine
1339,True,4,2,3,3,0,,,V isam ruwe ne
1340,True,5,2,4,4,0,,,V pan a= kor yupi
1341,True,4,2,3,3,0,,,V u yan kunihi
1342,True,3,2,2,2,0,,,V a= rampiskare
1343,True,3,2,2,2,0,,,V tane nisatta
1344,True,4,2,3,3,0,,,V u yan kunihi
1345,True,5,2,4,4,0,,,V a= tere ki wa
1346,True,4,2,3,3,0,,,V u yan akusu
1347,True,4,2,3,3,0,,,V wen aynu sani
1348,True,2,2,1,1,0,,,V utarehoski
1349,True,4,2,3,3,0,,,V enune ki wa
1350,True,4,2,3,3,0,,,V ene itak h_i
1351,True,4,2,3,3,0,,,V “a= kor ...
1352,True,4,2,3,3,0,,,p a= kor akihi
1353,True,4,2,3,3,0,,,V ene okay pe
1354,True,4,2,3,3,0,,,V a= sitoma wa
1355,True,5,2,4,4,0,,,V a= ne pa yakka
1356,True,7,2,6,6,0,,,"V somo nu no, sukup kur anak"
1357,True,4,2,3,3,0,,,V sasuy un cise
1358,True,4,2,3,3,0,,,V noki un cise
1359,True,6,2,5,5,0,,,V somo kar pe ne wa
1360,True,4,2,3,3,0,,,a= ye pa yakka
1361,True,4,2,3,3,0,,,"V somo nu no,"
1362,True,3,2,2,2,0,,,noki un cise
1363,True,4,2,3,3,0,,,V sasuy un cise
1364,True,5,2,4,4,0,,,V u kar a kusu
1365,True,7,2,6,6,0,,,V uyma … u yan tuyka ta
1366,True,2,2,1,1,0,,,V repoparse
1367,True,5,2,4,4,0,,,V asur ek wa kusu
1368,True,4,2,3,3,0,,,V a= kor_ turesi
1369,True,4,2,3,3,0,,,V a= e= koasurkor
1370,True,3,2,2,2,0,,,V enune ruwe
1371,True,4,2,3,3,0,,,"V ne na"" sekor"
1372,True,4,2,3,3,0,,,V itak pa hike
1373,True,5,2,4,4,0,,,V pan a= kor yupi
1374,True,4,2,3,3,0,,,V sinuma ka ta
1375,True,5,2,4,4,0,,,V ray wa isam pe
1376,True,4,2,3,3,0,,,V hemanta ne kusu
1377,True,2,2,1,1,0,,,V saranpekarpe
1378,True,4,2,3,3,0,,,V a= sapte hine
1379,True,3,2,2,2,0,,,V u yaykotpattuye
1380,True,4,2,3,3,0,,,V a= ki akusu
1381,True,5,2,4,4,0,,,V mokor he ne ya
1382,True,5,2,4,4,0,,,V ray he ne ya
1383,True,4,2,3,3,0,,,V mos =an akusu
1384,True,4,2,3,3,0,,,V wen aynu sani
1385,True,6,2,5,5,0,,,V somo cise i= kouhuyka yakun
1386,True,2,2,1,1,0,,,V yaykatcipi
1387,True,5,2,4,4,0,,,V a= easkay ki pe
1388,True,4,2,3,3,0,,,V cise i= kouhuyka
1389,True,4,2,3,3,0,,,V enune ki wa
1390,True,3,2,2,2,0,,,V yaykatcipi ka
1391,True,4,2,3,3,0,,,V a= eaykap wa
1392,True,3,2,2,2,0,,,V kemkacikappo ne
1393,True,5,2,4,4,0,,,V u yaykar =an wa
1394,True,3,2,2,2,0,,,V uhuy ikuspe
1395,True,4,2,3,3,0,,,V u kasi peka
1396,True,4,2,3,3,0,,,V u cis turano
1397,True,3,2,2,2,0,,,V u terketerke
1398,True,4,2,3,3,0,,,V a= ki akusu
1399,True,5,2,4,4,0,,,V pan a= kor yupi
1400,True,4,2,3,3,0,,,u yap wa arki
1401,True,5,2,4,4,0,,,V u tuyma sir wano
1402,True,4,2,3,3,0,,,V “a= kor_ turesi
1403,True,4,2,3,3,0,,,V makanak ne hine
1404,True,2,2,1,1,0,,,V sirkouhuy
1405,True,3,2,2,2,0,,,V enune ruwe
1406,True,6,2,5,5,0,,,V “a= kor_ turesi ka ta
1407,True,5,2,4,4,0,,,V ray wa isam pe
1408,True,6,2,5,5,0,,,"V u ray =an kusu ne"""
1409,True,3,2,2,2,0,,,sekor hawean kor
1410,True,2,2,1,1,0,,,V tasiroho
1411,True,4,2,3,3,0,,,V etaypa ki wa
1412,True,5,2,4,4,0,,,V otu suy re suy
1413,True,4,2,3,3,0,,,kasi un yayosura yakka
1414,True,4,2,3,3,0,,,V a= yaynure ani
1415,True,4,2,3,3,0,,,V kasi ta teske
1416,True,9,2,8,8,0,,,kusu ora yayeramuan hi kusu ene itak =an h_i
1417,True,7,2,6,6,0,,,“kotan pa un kur wen aynu sani
1418,True,12,2,11,11,0,,,a= kor yupi repoparse wa isam ruwe ne sekor i= kosunke wa
1419,True,7,2,6,6,0,,,iruska =an kusu yaykotpattuye =an a korka
1420,True,8,2,7,7,0,,,somo i= uhuyka yakun siknu =an easkay pe
1421,True,10,2,9,9,0,,,i= uhuyka p ne kusu kemkacikappo ne konto yaykar =an.
1422,True,7,2,6,6,0,,,somo tapne ne hi a= ye wa
1423,True,11,2,10,10,0,,,a= hekote nispa a= nure somo ki yak wen wa kusu
1424,True,11,2,10,10,0,,,"kemkacikappo ne yaykar =an h_ine, a= e= tere ruwe ne na."
1425,True,10,2,9,9,0,,,e= wen kor yupi neun e= kar yakka pirka kusu
1426,True,8,2,7,7,0,,,i= erampokiwen a ciki sake e= kor kor
1427,True,8,2,7,7,0,,,mintar or_ ta nitne inaw e= asi wa
1428,True,10,2,9,9,0,,,nitne sirari e= kocarpa yak poka e= kar pe ne.
1429,True,7,2,6,6,0,,,"a= uk wa a= e kusu ne."""
1430,True,12,2,11,11,0,,,sekor a= kor yupi a= yaynure ani itak =an ruwe ne akusu
1431,True,11,2,10,10,0,,,orano a= kor yupi paraparak kor mintar or_ ta suy yayosura.
1432,True,4,2,3,3,0,,,sekor kemkacikappo hawean sekor.
1433,True,3,2,2,2,0,,,"a= kor ekasi,"
1434,True,11,2,10,10,0,,,onne wa okere a= kor ekasi i= resu hine oka =an.
1435,True,7,2,6,6,0,,,"ney wa sapte p ne sinne ya,"
1436,True,16,2,15,15,0,,,"kam pirka hi cep pirka hi sapte wa supa wa a= e kor oka =an ayne,"
1437,True,4,2,3,3,0,,,tane ponno poro =an.
1438,True,5,2,4,4,0,,,apkasenitan =an pakno an =an.
1439,True,9,2,8,8,0,,,ruwe ne akusu a= kor ekasi ene h_awean h_i.
1440,True,12,2,11,11,0,,,"""a= kor son e= ne wa a= ye p e= nu wa,"
1441,True,9,2,8,8,0,,,tan e= onaha re… re irwak ne hine oka.
1442,True,6,2,5,5,0,,,"e= onaha iyotta paha pon hine,"
1443,True,7,2,6,6,0,,,kiyanne kur tan Iskar putu ta an.
1444,True,8,2,7,7,0,,,tan Iskar hontomo ta e= onaha kotan kar.
1445,True,10,2,9,9,0,,,"Iskar emkoho ta e= acaha an ruwe ne a p,"
1446,True,10,2,9,9,0,,,"tan uskehe rerakar hine sine ancikar_ tu ancikar_ ne kor,"
1447,True,5,2,4,4,0,,,"kotan aaruske... a= arustekka p,"
1448,True,11,2,10,10,0,,,oro ta e= unuhu e= nuyna hine kor wa soyne ….
1449,True,2,2,1,1,0,,,soyne hine
1450,True,4,2,3,3,0,,,"inawcipa e= kohokuste kor,"
1451,True,10,2,9,9,0,,,"`a= hekote kamuy nomi wa inne p kamuy ne kusu,"
1452,True,14,2,13,13,0,,,kamuy resu wa i= kore yak poka a= hekote nispa santeke ne situri na.'
1453,True,12,2,11,11,0,,,"sekor e= unuhu hawean kor inawcipa e= kohokuste hine e= anu p,"
1454,True,8,2,7,7,0,,,"konto … ruwe ne a p, kamuy opitta"
1455,True,6,2,5,5,0,,,"`hunna aynu hekaci aynu tennep sikaokuymare,"
1456,True,4,2,3,3,0,,,sikaosomare rusuy pe an.'
1457,True,11,2,10,10,0,,,"sekor haweoka kor_ ra … yaykopuyarseske yaykoapaseske pa hine ora konto,"
1458,True,12,2,11,11,0,,,"e= onaha kor_ cise kor kamuy a= ne hine an =an h_ine,"
1459,True,6,2,5,5,0,,,"aynu ne yaykar =an h_i orano,"
1460,True,10,2,9,9,0,,,sorekusu iwatarap e= ne p ne kus_ a= e= parkoinunnunte.
1461,True,7,2,6,6,0,,,"aep anak poronno okay pe ne kusu,"
1462,True,7,2,6,6,0,,,"a= supa wa a= e= parkoinunnunte ayne,"
1463,True,5,2,4,4,0,,,pakno e= an ruwe ne.
1464,True,7,2,6,6,0,,,"korka asinuma ka tane onne =an wa,"
1465,True,10,2,9,9,0,,,"tewano anak a= e= resu ka nukuri ruwe ne kusu,"
1466,True,9,2,8,8,0,,,inkar =an akusu Iskar putu ta e= acaha an.
1467,True,4,2,3,3,0,,,e= yuputari tun an.
1468,True,8,2,7,7,0,,,"e= saha an h_ine siran ruwe ne p,"
1469,True,3,2,2,2,0,,,opitta kewtum pirka.
1470,True,9,2,8,8,0,,,ora Iskar emkoho ta an e= acaha kewtumu utumasi.
1471,True,5,2,4,4,0,,,e= yuputari ka kewtumu utumasi.
1472,True,12,2,11,11,0,,,"menoko ka tun ka an korka opitta kewtumu utumasi ruwe ne kusu,"
1473,True,6,2,5,5,0,,,"episne a= e= sante kusne kusu,"
1474,True,10,2,9,9,0,,,"teeta aynu payeoka wa kikaru anak an ruwe ne kusu,"
1475,True,7,2,6,6,0,,,"onne kur anakne nep kamuy ne yakka,"
1476,True,12,2,11,11,0,,,"tomot yakka nen ka kar ka somo ki ne p ne kus_,"
1477,True,7,2,6,6,0,,,"onne ekasi ne a= e= kar wa,"
1478,True,6,2,5,5,0,,,a= e= sante p ne na.
1479,True,8,2,7,7,0,,,e= san wa e= ek pe ne na.
1480,True,7,2,6,6,0,,,"ora e= san wa isimne an yakun,"
1481,True,10,2,9,9,0,,,"aynu ne hekaci ne a= e= kar wa an yakun,"
1482,True,3,2,2,2,0,,,"'tapne kane ekas,"
1483,True,11,2,10,10,0,,,"a= ekasi i= resu hi ne hawe an ruwe ne kusu,"
1484,True,8,2,7,7,0,,,"a= acautari a= yuputari sake ne p ueunno,"
1485,True,11,2,10,10,0,,,se wa i= tura yak pirka sekor a= ekasi i= utek.'
1486,True,8,2,7,7,0,,,"sekor e= hawean kor ki yak pirka na."""
1487,True,5,2,4,4,0,,,"sekor a= ekasi hawean kor,"
1488,True,5,2,4,4,0,,,"konto punkaw kuwa kar hine,"
1489,True,5,2,4,4,0,,,"i= etetere ruwe ne akus_,"
1490,True,13,2,12,12,0,,,"konto onne ekasi a= ne wa hotku =an kane isenuwap =an kor orano,"
1491,True,8,2,7,7,0,,,"san =an ru anak an pe ne kusu,"
1492,True,3,2,2,2,0,,,"san =an ayne,"
1493,True,9,2,8,8,0,,,hunna i= ekari si keweri aynu ek siri iki
1494,True,5,2,4,4,0,,,"orano ekari san =an ayne,"
1495,True,6,2,5,5,0,,,"i= tukari ta ek h_i kusu,"
1496,True,4,2,3,3,0,,,"mono a =an h_ine,"
1497,True,10,2,9,9,0,,,"isenuwap =an kor onne ekasi a= ne p ne kusu,"
1498,True,9,2,8,8,0,,,"isenuwap =an kor mono a =an ruwe ne akusu,"
1499,True,12,2,11,11,0,,,"sorekusu si keweri poro aynu i= tukari ta mono a hi kusu,"
1500,True,10,2,9,9,0,,,"a= erankarap isenuwap =an kor a= erankarap ruwe ne akus,"
1501,True,4,2,3,3,0,,,"i= erankarap h_ine ora,"
1502,True,12,2,11,11,0,,,"i= akkari hine arpa h_i kusu os inkar =an ruwe ne akusu,"
1503,True,10,2,9,9,0,,,"sorekusu asinuma anak a= nukar ka eramiskari p ne korka,"
1504,True,18,2,17,17,0,,,"kamuy sekor a= ye p ne noyne an si poro kamuy mun tum osma siri a= nukar h_ine,"
1505,True,14,2,13,13,0,,,"orano san =an hine sonno ka Iskar putu ta san =an ruwe ne akus_,"
1506,True,12,2,11,11,0,,,kotan kor kur_ ne yak a= ekasi i= ye p ne kus
1507,True,7,2,6,6,0,,,kotan soy a= kus h_ine arpa =an.
1508,True,13,2,12,12,0,,,"inne kotan an h_ine kotan noske ta mosir pak cise an soyke ta,"
1509,True,13,2,12,12,0,,,"isenuwap =an kor kuwa ka a= notomare hine an =an ruwe ne akus,"
1510,True,5,2,4,4,0,,,pirka okere pon menoko soyne.
1511,True,6,2,5,5,0,,,"i= nukar h_ine ora ahun h_ine,"
1512,True,12,2,11,11,0,,,"""sorekusu, o... soy ta sorekusu kamuy ne kus koraci an onne kur"
1513,True,9,2,8,8,0,,,"soy ta isenuwap kor an."" sekor hawean hawas akusu,"
1514,True,3,2,2,2,0,,,"a= kopasrota wa,"
1515,True,15,2,14,14,0,,,"""onne kur_ ne ayke nen ne ayke ahup rusuy kusu cise soy ta arki p,"
1516,True,7,2,6,6,0,,,"somo a= ahupte p ne ene hawean."""
1517,True,2,2,1,1,0,,,sekor hawean.
1518,True,7,2,6,6,0,,,munnupa hine ora i= ahunte kus ye.
1519,True,7,2,6,6,0,,,"sinu kane reye kane ahun =an h_ine,"
1520,True,9,2,8,8,0,,,"ape etok ta a =an kuni ne siran akusu,"
1521,True,5,2,4,4,0,,,"a =an ruwe ne akusu,"
1522,True,11,2,10,10,0,,,"nea cise kor onne kur sorekusu aynu ka utarpake an h_ine,"
1523,True,6,2,5,5,0,,,ramno kane tekrikikurpuni h_ine i= erankarap
1524,True,10,2,9,9,0,,,"a= erankarap hine, ora an =an ruwe ne hi ta,"
1525,True,6,2,5,5,0,,,"""kamuy yantokor an ruwe ne kus_,"
1526,True,9,2,8,8,0,,,"a= matnepoho pirkano yaske wa pirkano suke yak pirka."""
1527,True,8,2,7,7,0,,,"sekor_ cise kor kur hawean ruwe ne akus,"
1528,True,12,2,11,11,0,,,nea pon menoko ineapkusun suke tomte wa iki ya ka a= eramiskari.
1529,True,6,2,5,5,0,,,pirka suke ki kor an ...
1530,True,5,2,4,4,0,,,"an rapokkehe esoyne sittokes akusu,"
1531,True,5,2,4,4,0,,,"aynu arki hum as akus,"
1532,True,6,2,5,5,0,,,"soyne nea pon menoko ki akus,"
1533,True,9,2,8,8,0,,,"konto okkaypo ka utarpake tun soyosipitatpa hine ahup hine,"
1534,True,5,2,4,4,0,,,i= erankarap pa a= erankarap.
1535,True,13,2,12,12,0,,,"sorekusu ineapkusun i= eoripak pa w_a iki pa ya ka a= eramiskari hine,"
1536,False,13,2,12,11,1,haw,he …,"ora he … huype or emus kuste pa hine a= i= kopuni hike,"
1537,True,9,2,8,8,0,,,"asinuma ka a= e ka eramiskari p ne korka,"
1538,True,12,2,11,11,0,,,"a= i= kopuni p ne kus a= e ruwe ne h_ine ora,"
1539,True,6,2,5,5,0,,,ipe =an pirka a= i= koypuni.
1540,True,15,2,14,14,0,,,"sorekusu ineapkusun ipe pirka sirki ya ka a= eramiskari kor a= i= ipere hine ora,"
1541,True,9,2,8,8,0,,,rorunso or_ ta a= ehotke _i a= kar hine
1542,True,7,2,6,6,0,,,oro ta isenuwap =an kor arpa =an.
1543,True,7,2,6,6,0,,,"neno hotke =an ruwe ne a p,"
1544,True,7,2,6,6,0,,,"kuneywa nea poniwne okkaypo tunasno hopuni hine,"
1545,True,5,2,4,4,0,,,rorunpuyar oriko kus arpa hine
1546,True,8,2,7,7,0,,,"i= nukar_ ru ... sinne noyne iki akusu,"
1547,True,10,2,9,9,0,,,ora konto kor ya ... inkar =an ruwe ne akus
1548,True,13,2,12,12,0,,,"ene a pirka =an hekaci a= ne a h_i neno an =an h_ine,"
1549,True,9,2,8,8,0,,,"a= ehotke _i ta an =an ruwe ne korka,"
1550,True,13,2,12,12,0,,,"hopuni ka a=eyay … konto … neno an =an wa an =an akusu,"
1551,True,11,2,10,10,0,,,"onautari oro ta arpa wa ye noyne yaynu =an akusu ora,"
1552,True,7,2,6,6,0,,,cisekonnispa hopuni hine ewonne a ewonne a.
1553,True,4,2,3,3,0,,,kutkor hine mono a.
1554,True,8,2,7,7,0,,,nea kiyanne okkaypo ka nea menokopo ka hopunpa.
1555,True,8,2,7,7,0,,,"pirka suke ki kor oka h_i kus ora,"
1556,True,16,2,15,15,0,,,"hopuni =an h_ine ape etok ta a =an kuni uske sara wa an pe ne kus_,"
1557,True,7,2,6,6,0,,,"oro ta a =an ruwe ne akusu,"
1558,True,5,2,4,4,0,,,"kanna ruyno i= koonkami pa,"
1559,True,14,2,13,13,0,,,"""makanak ki hine onne nispa an h_i ne humi ne kunak a= ramu wa,"
1560,True,13,2,12,12,0,,,"ene ...ene an hekaci sorekus kamuy hekaci hinak wa mak e= iki hine,"
1561,True,7,2,6,6,0,,,"ene e= an ruwe an h_i an?"""
1562,True,5,2,4,4,0,,,sekor_ nea cisekonnispa i= kowepekennu.
1563,True,13,2,12,12,0,,,"iteki a= esina no a= ye kuni a= ekasi ye p ne kus_,"
1564,True,10,2,9,9,0,,,""" tan a= kor pet hontomo ta a= onaha an."
1565,True,6,2,5,5,0,,,"a= unu utar oka a p,"
1566,True,9,2,8,8,0,,,"sine ancikar tu ancikar_ ne ya kotan a= arustekka,"
1567,True,6,2,5,5,0,,,"kamuy payoka _hine a= arustekka hine,"
1568,True,12,2,11,11,0,,,"oro ta a= unu inawcipa i= kohokuste hine ... ruwe ne p,"
1569,True,2,2,1,1,0,,,kamuy opitta
1570,True,8,2,7,7,0,,,'hunna aynu hekaci sikaosomare sikaokuymare rusuy pe an.'
1571,True,6,2,5,5,0,,,"sekor hawoka h_ine ... hine ora,"
1572,True,7,2,6,6,0,,,"yaykopuyarseske yaykoapaseske pa p ne kus oraun,"
1573,True,12,2,11,11,0,,,"cisekorkamuy kamuy ekasi i= resu wa an ruwe ne yak ye kor,"
1574,True,14,2,13,13,0,,,"konto i= resu wa an ayne, 'tane onne =an wa apkas ka a= nukuri."
1575,True,8,2,7,7,0,,,"a= e= resu ka nukuri ruwe ne kusu,"
1576,True,5,2,4,4,0,,,"e= san wa ne ciki,"
1577,True,10,2,9,9,0,,,"e= yuputari pak kewtum pirka p isam pe ne kus_,"
1578,True,15,2,14,14,0,,,"e= ek ciki sake ne p ueunno e= yuputari kor wa arki pa yak pirka,"
1579,True,8,2,7,7,0,,,"sekor e= hawean yak pirka na.' sekor kane,"
1580,True,6,2,5,5,0,,,`na cip ani arki pa ya...
1581,True,15,2,14,14,0,,,"konto cip ani a= e= kusa wa, e= ek kuni e= ye yak pirka na.'"
1582,True,7,2,6,6,0,,,"sekor a= ekasi i= ye ruwe ne."""
1583,True,4,2,3,3,0,,,sorekusu nea konto cisekonnispa
1584,True,3,2,2,2,0,,,"""a= kor son"""
1585,True,5,2,4,4,0,,,"sekor hawean kor i= yaykomuraypa,"
1586,True,6,2,5,5,0,,,"uturu peka nea cisekorkatkemat ek wa,"
1587,True,3,2,2,2,0,,,"""a= kor son,"
1588,True,9,2,8,8,0,,,"ene hetap a= kemnu p a= utarihi ne akusu,"
1589,True,17,2,16,16,0,,,"a= kor_ nispa okakehe ene kamuy resu a= kor son ki wa an hawe ene an h_i."""
1590,True,4,2,3,3,0,,,"sekor kane haweoka kor_,"
1591,True,4,2,3,3,0,,,"nea a= yuputari ka,"
1592,True,2,2,1,1,0,,,"""a= aktonoke."""
1593,True,5,2,4,4,0,,,"sekor haweoka kor, i= ukomuraypa."
1594,True,7,2,6,6,0,,,"ukoparaparak pa kor, ki pa ruwe ne."
1595,True,6,2,5,5,0,,,oatce un ka aynu arki pa.
1596,True,5,2,4,4,0,,,"""mak ne haw ne ya."""
1597,True,11,2,10,10,0,,,"tapne ne ruwe ne yak ye pa ruwe ne hine orano,"
1598,True,18,2,17,17,0,,,"konto tapne ne wa sake ne p ueunno a= se kuni a= kor ekasi ye p ne kusu,"
1599,True,8,2,7,7,0,,,"konto etokoyki pa hine tori an pa hine,"
1600,True,9,2,8,8,0,,,ora kuneywa pon a= yupi i= kusa po ...
1601,True,10,2,9,9,0,,,"a= saha poro a= yupi kusa h_i orano, paye =an."
1602,True,16,2,15,15,0,,,"nea a= uni ta paye =an, petaru or_ ta ki hine, paye =an ruwe ne akus_,"
1603,True,4,2,3,3,0,,,earkinne a= ekasi eyaykopuntek.
1604,True,9,2,8,8,0,,,"orano a= yuputari sorekus koonkami rok onkami rok h_ine,"
1605,True,13,2,12,12,0,,,"paye =an h_i nani sorekus_ sintoko ka poronno ikiri okay pe ne kusu,"
1606,True,12,2,11,11,0,,,"konto a= yupihi utar nani ne ancikari wano sake kar pa hine,"
1607,True,17,2,16,16,0,,,"sake ...tori ...ne a= saha aep ne yakka sike ki wa paye =an pa p ne kusu,"
1608,True,14,2,13,13,0,,,"a= saha suke wa a= kor ekasi ne yakka koypuni wa ipe =an h_ine,"
1609,True,4,2,3,3,0,,,"tane sake pirka wa,"
1610,True,6,2,5,5,0,,,"""nisatta anakne iku =an pe ne."""
1611,True,10,2,9,9,0,,,sekor a= yuputari hawoka kor inawke rok inawke rok pa.
1612,True,8,2,7,7,0,,,"inaw tuypa hine, ki pa ruwe ne akusu,"
1613,True,6,2,5,5,0,,,"""nisatta anak iku =an pe ne."""
1614,True,7,2,6,6,0,,,"sekor hawean ruwe ne akusu ipe =an,"
1615,True,11,2,10,10,0,,,"sine ancikar ki ruwe ne akusu a= ekasi ene hawean h_i,"
1616,True,10,2,9,9,0,,,"""nisatta anakne onne =an wa a= motottakupi an nankor kusu,"
1617,True,9,2,8,8,0,,,a= kor son tan ukuran mosma a= e= tumam.
1618,True,10,2,9,9,0,,,"tane pakno a= e= tumam _wa hotke =an a korka,"
1619,True,10,2,9,9,0,,,"tewano anakne i= nukar ka somo ki p ne kusu,"
1620,True,8,2,7,7,0,,,"sorekus_ a= e= epunkine p ne kus_ sorekusu,"
1621,True,16,2,15,15,0,,,kamuy siri ne an kamuy sasimi e= ne p ne kus_ e= ki p ne na.
1622,True,11,2,10,10,0,,,"e= yuputari e= tura wa oro ta e= an yak anak,"
1623,True,13,2,12,12,0,,,nep e= sitoma ka e= kor_ rusuy ka somo ki p ne na.
1624,True,6,2,5,5,0,,,"iteki e= cis pe ne na."""
1625,True,5,2,4,4,0,,,"sekor a= ekasi hawean kor,"
1626,True,6,2,5,5,0,,,"i= tumam hine hotke =an h_ine,"
1627,True,11,2,10,10,0,,,"kuneywa hopuni =an akus_ a= ekasihi inaw motot takup ne hine,"
1628,True,11,2,10,10,0,,,"cisekorkamuy ne yak ye wa inaw motot ne hine an orano,"
1629,True,4,2,3,3,0,,,"""a= ekasi a= ekasi."""
1630,True,7,2,6,6,0,,,"sekor hawean =an kor paraparak =an akus_,"
1631,True,16,2,15,15,0,,,"""hinta a= ekasi e= ye h_i an wa a= aki ene cis hawe an h_i an?"""
1632,True,3,2,2,2,0,,,"sekor_ ne kor,"
1633,True,9,2,8,8,0,,,"konto a= ekasi ...sorekus_ a= yuputari inaw tuypa wa,"
1634,True,7,2,6,6,0,,,"inaw ke rok ke rok pa hine,"
1635,True,4,2,3,3,0,,,"inaw korpare pa hine,"
1636,True,8,2,7,7,0,,,"ora ram nusa ora ri nusa ukouturke ta,"
1637,True,14,2,13,13,0,,,"a= ekasihi asir kamuy ne asir pito ne ki pa kunak ye pa kor,"
1638,True,6,2,5,5,0,,,orano kamuynomi rok kamuynomi rok pa.
1639,True,2,2,1,1,0,,,sinnurappa pa.
1640,True,11,2,10,10,0,,,"""kamuy opitta a= onaha sorekus tapne ne hi nu h_i oraun,"
1641,True,8,2,7,7,0,,,"tuyma yakka sinnurappa anak uneno an pe ne."""
1642,True,6,2,5,5,0,,,"sekor hawean kor ki a yakka,"
1643,True,7,2,6,6,0,,,"""sorekusu a= acautari a= unarpeutari sorekus ...."
1644,True,10,2,9,9,0,,,"sorekusu pirka kamuy ne kewtum pirka pa kusu, ki pa."
1645,True,9,2,8,8,0,,,"kotan kor utar_ ne yakka a= koicarpa sinne na."""
1646,True,7,2,6,6,0,,,sekor haweoka kor icarpa rok icarpa rok.
1647,True,7,2,6,6,0,,,"tori kane oka =an h_ine ora konto,"
1648,True,8,2,7,7,0,,,"cip or un pirka kane p a= rura,"
1649,True,14,2,13,13,0,,,sorekusu ineapkusun ikorepirka p a= ona ne aan wa siran y_a ka a= eramiskari.
1650,True,5,2,4,4,0,,,"cip sikno a= rura hine,"
1651,True,8,2,7,7,0,,,a= aca oro ta sap =an ruwe ne.
1652,True,12,2,11,11,0,,,"orano a= aca earkinne sorekusu ikopuntek kor ki ruwe ne h_ine orano,"
1653,True,4,2,3,3,0,,,"oka =an h_ine ora,"
1654,True,10,2,9,9,0,,,"konto kotan kor utar suy a= yuputari siren pa h_ine,"
1655,True,10,2,9,9,0,,,kotan kor utar_ ne yakka cip kor wa paye pa.
1656,True,2,2,1,1,0,,,suke pa.
1657,True,4,2,3,3,0,,,asirkinne suy nurappa pa.
1658,True,10,2,9,9,0,,,"kotan kor utar_ ne yakka sorekus_ inne kotan ne kusu,"
1659,True,6,2,5,5,0,,,"iyoykir oka uske peka perpa wa,"
1660,True,15,2,14,14,0,,,"""oro wa sorekus macikor_ ne yakka soy a= o yak pirka"" sekor a= ekasi ye "
1661,True,8,2,7,7,0,,,ora suy kotan kor utar a= yuputari tura.
1662,True,8,2,7,7,0,,,"asinuma ka itura =an h_ine, paye =an _hine"
1663,True,9,2,8,8,0,,,cise pisno pisno iyoykir oka uske peka puspa ...
1664,True,2,2,1,1,0,,,opuspa pa.
1665,True,12,2,11,11,0,,,"sorekusu ikorepirka pa ne pa p ne a= ye p ne kus_,"
1666,True,6,2,5,5,0,,,sorekusu nispa kor pe soyo pa.
1667,True,5,2,4,4,0,,,macikor_ ne yakka soyo pa.
1668,True,9,2,8,8,0,,,a= unuhu kor macikor_ ne yakka soy a= omare.
1669,True,5,2,4,4,0,,,"a= kuspa hine sap wa,"
1670,True,5,2,4,4,0,,,"oraun, ""neno ne yakun oraun,"
1671,True,9,2,8,8,0,,,arsuy tusuy poka nispa utar nurappa pa yak pirka.
1672,True,6,2,5,5,0,,,"use utar ki pa yak pirka."""
1673,True,8,2,7,7,0,,,"sekor a= yuputari hawoka kor sap =an wa,"
1674,True,12,2,11,11,0,,,ineapkusun a= yuputari i= omap wa iki pa ya ka a= eramiskari.
1675,True,9,2,8,8,0,,,pon a= yupihi patek i= tumam wa hotke =an.
1676,True,12,2,11,11,0,,,"sorekusu nep a= e rusuy nep a= kor_ rusuy somo ki no,"
1677,True,16,2,15,15,0,,,"ineapkusun pon a= saha ene i= omap wa iki ya ka a= eramiskari no ki rapokkehe,"
1678,True,3,2,2,2,0,,,tane poro =an.
1679,True,8,2,7,7,0,,,"a= yuputari a= tura kane ekimne =an kor,"
1680,True,9,2,8,8,0,,,yuk ne ciki kamuy ne ciki nuwe a= koan.
1681,True,7,2,6,6,0,,,rapokke poro a= yupi ka sinna an.
1682,True,6,2,5,5,0,,,pon a= yupi ka sinna an.
1683,True,10,2,9,9,0,,,"""a= karkuhu i= arso un ya ka a= nukar kusne."""
1684,True,15,2,14,14,0,,,"sekor a= aca hawean kor pirka menoko kotan or_ ta etun wa i= kore wa,"
1685,True,13,2,12,12,0,,,nep a= e rusuy nep a= kor_ rusuy somo ki no oka =an.
1686,True,12,2,11,11,0,,,"orano a= saha ne yakka yayramekote wa yayramekotpa wa pokor pa yakka,"
1687,True,9,2,8,8,0,,,ineapkusun i= omaruypa iki pa ya ka a= eramiskari.
1688,True,12,2,11,11,0,,,"kotan kor utar sorekus_ a= kotanu un icarpa pa yak ye pa,"
1689,True,5,2,4,4,0,,,sake kor pa kor ki.
1690,True,6,2,5,5,0,,,kotan or_ ta a= i= ukoaynukor.
1691,True,9,2,8,8,0,,,ikoytupa pa p iperusuy pa p a= i= korpare.
1692,True,9,2,8,8,0,,,sorekus nuwe a= koan pe cikoykip ne kus ki.
1693,True,15,2,14,14,0,,,"ora a= kor ekasi sorekus_ punkaw a= kor ekasi a= koypuni yak a= ye kor,"
1694,True,12,2,11,11,0,,,"san a= kar wa oro ta a= pirkakar pe a= ari kor,"
1695,True,9,2,8,8,0,,,"a= kor ekasi uk wa, ne kuni a= ramu."
1696,True,3,2,2,2,0,,,oar isam kor
1697,True,14,2,13,13,0,,,sorekus_ sake a= kor kor a= kor ekasi inaw ani sake ani a= nomi.
1698,True,5,2,4,4,0,,,sorekusu an kusu siknu =an.
1699,True,11,2,10,10,0,,,"an kusu ki p a= kor ekasi ne kus ki oraun,"
1700,True,14,2,13,13,0,,,"ne a= kor pet emko ta oka utar tapne ne hi a= nu h_ike,"
1701,True,11,2,10,10,0,,,"""a= aki. a= katki somo ki. e= ki p ne wa."""
1702,True,3,2,2,2,0,,,"sekor hawoka kor,"
1703,True,10,2,9,9,0,,,"ne a= yuputari ne yak ye p sap pa wa,"
1704,True,8,2,7,7,0,,,i= kotoritori pa hine hosippa pa ruwe ne.
1705,True,9,2,8,8,0,,,"okake ta oka =an h_ine i= kosinewpa pa wa,"
1706,True,2,2,1,1,0,,,uoruspenu =an.
1707,True,6,2,5,5,0,,,"an =an h_i eramuoka h_i orano,"
1708,True,11,2,10,10,0,,,"ne a= yuputari cip ani Iskar putu ta sap pa wa,"
1709,True,15,2,14,14,0,,,sake kor pa kor ... sake a= kor kor aske a= uyna pa kor arki.
1710,True,8,2,7,7,0,,,"arki pa sap wa a= nukar pa wa,"
1711,True,11,2,10,10,0,,,sakekar pa kor oro ta paye =an pa wa a= nukar.
1712,False,7,2,6,5,1,hi,acaha ka,"a= acaha ka ki pa rok ayne,"
1713,True,12,2,11,11,0,,,a= acautari ka onne okake ta sorekus_ siasuraste =an kor oka =an.
1714,True,7,2,6,6,0,,,posiresitte =an wa sorekus_ pokor =an yakka
1715,True,12,2,11,11,0,,,"a= yuputari yaykata poutari omap siri isam no i= koyyomap pa ayne,"
1716,True,9,2,8,8,0,,,"tane a= yuputari ka poho utar ka rupne wa,"
1717,True,9,2,8,8,0,,,hinaoka h_ike uehosi iki pa siri ka isam pa.
1718,True,12,2,11,11,0,,,"a= poutari ne yakka menoko or_ ta okkayo or_ ta ki wa,"
1719,True,14,2,13,13,0,,,"sorekusu a= macihi macikor_ ne yakka sinrit kor pe a= kore p ne kusu,"
1720,True,9,2,8,8,0,,,"macikor_ ne yakka nuwe koan wa oka =an ayne,"
1721,True,11,2,10,10,0,,,tane asinuma ka onne ... a= acautari ka onne okake ta
1722,True,13,2,12,12,0,,,"a= yuputari ka kiyanne pa p ne kus_ hoski onne pa okake ta,"
1723,True,20,2,19,19,0,,,"""a= aki e= ne wa i= os e= ek kusu sorekusu yayutarepunkine e= ki wa e= ek pe ne na."""
1724,True,8,2,7,7,0,,,"sekor a= yuputari ye pa p ne kus,"
1725,True,6,2,5,5,0,,,kotan kor utar a= epunkine pa.
1726,True,11,2,10,10,0,,,"nep a= e rusuy nep a= kor_ rusuy somo ki ayne,"
1727,True,11,2,10,10,0,,,"tane asinuma ka onne =an siri ene an h_i ne kus_,"
1728,True,9,2,8,8,0,,,tapne ne wa sorekus_ onne ekasi i= resu yakun
1729,True,9,2,8,8,0,,,"aynu hene ne kunak a= ramu p ne p,"
1730,True,7,2,6,6,0,,,"cisekorkamuy i= resu hi ne aan wa,"
1731,True,12,2,11,11,0,,,"ruwe ne hi kusu a= poutari pirkano cisekorkamuy sorekus pirkakar pa wa,"
1732,True,10,2,9,9,0,,,a= kor ekasi nomi pa yakne sermakkor pa kusne kus_
1733,True,6,2,5,5,0,,,sekor a= paskuma kor onne =an.
1734,True,5,2,4,4,0,,,sekor sino nispa hawean sekor.
1735,True,3,2,2,2,0,,,V1:apemerumeru koyankoyan mat
1736,True,2,2,1,1,0,,,V2: ateyatenna
1737,True,2,2,1,1,0,,,V1 V2
1738,True,3,2,2,2,0,,,u kunne hene
1739,True,5,2,4,4,0,,,V1 V2 u tokap hene
1740,True,4,2,3,3,0,,,V1 V2 kemeyki patek
1741,True,6,2,5,5,0,,,V1 ci= ki pa ki na.
1742,True,4,2,3,3,0,,,V1 ci= kemru oka
1743,True,4,2,3,3,0,,,V1 ci= kemru etok
1744,True,4,2,3,3,0,,,V1 tu imeru kur
1745,True,3,2,2,2,0,,,re imeru kur
1746,True,2,2,1,1,0,,,kotuytuyke na
1747,True,4,2,3,3,0,,,V1 tapan pe patek
1748,True,5,2,4,4,0,,,V1 nepki ne ci= ki
1749,True,4,2,3,3,0,,,V1 enune ki kor
1750,True,4,2,3,3,0,,,V1 oka =as akusu
1751,True,3,2,2,2,0,,,V1 u sineanto
1752,True,3,2,2,2,0,,,V1 tumasnu kamuy
1753,True,4,2,3,3,0,,,V1 ne yak easir
1754,True,3,2,2,2,0,,,V3:apemerumeru kotom korkayki
1755,True,4,2,3,3,0,,,V1 kamuy arki hum
1756,True,2,2,1,1,0,,,u ratcitara
1757,True,4,2,3,3,0,,,V1 u arki ayne
1758,True,2,2,1,1,0,,,apapa unno
1759,True,4,2,3,3,0,,,u turse ki na
1760,True,5,2,4,4,0,,,V1 V2 ene itak h_i
1761,True,2,2,1,1,0,,,V1 “nisositciw
1762,True,2,2,1,1,0,,,imakake ta
1763,True,4,2,3,3,0,,,V1 u pase kamuy
1764,True,3,2,2,2,0,,,e= ante hoku
1765,True,4,2,3,3,0,,,V1 e= sokar hoku
1766,True,3,2,2,2,0,,,V1 tumunci kamuy
1767,False,7,2,6,5,1,ja,hot tumihi,V1 re hot ... re hot tumihi
1768,True,4,2,3,3,0,,,V1 ukoyki ki wa
1769,True,4,2,3,3,0,,,somo e= kopas y_akun
1770,True,4,2,3,3,0,,,V1 e= hekote kamuy
1771,True,4,2,3,3,0,,,V1 a= maketa noyne
1772,True,5,2,4,4,0,,,V3 u sirki ki wa
1773,True,2,2,1,1,0,,,V1 itekekarpe
1774,True,4,2,3,3,0,,,V1 noya utasa p
1775,True,5,2,4,4,0,,,V1 a= ne ruwe ne
1776,True,5,2,4,4,0,,,V1 a= e= koasurani kusu
1777,True,3,2,2,2,0,,,nisositciw imakake wa
1778,True,5,2,4,4,0,,,V1 u ek =an ruwe
1779,True,3,2,2,2,0,,,enune ki na
1780,True,6,2,5,5,0,,,"V1 e= ikaopas pe ne na."""
1781,True,4,2,3,3,0,,,V1 sekor itak kor
1782,True,4,2,3,3,0,,,V1 harkiso kus wa
1783,True,4,2,3,3,0,,,V1 nusa or unno
1784,True,4,2,3,3,0,,,u arpa ki na
1785,True,6,2,5,5,0,,,V1 a= kar wa okay pe
1786,True,4,2,3,3,0,,,V1 siruy a= oraypa
1787,True,4,2,3,3,0,,,V1 ape a= una
1788,True,5,2,4,4,0,,,ape … u kunne rerko
1789,True,2,2,1,1,0,,,tokap rerko
1790,True,2,2,1,1,0,,,a= arkehosi
1791,True,5,2,4,4,0,,,a= us pa ki na
1792,True,4,2,3,3,0,,,V3 “u nupan kamuy
1793,True,5,2,4,4,0,,,"a= ne pa he ki"""
1794,True,2,2,1,1,0,,,enune sekor
1795,True,6,2,5,5,0,,,u yaynu =an pe ne kusu
1796,True,2,2,1,1,0,,,u ratcitara
1797,True,5,2,4,4,0,,,sa ... sipinpa =an wa
1798,True,5,2,4,4,0,,,V1 u arpa =an na
1799,True,2,2,1,1,0,,,V1 nisositciw
1800,True,2,2,1,1,0,,,imakake ta
1801,True,4,2,3,3,0,,,u arpa =an akusu
1802,True,4,2,3,3,0,,,V1 u sonno poka
1803,True,1,2,1,1,0,,,ineapkusun
1804,True,4,2,3,3,0,,,V1 utari inne p
1805,True,4,2,3,3,0,,,V1 apaha inne p
1806,True,3,2,2,2,0,,,V1 tumunci kamuy
1807,True,7,2,6,6,0,,,V1 u ne ruwe ne ya ka
1808,True,2,2,1,1,0,,,a= eramiskari
1809,True,4,2,3,3,0,,,V1 a= hekote kamuy
1810,True,2,2,1,1,0,,,V3 koyaywennukar
1811,True,3,2,2,2,0,,,V3 ki kor
1812,True,4,2,3,3,0,,,u an ruwe ne
1813,True,7,2,6,6,0,,,V1 neun … u an a ciki
1814,True,3,2,2,2,0,,,u pirka ki
1815,True,5,2,4,4,0,,,u yaynu =an hi kusu
1816,True,6,2,5,5,0,,,V1 ne wa okay pa p
1817,True,1,2,1,1,0,,,okari
1818,True,3,2,2,2,0,,,ape a= omare
1819,True,4,2,3,3,0,,,V1 a= hekote nispa
1820,True,3,2,2,2,0,,,V1 sinuma anak
1821,True,3,2,2,2,0,,,oyak un arpa
1822,True,3,2,2,2,0,,,V1 tumunci kamuy
1823,True,3,2,2,2,0,,,u kor kotanu
1824,True,3,2,2,2,0,,,un cise hene
1825,True,3,2,2,2,0,,,V1 or opitta
1826,True,3,2,2,2,0,,,ape a= omare
1827,True,4,2,3,3,0,,,V1 iruka ne kor
1828,True,4,2,3,3,0,,,V1 okake an na.
1829,True,4,2,3,3,0,,,V1 a= hoku nispa
1830,True,3,2,2,2,0,,,a= hekote nispa
1831,True,3,2,2,2,0,,,ene itak h_i
1832,True,3,2,2,2,0,,,“a= kor katkemat
1833,True,5,2,4,4,0,,,V1 eani ne yak easir
1834,True,8,2,7,7,0,,,V3 a= e= ko ... a= e= otuwasi
1835,True,4,2,3,3,0,,,V1 enune ki wa
1836,True,4,2,3,3,0,,,V1 noya utasa p
1837,True,5,2,4,4,0,,,noya a= kar pa hine
1838,True,2,2,1,1,0,,,asurkor awa
1839,True,4,2,3,3,0,,,V1 e= ek kuskeray
1840,True,4,2,3,3,0,,,"V1 siknu =an na."""
1841,True,2,2,1,1,0,,,V1 orowano
1842,True,4,2,3,3,0,,,V1 a= sokar hoku
1843,True,2,2,1,1,0,,,V3 turano
1844,True,3,2,2,2,0,,,a= ante hoku
1845,True,2,2,1,1,0,,,turano kayki
1846,True,3,2,2,2,0,,,V1 u ratcitara
1847,True,3,2,2,2,0,,,uenewsar =an kor
1848,True,5,2,4,4,0,,,V1 u arpa =an hine
1849,True,4,2,3,3,0,,,a= un cise ta
1850,True,5,2,4,4,0,,,V1 u arpa =an hine
1851,True,1,2,1,1,0,,,orowano
1852,True,2,2,1,1,0,,,u ratcitara
1853,True,5,2,4,4,0,,,V1 oka =an ki na
1854,True,5,2,4,4,0,,,V3 ta pakno ne kor
1855,True,1,2,1,1,0,,,V1
1856,True,8,2,7,7,0,,,"tane anakne asinuma ka tumikor ka a= etoranne,"
1857,True,6,2,5,5,0,,,"a= hekote nispa ka ki kusu,"
1858,True,6,2,5,5,0,,,sekor apekancari kamuy katkemat hawean sekor.
1859,True,12,2,11,11,0,,,yap =an h_i ora easir noya utasa p a= hopunire SITARI ki.
1860,True,1,2,1,1,0,,,V:nooaauu
1861,True,4,2,3,3,0,,,p a= ante hoku
1862,True,3,2,2,2,0,,,V turano kayki
1863,True,4,2,3,3,0,,,V u kunne hene
1864,True,3,2,2,2,0,,,V tokap hene
1865,True,6,2,5,5,0,,,V a= ki pa ki na
1866,True,4,2,3,3,0,,,V a= ante hoku
1867,True,4,2,3,3,0,,,V a= sokar hoku
1868,True,4,2,3,3,0,,,V u kunne hene
1869,True,4,2,3,3,0,,,V u tokap hene
1870,True,3,2,2,2,0,,,V tomika nuye
1871,True,4,2,3,3,0,,,V u sirka nuye
1872,True,3,2,2,2,0,,,V tapanpe patek
1873,True,5,2,4,4,0,,,V nepki ne ki wa
1874,True,4,2,3,3,0,,,V kunne an kor
1875,True,3,2,2,2,0,,,V nipeknu tompi
1876,True,3,2,2,2,0,,,V sikari tompi
1877,True,4,2,3,3,0,,,V u kunne hene
1878,True,4,2,3,3,0,,,V u tokap hene
1879,True,3,2,2,2,0,,,V kemeyki patek
1880,True,6,2,5,5,0,,,V a= ki pa ki na
1881,True,3,2,2,2,0,,,V kemeyki patek
1882,True,7,2,6,6,0,,,V a= ki p a= ne kusu
1883,True,3,2,2,2,0,,,V tu imerukur
1884,True,3,2,2,2,0,,,V re imerukur
1885,True,3,2,2,2,0,,,V kotuytuyke na
1886,True,2,2,1,1,0,,,V yaykurkata
1887,True,5,2,4,4,0,,,V ne wa ne yakka
1888,True,5,2,4,4,0,,,V pon ... p anramasu
1889,True,6,2,5,5,0,,,V a= ki pa ki na
1890,True,2,2,1,1,0,,,V hemtomaniwano
1891,True,3,2,2,2,0,,,V kakkok kasuno
1892,True,3,2,2,2,0,,,V poro kakkok
1893,True,4,2,3,3,0,,,V a= un cisehe
1894,True,5,2,4,4,0,,,V kasi ta rew wa
1895,True,4,2,3,3,0,,,V haw ... hawkokari
1896,True,4,2,3,3,0,,,V enune ki kor
1897,True,5,2,4,4,0,,,V okay =an ki na
1898,True,3,2,2,2,0,,,V tane anakne
1899,True,5,2,4,4,0,,,V ohor pe ne kor
1900,True,4,2,3,3,0,,,V a= hekote kamuy
1901,True,4,2,3,3,0,,,V a= kopunpa p
1902,True,5,2,4,4,0,,,V e ka somo ki
1903,True,5,2,4,4,0,,,V husko a= kopunpa p
1904,True,4,2,3,3,0,,,V kunne kumi us
1905,True,5,2,4,4,0,,,V asir a= kopunpa p
1906,True,4,2,3,3,0,,,V retar kumi us
1907,True,3,2,2,2,0,,,V tapanpe pakno
1908,True,5,2,4,4,0,,,V ipe ka somo ki
1909,True,3,2,2,2,0,,,V tane anakne
1910,True,3,2,2,2,0,,,V heru ponehe
1911,True,4,2,3,3,0,,,V heru potonoci? kapuhu?
1912,True,3,2,2,2,0,,,V enune ruwe
1913,True,4,2,3,3,0,,,V makanak ne kus_
1914,True,3,2,2,2,0,,,V ene easir
1915,True,4,2,3,3,0,,,V u kakkok kamuy
1916,True,4,2,3,3,0,,,V a= un cisehe
1917,True,5,2,4,4,0,,,V kasi ta rew wa
1918,True,5,2,4,4,0,,,V u hawkor a h_i
1919,True,5,2,4,4,0,,,V u yaynu =an na
1920,True,5,2,4,4,0,,,V pan a= kor yupi
1921,True,5,2,4,4,0,,,V p a= ante hoku
1922,True,3,2,2,2,0,,,V tan huskotoywa
1923,True,3,2,2,2,0,,,V apehosi wa
1924,True,4,2,3,3,0,,,V hopunpa ki na
1925,True,3,2,2,2,0,,,V hopunpa ka
1926,True,4,2,3,3,0,,,V eaykap ki wa
1927,True,3,2,2,2,0,,,V toniun wa
1928,True,3,2,2,2,0,,,V taniun wa
1929,True,4,2,3,3,0,,,V u turse noyne
1930,True,5,2,4,4,0,,,V iki p ne kusu
1931,True,4,2,3,3,0,,,V a= epunpa na
1932,True,4,2,3,3,0,,,V enune ki wa
1933,True,4,2,3,3,0,,,V u iki ayne
1934,True,3,2,2,2,0,,,V enune hine
1935,True,5,2,4,4,0,,,V p u yao usat
1936,True,3,2,2,2,0,,,V u reporaypa
1937,True,4,2,3,3,0,,,V u repo usat
1938,True,3,2,2,2,0,,,V u yaoraypa
1939,True,3,2,2,2,0,,,V apepasuy ani
1940,True,4,2,3,3,0,,,V u tu uturuhu
1941,True,3,2,2,2,0,,,V re uturuhu
1942,True,4,2,3,3,0,,,V u otke kane
1943,True,4,2,3,3,0,,,V u naypa kane
1944,True,4,2,3,3,0,,,V ene itak h_i
1945,True,4,2,3,3,0,,,"V ""a= ante maci"
1946,True,4,2,3,3,0,,,V a= sokar maci
1947,True,4,2,3,3,0,,,V itak =an ciki
1948,True,5,2,4,4,0,,,V pirka e= nu na
1949,True,4,2,3,3,0,,,V u nep aynuhu
1950,True,5,2,4,4,0,,,V a= ne ruwe ka
1951,True,4,2,3,3,0,,,V somo ki ruwe
1952,True,4,2,3,3,0,,,V rikun kanto ta
1953,True,6,2,5,5,0,,,V tu irwak a= ne wa
1954,True,4,2,3,3,0,,,V u kakkok tono
1955,True,5,2,4,4,0,,,V a= ne pa ruwe
1956,True,3,2,2,2,0,,,V poniwne kur
1957,True,5,2,4,4,0,,,V a= ne ruwe ne
1958,True,4,2,3,3,0,,,V enune ki wa
1959,True,4,2,3,3,0,,,V kamuy or_ ta
1960,True,4,2,3,3,0,,,V a= yaykotomka p
1961,True,4,2,3,3,0,,,V sinep ka isam
1962,True,4,2,3,3,0,,,u inkar =an kor
1963,True,3,2,2,2,0,,,V aynu menoko
1964,True,4,2,3,3,0,,,V e= ne yakka
1965,True,4,2,3,3,0,,,V e= pirka ruwe
1966,True,4,2,3,3,0,,,V u kewtum tura
1967,True,4,2,3,3,0,,,V a= e= osikkote
1968,True,4,2,3,3,0,,,V enune wa kusu
1969,True,5,2,4,4,0,,,V aynu ne yaykar =an
1970,True,4,2,3,3,0,,,V p enune hine
1971,True,5,2,4,4,0,,,V e= tura an =an
1972,True,3,2,2,2,0,,,V a= wenyupihi
1973,True,4,2,3,3,0,,,V rikun kanto ta
1974,True,4,2,3,3,0,,,V ene itak h_i
1975,True,3,2,2,2,0,,,V `kamuy anak
1976,True,4,2,3,3,0,,,V oha kamuy ne
1977,True,5,2,4,4,0,,,V ukor pe ne wa
1978,True,3,2,2,2,0,,,V aynu anakne
1979,True,4,2,3,3,0,,,V oha aynu ne
1980,True,5,2,4,4,0,,,V ukor pe ne hike
1981,True,4,2,3,3,0,,,V nep he kusu
1982,True,4,2,3,3,0,,,V aynu mosir_ ta
1983,True,3,2,2,2,0,,,V aynu menoko
1984,True,4,2,3,3,0,,,V e= ewtanne wa
1985,True,5,2,4,4,0,,,V e= an ruwe an'
1986,True,4,2,3,3,0,,,V sekor hawean kor
1987,True,5,2,4,4,0,,,V sak pa iwan pa
1988,True,5,2,4,4,0,,,V mata pa iwan pa
1989,True,3,2,2,2,0,,,V i= kocaranke
1990,True,6,2,5,5,0,,,V u neun yayunaske =an yakka
1991,True,4,2,3,3,0,,,V nu hawe ka
1992,True,3,2,2,2,0,,,V isam ayne
1993,True,5,2,4,4,0,,,V sak pa iwan pa
1994,True,5,2,4,4,0,,,V mata pa iwan pa
1995,True,3,2,2,2,0,,,V i= kocaranke
1996,True,5,2,4,4,0,,,V enune wa tane anakne
1997,True,5,2,4,4,0,,,V a= i= maketa wa
1998,True,3,2,2,2,0,,,V kamuyoarpa =an
1999,True,5,2,4,4,0,,,V enune p ne na
2000,True,4,2,3,3,0,,,V iteki cis no
2001,True,3,2,2,2,0,,,V asinuma renkayne
2002,True,4,2,3,3,0,,,V u tutko rerko
2003,True,3,2,2,2,0,,,V siran yakun
2004,True,2,2,1,1,0,,,V asinuma
2005,True,3,2,2,2,0,,,V kamuy okkaypo
2006,True,3,2,2,2,0,,,V ewtanne wa
2007,True,3,2,2,2,0,,,V e= posiresikte
2008,True,3,2,2,2,0,,,V enune yakun
2009,True,4,2,3,3,0,,,V sukup hontom ta
2010,True,8,2,7,7,0,,,V a= e= tere wa an =an wa
2011,True,7,2,6,6,0,,,V a= e= uk wa ne yak
2012,True,4,2,3,3,0,,,V kamuy or_ ta
2013,True,6,2,5,5,0,,,V a= ki pe ne na
2014,True,4,2,3,3,0,,,V enune ki na
2015,True,7,2,6,6,0,,,"V iteki e= cis pe ne na"""
2016,True,4,2,3,3,0,,,V sekor itak wa
2017,True,3,2,2,2,0,,,"V ""hokupo!"" sekor"
2018,True,5,2,4,4,0,,,V i= koyki ki kor
2019,True,4,2,3,3,0,,,"V ""hetak suke yak"
2020,True,4,2,3,3,0,,,V ukasuy ipe =an.
2021,True,5,2,4,4,0,,,V tan ukuran sine ancikar
2022,True,6,2,5,5,0,,,"V u ne ruwe ne na."""
2023,True,4,2,3,3,0,,,V sekor itak pe
2024,True,6,2,5,5,0,,,V u ne p ne kusu
2025,True,4,2,3,3,0,,,V ukasuy ipe =an
2026,True,4,2,3,3,0,,,V u cis turano
2027,True,5,2,4,4,0,,,V ne wa ne korka
2028,True,4,2,3,3,0,,,V kuneywa an wa
2029,True,1,2,1,1,0,,,V
2030,True,4,2,3,3,0,,,a= ehotkey erupsike ta
2031,True,4,2,3,3,0,,,V suwop an ayke
2032,True,4,2,3,3,0,,,V u ranke h_ine
2033,True,3,2,2,2,0,,,V putaha mesu
2034,True,3,2,2,2,0,,,V enune yakun
2035,True,4,2,3,3,0,,,V u kakkok noka
2036,True,5,2,4,4,0,,,V kosonte noiwan iwan kosonte
2037,True,2,2,1,1,0,,,V ukoekutkor
2038,True,3,2,2,2,0,,,V iwan kosonte
2039,True,4,2,3,3,0,,,V u kakkok noka
2040,True,2,2,1,1,0,,,V sapanpe
2041,True,2,2,1,1,0,,,V sapaeusi
2042,True,3,2,2,2,0,,,V kakkok noka
2043,True,2,2,1,1,0,,,V pirakka
2044,True,4,2,3,3,0,,,V u sapte h_ine
2045,True,4,2,3,3,0,,,V us ruwe ne
2046,True,4,2,3,3,0,,,"V ""a= sokar maci"
2047,True,5,2,4,4,0,,,V arpa =an siri poka
2048,True,6,2,5,5,0,,,"V e= nukar pe ne na"""
2049,True,4,2,3,3,0,,,V sekor hawean kor
2050,True,3,2,2,2,0,,,V soyenpa h_ike
2051,True,4,2,3,3,0,,,V os soyene =an
2052,True,4,2,3,3,0,,,V u ram nusa
2053,True,5,2,4,4,0,,,V uyur ... ri nusa
2054,True,3,2,2,2,0,,,V uturuhu ta
2055,True,5,2,4,4,0,,,V u tu tapkar_ ru
2056,True,5,2,4,4,0,,,V u re tapkar_ ru
2057,True,3,2,2,2,0,,,V ukakuste na
2058,True,5,2,4,4,0,,,V tap aynu ne wa
2059,True,3,2,2,2,0,,,V kakkok kasuno
2060,True,4,2,3,3,0,,,V u poro kakkok
2061,True,5,2,4,4,0,,,V u cikap_ ne wa
2062,True,3,2,2,2,0,,,V hopuni noyne
2063,True,5,2,4,4,0,,,V iki pa h_i ta
2064,True,4,2,3,3,0,,,"V ""a= sokar hoku"
2065,True,4,2,3,3,0,,,"V a= ante hoku"""
2066,True,5,2,4,4,0,,,V sekor itak =an kor
2067,True,3,2,2,2,0,,,V a= ukoraypa
2068,True,6,2,5,5,0,,,V u tu suy re suy
2069,True,5,2,4,4,0,,,V ay ... ramu yupkosanu
2070,True,4,2,3,3,0,,,V hopunpa ki wa
2071,True,4,2,3,3,0,,,V u ramno kane
2072,True,3,2,2,2,0,,,V a= enkasike
2073,True,5,2,4,4,0,,,V u kari ki kor
2074,True,4,2,3,3,0,,,V cikap ne korka
2075,True,4,2,3,3,0,,,V u cis nupehe
2076,True,3,2,2,2,0,,,V i= kurkasike
2077,True,4,2,3,3,0,,,V u teyne kane
2078,True,2,2,1,1,0,,,u yaykarkarsere
2079,True,4,2,3,3,0,,,V a= ki ayne
2080,True,6,2,5,5,0,,,"V ""hnta ye a wa ?"""
2081,True,12,2,11,11,0,,,"sekor yaynu =an kusu, ahun =an hine, cise or_ ta ahun =an."
2082,True,3,2,2,2,0,,,V enune h_ine
2083,True,4,2,3,3,0,,,V u cis turano
2084,True,4,2,3,3,0,,,V u tutko rerko
2085,True,7,2,6,6,0,,,V kamuy ne kusu koraci an kur
2086,True,3,2,2,2,0,,,V ikayop takup
2087,True,4,2,3,3,0,,,V se kane kor
2088,True,4,2,3,3,0,,,V somo ki no
2089,True,4,2,3,3,0,,,V ekimne ki kor
2090,True,5,2,4,4,0,,,V u yuk ne ciki
2091,True,4,2,3,3,0,,,V kamuy ne ciki
2092,True,2,2,1,1,0,,,V eawnerura
2093,True,4,2,3,3,0,,,V oka =an akusu
2094,True,4,2,3,3,0,,,V honkor =an akusu
2095,True,4,2,3,3,0,,,V nuwap =an akus
2096,True,3,2,2,2,0,,,V okkayo tennep
2097,True,3,2,2,2,0,,,V a= yaykosanke
2098,True,4,2,3,3,0,,,V a= ukoomap kor
2099,True,4,2,3,3,0,,,V oka =an ayne
2100,True,2,2,1,1,0,,,V okkayo
2101,True,3,2,2,2,0,,,V a= yaykoomap
2102,True,3,2,2,2,0,,,V enune ayne
2103,True,3,2,2,2,0,,,V tane anakne
2104,True,3,2,2,2,0,,,V a= poutari
2105,True,4,2,3,3,0,,,V rupne pa wa
2106,True,3,2,2,2,0,,,V utomta terke
2107,True,1,2,1,1,0,,,V
2108,True,4,2,3,3,0,,,siri a= nukar kor
2109,True,7,2,6,6,0,,,tane onnekaspa =an ka somo ki no
2110,True,8,2,7,7,0,,,tutko rerko yaynu =an wa ray =an yakun
2111,True,6,2,5,5,0,,,kanna ... rikun kanto kakkok kamuy
2112,True,6,2,5,5,0,,,kamuy ekasi eun arpa =an kusu
2113,True,8,2,7,7,0,,,"a= poutari, sinrit or un i= nurappa yakka"
2114,True,6,2,5,5,0,,,a= uk ka somo ki kusu
2115,True,7,2,6,6,0,,,"""kakkok tono kamuy ekasi a= nomi na"""
2116,True,5,2,4,4,0,,,sekor hawoka kor kamuynomi pa
2117,True,5,2,4,4,0,,,yak easir a= uk kusu
2118,True,6,2,5,5,0,,,neno iki pa wa i= kore.
2119,True,8,2,7,7,0,,,orano a= sokar hoku a= ante hoku anakne
2120,True,4,2,3,3,0,,,sorekusu na pewre kusu
2121,True,3,2,2,2,0,,,yayeasirkar yakka pirka.
2122,True,6,2,5,5,0,,,somo yakun somo yakka pirka kusu
2123,True,6,2,5,5,0,,,iteki i= oskur pa yak pirka.
2124,True,6,2,5,5,0,,,sekor sino katkemat hawean kor_ ray.
2125,True,12,2,11,11,0,,,"iwan a= yupi an iwan a= saha an h_ine oka =an h_ike,"
2126,True,9,2,8,8,0,,,"iyotta pon pe a= ne hine an =an pe,"
2127,True,6,2,5,5,0,,,"ora earkinne a= i= omap wa,"
2128,True,20,2,19,19,0,,,"sorekus_ sirka ta a= i= anu ka somo ki no, a= i= omap kor patek an =an ayne poro =an."
2129,True,8,2,7,7,0,,,"neun ka soy ta sinot =an h_i ka,"
2130,True,11,2,10,10,0,,,"nep ka a= kar kuni ka a= kopan pe ne kusu,"
2131,True,18,2,17,17,0,,,"cise or_ ta kemeyki ne pekor patek a= ki kor an =an ayne poro =an ruwe ne akus,"
2132,True,13,2,12,12,0,,,konto pon a= yupihi a= kar wa okay pe a= kotamtama pekor sirki.
2133,True,8,2,7,7,0,,,"""makanak ki p ene sirki h_i an ?"""
2134,True,9,2,8,8,0,,,"sekor yaynu =an kor an =an ruwe ne akusu,"
2135,True,13,2,12,12,0,,,"konto pon a= yupi ka asinuma ka poro =an ruwe ne akus, konto,"
2136,True,9,2,8,8,0,,,"""uewtanne =an yak pirka."" sekor a= i= ye wa,"
2137,True,10,2,9,9,0,,,"""hunna sine tuy or o p uewtanne p an ?"""
2138,True,13,2,12,12,0,,,"sekor asinuma ka hawean =an. pon a= yupi ka neno hawean ne yakka,"
2139,True,6,2,5,5,0,,,a= onautari nu hawe ka isam.
2140,True,5,2,4,4,0,,,"orano neno oka =an ayne,"
2141,True,10,2,9,9,0,,,"""humne an ta oka =an yak po kopan pa kusu,"
2142,True,12,2,11,11,0,,,"sinna cise a= kar wa oro ta a= ari pa kusu ne."""
2143,True,14,2,13,13,0,,,sekor kane a= ona hawean h_ine sinna cise a= kar h_ine oro ta ...
2144,True,7,2,6,6,0,,,"oro ta oka =an ruwe ne korka,"
2145,True,8,2,7,7,0,,,"usamehotke =an h_ene ki ka somo ki no,"
2146,True,8,2,7,7,0,,,tokap an kor a= yupi etoko a= oyki.
2147,True,13,2,12,12,0,,,"ekimne wa yuk ne ciki kamuy ne ciki nuwe koan pe ne kus_,"
2148,True,3,2,2,2,0,,,etoko a= oyki.
2149,True,16,2,15,15,0,,,"nep a= e rusuy ka somo ki no oka =an ayne, tane oka =an ohor kor,"
2150,True,9,2,8,8,0,,,konto pon a= yupi sine ancikar ene hawean h_i.
2151,True,5,2,4,4,0,,,"""a= turesi e= ne wa,"
2152,True,21,2,20,20,0,,,neun ne an kusu sine tuy or o p a= ne humi ne kunak a= ramu kor oka '=an a p
2153,True,12,2,11,11,0,,,"ene uewtanne =an yak pirka sekor a= i= ye kor ki wa,"
2154,True,15,2,14,14,0,,,"eani ka e= kopan asinuma ka a= kopan hine oka =an ruwe ne a p,"
2155,True,17,2,16,16,0,,,"ene sinna cise ... sinna cise a= kar wa oro ta a= i= ari ruwe ne wa,"
2156,True,12,2,11,11,0,,,"tewano umurek ene iki pa kuni neno iki =an pe ne na."""
2157,True,11,2,10,10,0,,,"sekor kane a= onaha hawean      a= yupi hawean ruwe ne hine,"
2158,True,6,2,5,5,0,,,"orano konto umurek a= ne hine,"
2159,True,11,2,10,10,0,,,"sine set a= ukokor hine oka =an ruwe ne a p,"
2160,True,10,2,9,9,0,,,"oka =an ohor kor konto honkor =an ruwe ne wa,"
2161,True,6,2,5,5,0,,,"orano po a= ye wa konto,"
2162,True,16,2,15,15,0,,,"""makanak ne wa ene sine tuy or a= o p ne kunak a= ramu a p,"
2163,True,5,2,4,4,0,,,oraun ene uewtanne =an h_i
2164,True,11,2,10,10,0,,,nani a= turesi e= honkor_ ruwe ne yakka a= e= eyam.
2165,True,6,2,5,5,0,,,"apunno pokor =an pe ne na."""
2166,True,11,2,10,10,0,,,"sekor hawean kor_ nep ka a= kar kuni ka kopan h_ine,"
2167,True,8,2,7,7,0,,,"yuptek pe a= yupi ne p ne kusu,"
2168,True,6,2,5,5,0,,,"cikuni ne ciki nep ne ciki,"
2169,True,16,2,15,15,0,,,"sorekus a= tekehe kere ka somo ki no kar kor oka =an ruwe ne a p,"
2170,True,7,2,6,6,0,,,"tane nuwapehanke =an kuni a= ramu akusu,"
2171,True,9,2,8,8,0,,,orano konto i= enkasi kane suwop kane itoat okot.
2172,True,10,2,9,9,0,,,"a= suyesuye pekor yaynu =an wa kusu a= ye akusu,"
2173,True,13,2,12,12,0,,,"a= hekote nispa ka eoaysitoma yak ye kor onautari oro ta arpa hine,"
2174,True,9,2,8,8,0,,,"a= onautari oro ta ye noyne yaynu =an akusu,"
2175,True,13,2,12,12,0,,,"orano konto oka =an ruwe ne a p, suy wentarap =an akus suy,"
2176,True,10,2,9,9,0,,,"""na neno wentarap =an na."" a= ye ruwe ne akus,"
2177,True,7,2,6,6,0,,,orano konto a= kocaranke hawe ne noyne
2178,True,11,2,10,10,0,,,"sirkunne kor orano arpa kor ukocaranke haw as kor siran hikeka,"
2179,True,11,2,10,10,0,,,"nep ka ye ka somo ki no oka =an a p,"
2180,True,4,2,3,3,0,,,sine ancikar ene ...
2181,True,10,2,9,9,0,,,konto ekimne kor orano iwak kuni kasuno isam kasuno isam.
2182,True,12,2,11,11,0,,,"ora iwak kor orano poro su atte wa isakanke wa, wa ..."
2183,True,3,2,2,2,0,,,ki ka esikte.
2184,True,8,2,7,7,0,,,"ora kuneywa ... onuman iwak kor rapte wa,"
2185,True,18,2,17,17,0,,,"suy saranip or o saranip or o, o ... eyam kor orano oka =an ruwe ne a p,"
2186,True,13,2,12,12,0,,,sine ancikar iwak ka ruwe ka isam ayne iwak akusu ene hawean h_i.
2187,True,14,2,13,13,0,,,"""sorekusu a= onautari wen puri kor wen kewtum kor somo ki p ne korka,"
2188,True,13,2,12,12,0,,,"hinak wa ek pe a= ne hine sorekusu uewtanne =an ruwe ne hine,"
2189,True,9,2,8,8,0,,,"e= wentarap katu sinnayno an wa a= ye akusu,"
2190,True,12,2,11,11,0,,,orano 'a= e= siknure yak isitoma =an. a= sitoma tukarike a= sitoma.'
2191,True,10,2,9,9,0,,,"sekor haweoka kor e= rayke kunak a= wenonaha ye wa,"
2192,True,18,2,17,17,0,,,"a= kopan. a= unihi o ... a= korar kuni a= ye yakka nu pa ka somo ki no,"
2193,True,9,2,8,8,0,,,"a= e= rayke kusu ne yak ye wa kusu,"
2194,True,10,2,9,9,0,,,"kim ta cisekar =an wa, ni ne yakka a= uekarire."
2195,True,6,2,5,5,0,,,"aep ne yakka a= hoppa wa,"
2196,True,12,2,11,11,0,,,"oraun iwak =an kor_ tapne no isakanke =an wa a= rapte wa,"
2197,True,11,2,10,10,0,,,mata epitta e= e pakno kim ta ka aep a= hoppa.
2198,True,11,2,10,10,0,,,"cise or_ ta ka ni ne yakka ki ruwe ne kusu,"
2199,True,17,2,16,16,0,,,nisatta iwak =an onuman ki yakun oraun neun poka a= e= kirare kusu ne ruwe ne na.
2200,True,4,2,3,3,0,,,"a= yayetokoyki wa an."""
2201,True,5,2,4,4,0,,,sekor a= hekote nispa hawean.
2202,True,7,2,6,6,0,,,orano cis =an a an a kor、
2203,True,10,2,9,9,0,,,"""hinak wa ek pe a= ne hine ene ne hine"
2204,True,10,2,9,9,0,,,"orano ene wentarap =an h_ine oraun ene ne hi an."""
2205,True,9,2,8,8,0,,,"sekor yaynu =an. cis =an a =an a kor,"
2206,True,11,2,10,10,0,,,orano konto isimne yayetokoyki '=an h_ine an '=an ruwe ne kusu
2207,True,12,2,11,11,0,,,"nea a= hekote nispa iwak akusu pon sike ki hine iwak h_ine,"
2208,True,10,2,9,9,0,,,oraun ipe =an SITARI ki hine mokor kurka an akusu
2209,True,11,2,10,10,0,,,ora i= tura hine orano pet turasi paye =an hine ...
2210,True,5,2,4,4,0,,,pet turasi paye =an h_ine
2211,True,14,2,13,13,0,,,"situ an. situ kari hemesu hine situ ka ta paye =an ruwe ne akusu,"
2212,True,10,2,9,9,0,,,"a= honi poro. apkas ka a= koyaykus pe ne kusu,"
2213,True,9,2,8,8,0,,,"situ ka ta paye =an akus_ pirka pon cise,"
2214,True,15,2,14,14,0,,,"mata an yakka upas ka ahun ka somo ki noyne an pon cise an h_ine,"
2215,True,15,2,14,14,0,,,"ora KURUURI ... okari ni a= ta wa a= roski wa oka ruwe ne hine,"
2216,True,8,2,7,7,0,,,"apa maka hine oro ta ahun =an akusu,"
2217,True,11,2,10,10,0,,,popkeno cise or_ ta ka popkeno an =an kuni neno siran.
2218,True,16,2,15,15,0,,,"sem ka an hine sem or un kane ni rura wa an ruwe ne an h_ine,"
2219,True,8,2,7,7,0,,,"oraun aep ka poronno oka ruwe ne hine,"
2220,True,6,2,5,5,0,,,"orano i= hoppa kusu ne kor,"
2221,True,3,2,2,2,0,,,"""a= hekote nispa!"""
2222,True,7,2,6,6,0,,,"sekor hawean =an kor a= ukoraypa kor,"
2223,True,3,2,2,2,0,,,"""a= kor katkemat!"""
2224,True,7,2,6,6,0,,,"sekor hawean kor i= ukoraye a korka,"
2225,True,11,2,10,10,0,,,"""ray =an kusu ne yakka a= i= rayke kusu ne yakka,"
2226,True,10,2,9,9,0,,,"nen kane e= os nen ka arki yak wen kusu,"
2227,True,7,2,6,6,0,,,"apunno sorekus_ iwor kor kamuy ne yakka,"
2228,True,11,2,10,10,0,,,"opitta eun a= ye wa an kusu, apunno e= nuwap wa,"
2229,True,8,2,7,7,0,,,"neun poka e= iki wa e= siknu ciki,"
2230,True,13,2,12,12,0,,,"ora siknu =an ruwe poka e= nukar kusu i= hunara p ne na."""
2231,True,6,2,5,5,0,,,sekor hawean kor sikittektek hine isam.
2232,True,9,2,8,8,0,,,"tane sirankes pe ne kus_ sikittektek h_ine isam h_ine,"
2233,True,9,2,8,8,0,,,orano okake ta cis =an kor orano an =an.
2234,True,8,2,7,7,0,,,aep a= kor pe ne kusu a= e.
2235,True,13,2,12,12,0,,,wakka ka a= koyanke kuni ne cise an pe ne kus ki hine
2236,True,18,2,17,17,0,,,"wakkata =an h_ine an =an akusu an =an ohor_ tek kor a= ossike arka ruwe ne h_i kusu,"
2237,True,10,2,9,9,0,,,"oraun aep ne ci aep a= kor pe ne kus,"
2238,True,8,2,7,7,0,,,wakkata =an wa su or wakka a= omare.
2239,True,8,2,7,7,0,,,"sisam ta a= anu ruwe ne a p,"
2240,True,6,2,5,5,0,,,"apunno nuwap =an ruwe ne akus_,"
2241,True,6,2,5,5,0,,,"okkayo hekaci a= kor, orano sorekus_"
2242,True,12,2,11,11,0,,,"""a= hekote nispa turano an =an wa ne ciki makanak eyaykopuntek pe"""
2243,True,4,2,3,3,0,,,"sekor yaynu =an kor,"
2244,True,11,2,10,10,0,,,"orano tennep a= kor h_i orano anakne sorekus a= omap kor,"
2245,True,8,2,7,7,0,,,"nep ka a= kar ka somo ki no,"
2246,True,14,2,13,13,0,,,cise or_ ta aep a= kor pe ne kus_ a= ehapap no a= e.
2247,True,9,2,8,8,0,,,"a= ehapap no cikuni ka hoka a= o wa,"
2248,True,16,2,15,15,0,,,tokap an kor hotke =an wa an =an wa a= ta cikuni p ... o wa
2249,True,13,2,12,12,0,,,"upas poro ka ki p ne kusu, Iskar anak ki p ne kusu、"
2250,True,15,2,14,14,0,,,"a= ehapap no cikuni ka hoka a= o wa suke =an wa ipe =an kor,"
2251,True,19,2,18,18,0,,,"ora sinki =an yakka hotke =an wa a= kor son a= tumam wa hotke =an wa an =an ayne,"
2252,True,6,2,5,5,0,,,ioyapake tane sirpaykar kor aep isam.
2253,True,4,2,3,3,0,,,ne aep ka isam.
2254,True,10,2,9,9,0,,,"tane takuppe uturu ka ru wa ... ruwe ne korka,"
2255,True,9,2,8,8,0,,,"oraun sum korkoni a= kar wa a= supa hikeka,"
2256,True,8,2,7,7,0,,,"a= e ka koyaykus ruwe ne h_i kusu,"
2257,True,11,2,10,10,0,,,"ora ""ika nen ka aynuhunara =an ciki aynu a= pa wa"""
2258,True,9,2,8,8,0,,,"sekor yaynu =an kus_, a= kor son a= kay."
2259,True,12,2,11,11,0,,,tane a= kay ... nitan =an pe ne kus_ a= kay hine
2260,True,15,2,14,14,0,,,"situ ka ta hemesu =an ruwe ne akus, pet ... pet ru oro sep okere."
2261,True,11,2,10,10,0,,,"aynu oka yakun aynu okay pe ne noyne siran h_i kusu,"
2262,True,14,2,13,13,0,,,"situ pes ran =an h_ine, pet ru or_ ta ran =an ruwe ne akusu,"
2263,True,18,2,17,17,0,,,"asinno ni a= tuypa ru ka oka. hoskino ni a= tuypa ru ka oka ru an h_i kusu,"
2264,True,6,2,5,5,0,,,"orano san =an ruwe ne akusu,"
2265,True,7,2,6,6,0,,,ruyno san =an kor kuca cise an.
2266,True,12,2,11,11,0,,,"sorekusu siroma cise neno an poro kuca cise an ruwe ne hine,"
2267,True,3,2,2,2,0,,,apa a= sinasina.
2268,True,6,2,5,5,0,,,"aynu okay pe ne an wa,"
2269,True,10,2,9,9,0,,,"aynu soyenpa hine apa a= sina okake an h_i kusu,"
2270,True,9,2,8,8,0,,,apa a= maka hine a= pita hine ahun =an.
2271,True,9,2,8,8,0,,,"ne cise or_ ta ahun =an ruwe ne akus_,"
2272,True,8,2,7,7,0,,,"ene a= e rusuy ene iperusuy =an pe,"
2273,True,10,2,9,9,0,,,"hoka unno kirpu orasitomne hine siran ruwe ne h_i kusu,"
2274,True,13,2,12,12,0,,,"konto suo ... ontaro or_ ta ... wakkaoontaro or_ ta arpa =an akus_,"
2275,True,4,2,3,3,0,,,"wakka an h_i kusu,"
2276,True,18,2,17,17,0,,,"su ka a= upsire hine an hi kusu wakka a= omare hine a= atte. ape a= ari hine,"
2277,True,13,2,12,12,0,,,"ape a h_i kusu ape a= ari hine, kirpu etuhu a= tuypa hine,"
2278,True,14,2,13,13,0,,,"su or a= o h_ine a= e pakno a= omare hine a= supa hine,"
2279,True,9,2,8,8,0,,,"ipe =an a ipe =an a ipe =an ora,"
2280,True,12,2,11,11,0,,,"""kironnu =an yakun a= i= rayke yakun a= i= rayke yakka pirka."""
2281,True,8,2,7,7,0,,,"sekor yaynu =an kusu ki ruwe ne h_ine,"
2282,True,12,2,11,11,0,,,"ora su oha h_i kusu ora soy ta ruri a= kuta SITARI,"
2283,True,15,2,14,14,0,,,"ruri ikasma uske ki hine ora, oharkiso un apa sam ta ape a= uyna hine"
2284,True,9,2,8,8,0,,,ora a= kor son a= tumam h_ine yayukokarkari ...
2285,True,11,2,10,10,0,,,yayukokarkari =an h_ine hotke =an wa an =an akus sironuman ...
2286,True,8,2,7,7,0,,,sironuman akusu nen ka iwak noyne humas akusu
2287,True,17,2,16,16,0,,,"""apa a= sina wa soyenpa =an pekor yaynu =an a wa apa makke wa an. apa ki"""
2288,True,6,2,5,5,0,,,"sekor haweoka kor ahup pa akusu,"
2289,True,13,2,12,12,0,,,"rupne apka tup ahup pa hine rorunso or_ ta sike ari pa hine,"
2290,True,8,2,7,7,0,,,"oraun hayokpe use ari pa ruwe ne akus,"
2291,True,6,2,5,5,0,,,"sorekus_ aynu ka utarpake ne korka,"
2292,True,10,2,9,9,0,,,"tane retarpe ... retarpe us kane kiyanne noyne an h_ike,"
2293,True,12,2,11,11,0,,,retar_ ru kunne ru upakte kane an okkaypo utar tun sike ari.
2294,True,6,2,5,5,0,,,kiyanne noyne an h_ike siso turasi.
2295,True,11,2,10,10,0,,,poniwne noyne an h_ike harkiso peka oronne ek h_ine ape ari.
2296,True,14,2,13,13,0,,,"""ape ka pirkano a= una pekor yaynu =an a p, ape a ru an."""
2297,True,6,2,5,5,0,,,sekor hawoka kor ape ari pa.
2298,True,12,2,11,11,0,,,hine ora suke kusu nea poniwne kur wakkaoontaro sama ta ek h_ine
2299,True,7,2,6,6,0,,,an =an ruwe earkinne i= eramutuy hine
2300,True,6,2,5,5,0,,,"""itak tunas kur itak etoko kotuye"
2301,True,13,2,12,12,0,,,"itak moyre kur itak okake kotuye rametok a= ne pa ruwe ne wa,"
2302,True,8,2,7,7,0,,,"ney wa ek pe e= ne ruwe an?"""
2303,True,7,2,6,6,0,,,"sekor hawoka h_i kusu ... hawean akus_,"
2304,True,12,2,11,11,0,,,"wakka su or o kusu ho ... ek okkaypo hawean h_i kusu,"
2305,True,9,2,8,8,0,,,"""ray kopan pe a= ne ruwe ka somo ne."
2306,True,12,2,11,11,0,,,"ray =an yakka pirka korka iperusuy =an wa ipekoyaywennukar =an wa kusu,"
2307,True,18,2,17,17,0,,,apa a= pita hine suke =an h_ine ora ipe =an wa hotke =an katu anak ene an h_i.
2308,True,7,2,6,6,0,,,Iskar emko ta iwan a= yupi an.
2309,True,10,2,9,9,0,,,"iwan a= saha an h_ine oka =an ruwe ne p,"
2310,True,12,2,11,11,0,,,"earkinne a= i= omap kor a= i= resu kor an =an hike,"
2311,True,17,2,16,16,0,,,"soy ta soyne =an wa hekattar_ tura sinot ka a= i= kokopan wa cise or_ ta patek,"
2312,True,6,2,5,5,0,,,"a= sautarihi inne p ne kusu,"
2313,True,10,2,9,9,0,,,"a= sautari nep ka a= ekasuy ka somo ki no,"
2314,True,14,2,13,13,0,,,"a= sautari kemeyki ka ki. nep ka menoko kar pe ka kar pa kor,"
2315,True,11,2,10,10,0,,,eirpak a= kar kor_ cise or_ ta an ayne poro =an.
2316,True,13,2,12,12,0,,,"orano kemeyki patek a= ki p ne kus_ askay =an pe ne p,"
2317,True,15,2,14,14,0,,,pon a= yupi a= kotamtama pekor sirki wa a= oyamokte kor oka =an ruwe ne.
2318,True,8,2,7,7,0,,,'pon a= yupi tura uewtanne =an yak pirka.'
2319,True,12,2,11,11,0,,,sekor a= ona hawean wa a= kopan. pon a= yupi ka kopan.
2320,True,12,2,11,11,0,,,'hunna sine tuy or o p uewtanne p an.' sekor hawean =an.
2321,True,14,2,13,13,0,,,"asinuma ka pon a= yupi ka ki hine oka =an ruwe ne a p,"
2322,True,11,2,10,10,0,,,konto 'humne an ta oka =an wa po kopan pa kusu
2323,True,11,2,10,10,0,,,sinna cise a= kar wa oro ta a= ari kusu ne.'
2324,True,12,2,11,11,0,,,sekor a= onautari hawoka kor_ cise kar hine oro ta oka =an.
2325,True,13,2,12,12,0,,,orano ohonno uewtanne =an ka somo ki no a= yupi etoko a= oyki.
2326,True,18,2,17,17,0,,,"nina ne ya iyuta ne ya a= ki kor ki ruwe ne a p, a= yupi sine ancikar"
2327,True,7,2,6,6,0,,,'mak ne wa uewtanne =an kusu ne?
2328,True,11,2,10,10,0,,,somo a= wenonautari ney ta ka wen puri kor pa hine
2329,True,16,2,15,15,0,,,oraun ne hi ne kusu ene uewtanne =an kunak ye pa ruwe ene an hi ne.'
2330,True,5,2,4,4,0,,,"sekor a= yupi hawean h_ine,"
2331,True,9,2,8,8,0,,,"ora uewtanne =an h_ine ... ruwe ne a p,"
2332,True,13,2,12,12,0,,,"uewtanne =an h_i nani honkor =an ruwe ne h_ine nuwap =an ehanke akusu,"
2333,True,12,2,11,11,0,,,orano kane itoat kane suwop okot wa i= enkasi ociw ociw pekor
2334,True,9,2,8,8,0,,,"wentarap =an wa kusu a= ye ruwe ne akusu,"
2335,True,12,2,11,11,0,,,"a= hekote nispa onautari oro ta arpa hine ye ruwe ne akusu,"
2336,True,9,2,8,8,0,,,orano a= kocaranke haw ne noyne hawas kor siran.
2337,True,6,2,5,5,0,,,"rapokke suy wentarap =an h_i kusu,"
2338,True,8,2,7,7,0,,,"suy neno wentarap =an wa a= ye akusu,"
2339,True,13,2,12,12,0,,,"suy ye wa orano po hene a= kocaranke ayne ... ruwe ne akusu,"
2340,True,9,2,8,8,0,,,orano ekimne kor iwak kuni kasuno isam kasuno isam.
2341,True,14,2,13,13,0,,,"iwak kor orano kam pirka hi kirpu pirka hi pone sak uskehe supa wa,"
2342,True,13,2,12,12,0,,,"onuman an kor rapte wa KAWARINI suy ki ka esikte wa anu kor,"
2343,True,13,2,12,12,0,,,"ora arpa kor orano a= kocaranke haw ne noyne hawas ayne, sine ancikar_,"
2344,True,16,2,15,15,0,,,"'tapne kane ne wa a= e= rayke kusu ne yak a= ye ruwe ne wa kusu,"
2345,True,7,2,6,6,0,,,"kim ta cisekar =an wa oro ta,"
2346,True,17,2,16,16,0,,,sumawkor =an kor oro ta yuk ne ciki kamuy ne ciki e= e kuni p a= o.
2347,True,8,2,7,7,0,,,nina =an wa sorekus_ cise okari a= roski.
2348,True,14,2,13,13,0,,,sem ka a= kar wa eun ni a= rura wa mata epitta hoka o.
2349,True,13,2,12,12,0,,,e= e kuni p cise or a= o wa an ruwe ne na.
2350,True,12,2,11,11,0,,,"a= e= kirare kusu ne na, etoko e= oyki p ne na.'"
2351,True,8,2,7,7,0,,,"sekor kane hawean kor ekimne ruwe ne hine,"
2352,True,11,2,10,10,0,,,"orano cis =an kor orano yayetokoyki =an h_ine an =an h_ine,"
2353,True,11,2,10,10,0,,,"oro ta konto pon sike ki hine iwak h_ine anu hine,"
2354,True,14,2,13,13,0,,,"orano konto rapokke mokor kurka an h_i oraun i= tura hine paye =an ayne,"
2355,True,17,2,16,16,0,,,"situ turasi hemesu hine situ ka ta a= unihi kar_ ru an ruwe ne yak ye kor,"
2356,True,8,2,7,7,0,,,"apa maka ruwe ne akusu oro ta popkeno,"
2357,True,14,2,13,13,0,,,"upas as yakka nep a= esirkirap ka somo ki kuni neno cise kar hine,"
2358,True,7,2,6,6,0,,,"ni ka poronno oka ruwe ne hine,"
2359,True,11,2,10,10,0,,,orano oro ta i= hoppa orano cis kor ki ... ki.
2360,True,14,2,13,13,0,,,'nen poka e= iki wa e= siknu ciki ora i= hunara p ne na.
2361,True,10,2,9,9,0,,,"sorekus_ iwor so kurka erok kamuy opitta a= nure wa,"
2362,True,15,2,14,14,0,,,sorekusu e= epunkine kuni a= ye wa an kus apunno e= nuwap pe ne na.'
2363,True,7,2,6,6,0,,,sekor hawean kor i= hoppa hine san.
2364,True,10,2,9,9,0,,,"okake ta an =an ruwe ne akus_, apunno nuwap =an."
2365,True,5,2,4,4,0,,,"orano aep ka a= ehapap,"
2366,True,15,2,14,14,0,,,"cikuni ka ki p ne kusu, suke =an wa ipe =an kor oraun hotke =an."
2367,True,12,2,11,11,0,,,"a= kor son a= tumam wa, apunno nuwap =an pe ne kusu,"
2368,True,10,2,9,9,0,,,orano a= kor son a= tumam wa hotke =an w_a
2369,True,7,2,6,6,0,,,'a= hekote nispa turano oka =an ciki.'
2370,True,16,2,15,15,0,,,"sekor yaynu =an kor cis patek a= ki kor an =an ayne aep isam h_i ora,"
2371,True,12,2,11,11,0,,,"aynuhunara =an kusu san =an a p, ene cise an wa kusu,"
2372,True,20,2,19,19,0,,,"oripak tura a= pita ... apa a= maka wa ahun =an wa suke =an wa ipe =an ruwe ne kus_,"
2373,True,9,2,8,8,0,,,"a= i= rayke yakun a= i= rayke yakka pirka."""
2374,True,6,2,5,5,0,,,"sekor hawean =an ruwe ne akusu,"
2375,True,9,2,8,8,0,,,"""a=turesi"" turesi"" sekor_ nea okkaypo hawean kor i= kotetterke."
2376,True,11,2,10,10,0,,,"nea kiyanne h_ike ""a= turesi"" sekor hawean kor i= kotetterke pa."
2377,True,11,2,10,10,0,,,"sorekusu ne kusu haweoka wa cis pa p ka a= erampewtek,"
2378,True,16,2,15,15,0,,,"asinuma anak ki no, ene a= ramu hi ka isam no haweoka kor ki pa hine,"
2379,True,12,2,11,11,0,,,nani cise soy ta cis ... ape sam ta a= i= sanke.
2380,True,12,2,11,11,0,,,a= kor son ineapkusun omap wa iki pa ya ka a= eramiskari.
2381,True,15,2,14,14,0,,,iruka iruka oka wa a= i= yaykoruyruypa pa cis kor ki pa ruwe ne an.
2382,True,12,2,11,11,0,,,"rapokke nea a= yupihi ne an pe, suke wa a= i= ipere."
2383,True,12,2,11,11,0,,,"ipe =an a ipe =an a orano oka =an ruwe ne wa,"
2384,True,13,2,12,12,0,,,"tutko rerko oka =an wa konto a= yuputari ekimne ka somo ki no,"
2385,True,14,2,13,13,0,,,a= kor son patek uokarpa uokarpa ukorpare kor ene poro a= yupi hawean h_i.
2386,True,13,2,12,12,0,,,"""tan a= turesi e= ne wa itak =an ciki e= inu katu an."
2387,True,11,2,10,10,0,,,Otasam sekor a= ye uske a= kotanu ne hine oka =an.
2388,True,5,2,4,4,0,,,sorekusu nispa an usi ne.
2389,True,13,2,12,12,0,,,"a= ona sorekus pakno nispa ne hine, isam nispa ne hine oka =an."
2390,True,12,2,11,11,0,,,"tane rupne =an pa. mat ka a= kor pakno oka =an kor,"
2391,True,9,2,8,8,0,,,"ora easir an pe e= ne ruwe ne hine,"
2392,True,14,2,13,13,0,,,"orano sorekusu irwak ka a= sak. menoko apa ka a= sak pe ne kus_,"
2393,True,13,2,12,12,0,,,"a= e= omap pe ne kus_, a= ona na pewre p ne korka,"
2394,True,6,2,5,5,0,,,'iteki ekimne a= e= eyam kus.'
2395,True,10,2,9,9,0,,,"sekor haweoka =an kor a= aki turano kuca or_ ta,"
2396,True,13,2,12,12,0,,,"tan uske a= kor kuca ne p, a= ona kor kuca ne wa,"
2397,True,8,2,7,7,0,,,"oro ta iramante kusu arki =an a p,"
2398,True,16,2,15,15,0,,,"arki =an ne ancikari a= utari a= epotara wen ruy wen ruy kus sap =an akusu,"
2399,True,10,2,9,9,0,,,"topattumi ek h_ine a= utari opitta a= ronnu hine ora,"
2400,True,10,2,9,9,0,,,"kewpispare =an akus eani patek e= isam ruwe ne yakun,"
2401,True,8,2,7,7,0,,,'a= e= eikka hene a= e= rayke yakka
2402,True,14,2,13,13,0,,,nen ka e= pon pe ne kus_ a= e= osura hene ki ruwe an.'
2403,True,5,2,4,4,0,,,"sekor yaynu =an pa kus,"
2404,True,8,2,7,7,0,,,konto toytoy aynu a= kar hine a= anu.
2405,True,8,2,7,7,0,,,toytoy aynu horaociwe yakun e= ray ruwe ne.
2406,True,13,2,12,12,0,,,somo no neno ney pakno an yakun moyre yakka ikan a= e= pa.
2407,True,5,2,4,4,0,,,"sekor yaynu =an pa kus,"
2408,True,12,2,11,11,0,,,"orano toytoy aynu a= kar hine a= anu ruwe ne a p,"
2409,True,19,2,18,18,0,,,"orano nea toytoy aynu horaociwe ka somo ki no, a= kar a h_i neno an wa an hi anakne,"
2410,True,9,2,8,8,0,,,ney ta ka e= siknu ruwe somo ne an.
2411,True,12,2,11,11,0,,,"sekor yaynu =an pa kor oka =an pa ruwe ne a p,"
2412,True,15,2,14,14,0,,,"kamuy kopan pe an kusu ene etunkoanuske ta e= an ya ka a= eramiskari no,"
2413,True,10,2,9,9,0,,,a= onaha kor kane suwop a= eikka wa isam pe.
2414,True,11,2,10,10,0,,,"kamuy renkayne e= ka ociw ociw hine ne hawe ne yakka,"
2415,True,7,2,6,6,0,,,"okkaypo nispa ne yakka kewtum pirka kus,"
2416,True,12,2,11,11,0,,,"neun poka e= kirare wa e= siknu hawe ene an h_i ne."""
2417,True,10,2,9,9,0,,,"hawoka kor orano cis rok cis rok pa hine oraun,"
2418,True,9,2,8,8,0,,,""" kotan or_ ta oka ka a= ruska kusu,"
2419,True,14,2,13,13,0,,,"nani ... konto kuca or_ ta ene oka =an ruwe ene an h_i ne."""
2420,True,9,2,8,8,0,,,"sekor kane a= yupi hawean ruwe ne hine oraun,"
2421,True,6,2,5,5,0,,,"""paye =an ciki e= siramkir ya."""
2422,True,6,2,5,5,0,,,"sekor i= ye pa hi kus,"
2423,True,8,2,7,7,0,,,"""upas etok ta arki =an pe ne kusu,"
2424,True,9,2,8,8,0,,,"a= i= rura wa ek =an pe ne kusu,"
2425,True,12,2,11,11,0,,,"upas ru yakka a= eramuan sekor ... kuni pekor yaynu =an. """
2426,True,6,2,5,5,0,,,"sekor hawean =an ruwe ne akus,"
2427,True,11,2,10,10,0,,,"konto a= yupihi, pon a= yupi a= kor son kay hine,"
2428,True,15,2,14,14,0,,,"orano konto paye =an h_ine, oro ta mata epitta an cise or_ ta paye =an."
2429,True,12,2,11,11,0,,,"orano ""etunkoanuske ta a= turesi ene yayramsitne kor an ruwe ene an."""
2430,True,8,2,7,7,0,,,"sekor hawoka kor i= kemnu pa hawkokari kor,"
2431,True,11,2,10,10,0,,,"oro ta sini =an pa. ipe =an SITARI ki hine oraun,"
2432,True,9,2,8,8,0,,,"Iskar a= orap hine sap =an ruwe ne h_ine,"
2433,True,12,2,11,11,0,,,tane nase ... sirpeker h_ine kotan or_ ta sap =an korka oraun
2434,True,8,2,7,7,0,,,"""nisap kotan or_ ta sap =an yak wen."""
2435,True,5,2,4,4,0,,,"sekor a= yuputari haweoka kor,"
2436,True,5,2,4,4,0,,,"orano inonnoytak pa rok ayne,"
2437,True,10,2,9,9,0,,,kotan kes wa hopuni kem tak kotan noski un turse.
2438,True,11,2,10,10,0,,,"kotan pa wa hopuni kem tak kotan noski un turse yakun,"
2439,True,7,2,6,6,0,,,"""tane pirka ruwe ne."" sekor hawoka kor_,"
2440,True,12,2,11,11,0,,,"tane sironuman h_ine ora kotan or_ ta sap =an ruwe ne akus_,"
2441,True,9,2,8,8,0,,,a= uni un patek ape nipek maknatara hine siran.
2442,True,11,2,10,10,0,,,tane nupe ohetu noyne an h_ine a= nukar nani awosma =an.
2443,True,3,2,2,2,0,,,"""a= hekote nispa!"""
2444,True,6,2,5,5,0,,,sekor hawean =an kor a= kotetterke.
2445,True,8,2,7,7,0,,,"""sorekusu a= wenonautari kor wen puri oka kusu,"
2446,True,13,2,12,12,0,,,"sorekus_ a= yuputari a= pa wa a= tura wa ek =an ruwe ne."""
2447,True,7,2,6,6,0,,,"sekor kane hawean =an ruwe ne akusu,"
2448,True,4,2,3,3,0,,,"sorekusu a= hekote nispa,"
2449,True,7,2,6,6,0,,,"""sorekusu ene oka wen puri kor pa."
2450,True,9,2,8,8,0,,,"ora ene sorekusu a= kor katkemat sorekus_ yaywennukar yakka,"
2451,True,6,2,5,5,0,,,"sermak a= kor kus."" sekor hawoka,"
2452,True,6,2,5,5,0,,,"rapok a= yupi utar ahup orano,"
2453,True,4,2,3,3,0,,,"uerankarap ukewehomsu pa rapokke,"
2454,True,9,2,8,8,0,,,"a= hekote nispa poro su, su atte hine suke."
2455,True,13,2,12,12,0,,,"aep anak nuwe koan pe ne kus, suke h_ine ipe =an h_ine oraun,"
2456,True,13,2,12,12,0,,,"konto ren ne pa hine ... ne ... ipe =an okake an akusu,"
2457,True,12,2,11,11,0,,,"ora ""aynu opitta a= ronnu yakka yayapasakka a= ki p ne kusu"
2458,True,10,2,9,9,0,,,"a= turesi ne ya a= kokow ... a= kor okkaypo,"
2459,True,10,2,9,9,0,,,utar nen ka ta uekatayrotke kur ukirare p ne na.
2460,True,14,2,13,13,0,,,"nen ka ekatayrotke, okkaypo nispa ne yakka a= turesi ne yakka ki yak pirka."""
2461,True,11,2,10,10,0,,,"sekor haweoka. a= yuputari ki h_i kusu, ora soyenpa =an h_ine,"
2462,True,9,2,8,8,0,,,"a= hekote nispa anakne okkaypo utar turano kimun SITARI,"
2463,True,15,2,14,14,0,,,"na neun neun okkaypo ne ya rupne utar_ ne ya kewtum pirka p kirare hine,"
2464,True,7,2,6,6,0,,,"ora asinuma anak pon menoko utar_ turano,"
2465,True,12,2,11,11,0,,,"uekatayrotke =an sorekusu ki pon menoko utar a= kirare pa hine ora,"
2466,True,12,2,11,11,0,,,"arki =an h_i ora topattumi pa kus paye pa ruwe ne hine,"
2467,True,5,2,4,4,0,,,"seta kikirihi ka kokerkerpa hine,"
2468,True,12,2,11,11,0,,,"kuneywa an akusu okkaypo utar_ ne yakka menoko po utar_ ne yakka,"
2469,True,7,2,6,6,0,,,"i= or_ ta uekarpa orano ukoparaparak kor,"
2470,True,8,2,7,7,0,,,"""a= kor katkemat sorekusu sermaka yupke kus_ yayeymontasa."
2471,True,6,2,5,5,0,,,aoka anak nep ka a= eramiskari.
2472,True,10,2,9,9,0,,,sorekus_ nen ne wa ne ya a= eramiskari no ki.
2473,True,6,2,5,5,0,,,a= kor okkaypo nispa ne yakka
2474,True,15,2,14,14,0,,,"sorekus ene a= kar ene a= kikkik yakka kamuy kopan pe an pe ne kusu,"
2475,True,7,2,6,6,0,,,nep eranak ka somo ki no an.
2476,True,9,2,8,8,0,,,"rapokke a= kor pon katkemat ek siri ene an."""
2477,True,11,2,10,10,0,,,"sekor hawoka kor orano konto kuneywa ipe =an pa h_i orano,"
2478,True,8,2,7,7,0,,,"konto kotan epitta payeoka pa ruwe ne akus,"
2479,True,11,2,10,10,0,,,"""tap a= onaha kor pe. tap a= utari kor pa p"""
2480,True,9,2,8,8,0,,,sekor haweoka. a= yuputari ki kor soy a= o.
2481,True,12,2,11,11,0,,,"sorekusu nispa an usi Otasam ne yak a= ye p ne kusu,"
2482,True,8,2,7,7,0,,,"inne kotan ne korka kotan epitta payeoka wa,"
2483,True,15,2,14,14,0,,,"""a= utari utar kor_ rusuy pa p soy o pa wa rura pa wa ..."
2484,True,8,2,7,7,0,,,"yak okake ene iki pa h_i ne kus_,"
2485,True,8,2,7,7,0,,,a= uhuyka pa wa cise a= kouhuyka pa.
2486,True,7,2,6,6,0,,,"sorekus_ a= wenpakasnu pa kus ne kus."""
2487,True,9,2,8,8,0,,,"sekor a= yupi utar hawokay pa p ne kus,"
2488,True,15,2,14,14,0,,,"kor_ rusuy pa p macikor_ ne ciki uekarpare pa rura pa eki ... eki ...,"
2489,True,14,2,13,13,0,,,"ekimun a= ki pa ruwe ne hine ora, tori a= uni ta oka =an."
2490,True,12,2,11,11,0,,,"orano konto kotan nuyeotke pa. sorekusu a= wenpakasnu pa ruwe ne hine,"
2491,True,17,2,16,16,0,,,"oraun a= utari utar_ rupne sike ki pa hine arki hine, orano a= uni ta an h_ine,"
2492,True,13,2,12,12,0,,,a= yuputari kor kuca or_ ta arki =an pa. orano sorekusu ukewehomsu pa.
2493,True,11,2,10,10,0,,,"sorekusu poro kur umurek ka a= kirare pa p ne kusu,"
2494,True,9,2,8,8,0,,,emus ani sorekusu a= yupi utar kewehomsu. ukewehomsu pa.
2495,True,13,2,12,12,0,,,"a= uni ta hosippa =an kor ora easir ki pa ruwe ne hine,"
2496,True,12,2,11,11,0,,,orano konto kes to an kor sike tak pa kusu paye pa.
2497,True,11,2,10,10,0,,,"konto situ ka ta a= uni un sike rura pa kor,"
2498,True,6,2,5,5,0,,,"ora iwak pa ranke pa kor,"
2499,True,14,2,13,13,0,,,"orano ki ayne sike rura oka an h_i orano konto cisekar =an pa wa,"
2500,True,7,2,6,6,0,,,"""a= yupihi utar yayramekotpa yak pirka."" sekor"
2501,True,5,2,4,4,0,,,"""tane onne =an kor ora,"
2502,True,15,2,14,14,0,,,"a= turesi a= pa SEPA, akkari anak nep ka a= kor_ rusuy ka somo ki."
2503,True,6,2,5,5,0,,,"a= turesi a= koyyomap pe ne."""
2504,True,10,2,9,9,0,,,sekor haweoka kor ki hikeka a= nu hawe ka isam.
2505,True,9,2,8,8,0,,,"""apasak =an. a= yuputari anakne sorekusu yayapasakka pa, kusu"
2506,True,11,2,10,10,0,,,"a= yuputari onne pa yakun, hekattar a= respa kus ne kus."""
2507,True,9,2,8,8,0,,,"sekor a= hekote nispa ka hawean pe ne kus,"
2508,True,12,2,11,11,0,,,"ora pon menoko utar a= tura pa p, a= yuputari ewtanne hine,"
2509,True,10,2,9,9,0,,,poro a= yupi anakne kor kuca or_ ta nani an.
2510,True,10,2,9,9,0,,,"ora asinuma ka asinuma a= unihi a= yupi soyke ta,"
2511,True,14,2,13,13,0,,,"pon a= yupi ka urenpiskan, a= yupi urenpiskanike ta oka =an ruwe ne h_ine,"
2512,True,6,2,5,5,0,,,a= utari utar_ cise kar pa
2513,True,7,2,6,6,0,,,"""sorekus aoka anakne coypep a= kor yakka,"
2514,True,8,2,7,7,0,,,"apa ne a= kor ka somo ki p,"
2515,True,11,2,10,10,0,,,"a= utari utar rura pa coypep unihi o pa yak pirka."""
2516,True,6,2,5,5,0,,,"sekor hawoka =an pe ne kus_,"
2517,True,9,2,8,8,0,,,"ne kane suwop patek poro a= yupi uk h_ine,"
2518,True,14,2,13,13,0,,,"orano okake anakne nep a= uk ka somo ki no, orano oka =an orano,"
2519,True,12,2,11,11,0,,,nep a= kor_ rusuy ka nep a= e rusuy ka somo ki.
2520,True,14,2,13,13,0,,,rapokke a= utari utar pon menoko utar ka pewre utar ka po kor pa.
2521,True,6,2,5,5,0,,,aoka ka matkaci ne? a= kor.
2522,True,13,2,12,12,0,,,a= po ... a= yuputari ka tu po re po ukokor pa kor.
2523,True,10,2,9,9,0,,,"a= yuputari onne pa p ne kus_ onne okake ta,"
2524,True,12,2,11,11,0,,,"a= karkuutari, a= matkarkuutari ene iki wa ipe pa kuni a= esanniyo."
2525,True,15,2,14,14,0,,,a= hekote nispa turano kotan kor utar_ turano ki pa rok ... kor oka =an.
2526,True,9,2,8,8,0,,,"asir aynu patek okay pe ne kus, konto uewtanne."
2527,True,14,2,13,13,0,,,inne kotan poro kotan a= ne wa sorekus_ pak katkemat isam katkemat a= ne.
2528,True,13,2,12,12,0,,,"nep a= e rusuy ka nep a= kor_ rusuy ka somo ki no,"
2529,True,12,2,11,11,0,,,a= matkarku utar a= karkuutari ene iki pa kuni a= esanniyo wa
2530,True,11,2,10,10,0,,,"a= kosmatutari pewre menoko utar a= erampokiwen pa p ne kusu,"
2531,True,12,2,11,11,0,,,"sirkirap sak no ipe pa kuni a= esanniyo kor oka =an ayne,"
2532,True,11,2,10,10,0,,,"aoka ka tane onne =an siri ene an h_i ne kusu,"
2533,True,7,2,6,6,0,,,"""sorekus_ wen puri kor pa p anakne,"
2534,True,13,2,12,12,0,,,"moyre yakka sorekus kamuy kohosarpa wa sorekus_ a= wenpakasnu pa p ne kusu,"
2535,True,12,2,11,11,0,,,neno oka wen puri anak a= poutari iteki eci= kor pa na.
2536,True,12,2,11,11,0,,,"tapne kane an pe a= eyaykopepka wa an pe a= ne na."""
2537,True,5,2,4,4,0,,,sekor sino katkemat hawean sekor.
2538,True,7,2,6,6,0,,,"a= saha an h_ine oka =an hike,"
2539,True,13,2,12,12,0,,,"a= saha cis a cis a kor kina rataskep mun rataskep kar wa,"
2540,True,9,2,8,8,0,,,i= ere hi a= eramuan kor orano oka =an.
2541,True,17,2,16,16,0,,,"pon mun cise an w_a oro ta a= saha i= resu hine ... kor oka =an ora,"
2542,True,7,2,6,6,0,,,sittokap kor cise or_ ta an =an.
2543,True,14,2,13,13,0,,,"i= anu wa ... i= kay kane, atpake ta anak i= kay kane wa,"
2544,True,13,2,12,12,0,,,"kina rataskep mun rataskep kar wa a= e kor oka =an a p,"
2545,True,8,2,7,7,0,,,"i= kay eaykap h_i orano i= hoppa wa,"
2546,True,19,2,18,18,0,,,"kina rataskep mun rataskep kar wa, pirkano supa wa i= ere kor orano oka =an pe ne a p,"
2547,True,10,2,9,9,0,,,"sineanta nay or_ ta sinot =an kor an =an akusu,"
2548,True,12,2,11,11,0,,,"aynu sekor a= ye p ne noyne okay pa p pettomotuypa hine,"
2549,True,9,2,8,8,0,,,"to mun tum oahup siri a= nukar hi kusu,"
2550,True,9,2,8,8,0,,,"ahun =an wa a= saha eun a= ye akus,"
2551,True,8,2,7,7,0,,,"""teeta kane a= ye ka somo ki na."
2552,True,14,2,13,13,0,,,"e= pon wa kusu a= ye ka somo ki no an =an a p,"
2553,True,8,2,7,7,0,,,"suy tokap topattumi ki pa p ne kusu,"
2554,True,20,2,19,19,0,,,ika nep ka siknu wa oka wa sekor yaynu pa wa arki pa hawe ne katu anak ene an h_i.
2555,True,7,2,6,6,0,,,"inne kotan poro kotan a= ne hine,"
2556,True,18,2,17,17,0,,,"a= onaha sorekusu kamuy siri ne an kur a= onaha ne hine oka =an pe ne a p,"
2557,True,5,2,4,4,0,,,"a= unu ene hawean h_i,"
2558,True,12,2,11,11,0,,,"'ney ta ka sinot =an wa a= eramiskari aynu haw as kor,"
2559,True,9,2,8,8,0,,,somo cise or un hosippa =an pe ne na.
2560,True,9,2,8,8,0,,,a= kor oper pirkano e= yaitupare p ne na.'
2561,True,13,2,12,12,0,,,sekor a= unu i= ye kor patek oka =an a p e= an.
2562,True,7,2,6,6,0,,,na e= pon hine e= ponpon hine
2563,True,17,2,16,16,0,,,a= e= kay kane hine nay turasi sinot =an kor ceppokoyki =an kor arpa =an a p.
2564,True,5,2,4,4,0,,,"a= eramiskari aynu haw sirwenruy,"
2565,True,6,2,5,5,0,,,orano tosir_ corpok ta nuynak =an.
2566,True,5,2,4,4,0,,,"cis =an kor ki ora,"
2567,True,12,2,11,11,0,,,"e= cis kor sorekusu a= parunpe a= e= nunnunte SITARI ki kor_,"
2568,True,9,2,8,8,0,,,"na neun neun a= e= kar kor ki ayne,"
2569,True,12,2,11,11,0,,,tori oka =an h_i oraun sorekus kemewen =an noyne yaynu =an h_ine
2570,True,9,2,8,8,0,,,"san =an h_ine a= uni ta arpa =an akus,"
2571,True,7,2,6,6,0,,,"a= akihi an pe ne a p,"
2572,True,7,2,6,6,0,,,"nea a= aki patek oar isam hine,"
2573,True,9,2,8,8,0,,,"ora okake anakne a= unuutari opitta a= ronnu wa,"
2574,True,5,2,4,4,0,,,"kotan epitta apkas =an akus,"
2575,True,8,2,7,7,0,,,"a= ronnu wa oka ruwe ne hine ora,"
2576,True,8,2,7,7,0,,,kotan or_ ta an =an ka a= sitoma.
2577,True,9,2,8,8,0,,,"raykur patek okay pe ne kusu a= sitoma h_ine,"
2578,True,8,2,7,7,0,,,"te ta ne pon cise a= kar wa,"
2579,True,10,2,9,9,0,,,"oro ta a= e= resu hine oka =an a p,"
2580,True,15,2,14,14,0,,,"suy nep ka siknu wa oka kunak ramu pa wa payeoka hawe ne nankor kusu,"
2581,True,6,2,5,5,0,,,"suke =an wa ipe =an yakun,"
2582,True,6,2,5,5,0,,,"oraun toma a= e= kokari wa,"
2583,True,8,2,7,7,0,,,"tan uske a= onaha kor kimuspu ne wa,"
2584,True,15,2,14,14,0,,,"kimuspu or_ ta an inawcipa or_ ta kimuspu sam ta oka =an ruwe ne kusu,"
2585,True,4,2,3,3,0,,,inawcipa a= e= kohokuste.
2586,True,7,2,6,6,0,,,neun hawas yakka iteki e= hawe aste.
2587,True,4,2,3,3,0,,,"neun poka e= iki,"
2588,True,11,2,10,10,0,,,"eani poka e= siknu yak a= onautari santeke ne situri na."""
2589,True,16,2,15,15,0,,,"sekor a= saha hawean kor suke hine cis a cis a kor i= ipere hine oraun,"
2590,True,9,2,8,8,0,,,"""nen ka e= pa wa a= e= kowepekennu ciki,"
2591,True,5,2,4,4,0,,,'tapne kane ne ruwe ne.'
2592,True,3,2,2,2,0,,,"sekor hawean ora,"
2593,True,4,2,3,3,0,,,aep anakne po ...
2594,True,15,2,14,14,0,,,ponno ponno okay pa p ne kus a= umomare wa a= kor wa ek =an.
2595,True,9,2,8,8,0,,,"atpake ta anak a= e kor oka =an ayne,"
2596,True,9,2,8,8,0,,,"orano konto kina rataskep mun rataskep a= kar wa,"
2597,True,11,2,10,10,0,,,"sirpaykar kor turep a= ta wa turep irup a= kar wa,"
2598,True,12,2,11,11,0,,,"tu … ani a= e= resu kor oka =an ruwe ne kusu,"
2599,True,10,2,9,9,0,,,na nen ka e= pa ciki iteki e= esina no
2600,True,8,2,7,7,0,,,`tap ne kane a= saha hawean ruwe ne'
2601,True,6,2,5,5,0,,,"sekor e= hawean yak pirka na."""
2602,True,10,2,9,9,0,,,"sekor a= saha i= ye kor ipe =an akusu ora,"
2603,True,10,2,9,9,0,,,"toma i= kokarkari hine inawcipa i= kohokuste ruwe ne hine,"
2604,True,17,2,16,16,0,,,"iruka oka =an kor a= saha tu suy re suy paraparak h_e ki hawe a= nu kor,"
2605,True,7,2,6,6,0,,,"ora hawehe ka isam ruwe ne akus,"
2606,True,14,2,13,13,0,,,"ora ""tokap pon matkaci sorekus somo aynu siretok kor kamuy ne ya kuni ..."
2607,True,13,2,12,12,0,,,"kamuy ne noyne an matkaci sinot kor an wa a= nukar a p,"
2608,True,4,2,3,3,0,,,"oar isam oar isam."""
2609,True,6,2,5,5,0,,,"sekor kane hawas ruwe ne akusu,"
2610,True,6,2,5,5,0,,,"""nimaraha e= ne pak an pe,"
2611,True,13,2,12,12,0,,,"nay poro ru an pe mom wa pet or oahun ru somo ne."""
2612,True,6,2,5,5,0,,,sekor kane hawoka haw ... kusu
2613,True,2,2,1,1,0,,,"""ohayne ohayne"""
2614,True,3,2,2,2,0,,,"sekor hawoka kor,"
2615,True,5,2,4,4,0,,,"konto soyenpa hawe as wa,"
2616,True,10,2,9,9,0,,,"okake ta cis =an kor an =an sekor_ ne akus,"
2617,True,3,2,2,2,0,,,"konto HANASI KAWATTE,"
2618,True,9,2,8,8,0,,,a= onaha an a= unuhu an h_ine oka =an.
2619,True,14,2,13,13,0,,,ineapkusun a= onautari i= omap wa iki pa ya ka a= eramiskari. a=yup ...
2620,True,8,2,7,7,0,,,pon a= yupi an poro a= yupi an.
2621,True,15,2,14,14,0,,,pon a= saha an poro a= saha an h_ine oka =an pe ne ruwe ne.
2622,True,11,2,10,10,0,,,soy ta hekattar_ tura sinot =an h_i ka a= onaha kopan.
2623,True,12,2,11,11,0,,,"""wenkur kopoyke ussiw kopoyke a= kor son ki hi ka a= eyam."""
2624,True,12,2,11,11,0,,,sekor a= onaha hawean kor soy ta sinot =an kuni ka kopan.
2625,True,11,2,10,10,0,,,sorekus a= onautari sirkunne kor i= yewemkotumam pa wa hotke =an.
2626,True,6,2,5,5,0,,,sorekus aep pirka hi suke ...
2627,True,6,2,5,5,0,,,"pon a= sa suke pa kor,"
2628,True,5,2,4,4,0,,,orano hoskino a= i= koypuni.
2629,True,13,2,12,12,0,,,ineapkusun a= ye ... i= eoripak wa siri ki ya ka a= eramiskari.
2630,True,7,2,6,6,0,,,nep kusu ene po i= eoripak pa.
2631,True,13,2,12,12,0,,,a= yuputari hene ineapta i= omap pa iki pa ya ka a= eramiskari.
2632,True,4,2,3,3,0,,,"iwak pa kor orano,"
2633,True,14,2,13,13,0,,,"i= ukorpare wa i= omap pa kor orano oka =an ayne poro =an akusu,"
2634,True,6,2,5,5,0,,,"ora a= ona ene hawean h_i,"
2635,True,14,2,13,13,0,,,"""eytasa ohonno a= kor kamuy a= poho i= koyantone hi ka a= eoripak kus,"
2636,True,9,2,8,8,0,,,"sinna cise a= kar wa oro ta an wa,"
2637,True,8,2,7,7,0,,,"pon a= matnepoho paro osuke p ne na."""
2638,True,4,2,3,3,0,,,sekor a= ona hawean.
2639,True,7,2,6,6,0,,,"ora a= yuputari cise kar pa hine,"
2640,True,5,2,4,4,0,,,"pirka cise kar pa hine,"
2641,True,6,2,5,5,0,,,"ora a= onaha uni o p,"
2642,True,8,2,7,7,0,,,"makan okay pe puyar kari soy a= o,"
2643,True,9,2,8,8,0,,,"makan okay pe apa kari soy o pa hine,"
2644,True,5,2,4,4,0,,,"cise onnay a= etomtekar h_ine,"
2645,True,5,2,4,4,0,,,orano oro ta an =an.
2646,True,13,2,12,12,0,,,"nep ka a= kar kuni ka a= yuputari ka kopan pe ne kusu,"
2647,True,13,2,12,12,0,,,"nep ka a= kar ka somo ki no, orano an =an ruwe ne."
2648,True,7,2,6,6,0,,,pon a= saha suke wa i= koyyani.
2649,True,10,2,9,9,0,,,"onuman an kor kuneywa an kor pirka suke ki wa,"
2650,True,9,2,8,8,0,,,"a= e kor oka =an ruwe ne a p,"
2651,True,5,2,4,4,0,,,"sine ancikar hotke =an akusu,"
2652,True,16,2,15,15,0,,,"a= sapa sirka ta a= anu kor hinak un hekaci cis haw a= nu wa kusu,"
2653,True,6,2,5,5,0,,,hepuni =an kor somo a= nu.
2654,True,11,2,10,10,0,,,"a= sapa sirka ta a= anu kor a= nu hi kusu,"
2655,True,11,2,10,10,0,,,"ora somo yaysamne ne haw ne kuni a= ramu wa kusu,"
2656,True,8,2,7,7,0,,,"ora matkosanu =an h_ine sipine =an tek h_ine,"
2657,True,8,2,7,7,0,,,"orano homar_ cup ipor an pe ne kusu,"
2658,True,6,2,5,5,0,,,orano pet turasi ouse hopuni =an.
2659,True,11,2,10,10,0,,,"sirka a= oterke humi a= erampewtek no ouse hopuni =an h_ine,"
2660,True,9,2,8,8,0,,,"orano arpa =an ayne si poro nay an h_ine,"
2661,True,9,2,8,8,0,,,"nay turasi hoyupu =an kor a= nu p ne,"
2662,True,9,2,8,8,0,,,"as =an kor somo a= nu p ne kusu,"
2663,True,9,2,8,8,0,,,"ne nay or un a= nu p ne kusu,"
2664,True,8,2,7,7,0,,,"orano nay turasi arpa =an ruwe ne akusu,"
2665,True,5,2,4,4,0,,,"pon mun cise an hine,"
2666,True,10,2,9,9,0,,,"oraun hinak un hekaci cis haw a= nu hi kusu,"
2667,True,7,2,6,6,0,,,"kikir_ rek haw neno ki h_i kusu,"
2668,True,5,2,4,4,0,,,"oro ta arpa =an akusu,"
2669,True,9,2,8,8,0,,,inawcipa a= hokuste hine an h_ine ... ne akusu
2670,True,7,2,6,6,0,,,"toma a= ukokarkari p an h_i kusu,"
2671,True,6,2,5,5,0,,,"a= pita hine inkar =an akusu,"
2672,True,7,2,6,6,0,,,pon matkaci sorekus pirka okere pon matkaci
2673,True,15,2,14,14,0,,,"tane tasutuy kuni pakno ... patek neno an h_ine a= pa ruwe ne hi kusu,"
2674,True,6,2,5,5,0,,,"ora konto rawpeka a= kay hine,"
2675,True,5,2,4,4,0,,,"orano ouse hopuni =an h_ine,"
2676,True,12,2,11,11,0,,,kor wa san =an h_ine a= uni ta kor wa san =an.
2677,True,13,2,12,12,0,,,"a= tumam hine hotke ... hotke =an h_ine ... hotke =an … hine,"
2678,True,9,2,8,8,0,,,"ora kuneywa a= saha i= koyyani wa ek h_ine,"
2679,True,8,2,7,7,0,,,"ene haw ... matkaci turano a= e h_ine,"
2680,True,14,2,13,13,0,,,"ora a= kowepekennu pakno eraman wa an pe ne h_i kusu a= kowepekennu akusu,"
2681,True,15,2,14,14,0,,,"""tap ne kane a= saha hawean kor ki ruwe ne hine, oraun toma i= kokarkari."
2682,True,8,2,7,7,0,,,`iteki a= esina no a= ye yak pirka.
2683,True,12,2,11,11,0,,,i= pa ... hoski i= pa kur eun a= ye yak pirka.'
2684,True,6,2,5,5,0,,,"sekor a= saha hawean ruwe ne."""
2685,True,3,2,2,2,0,,,"sekor hawean akusu,"
2686,True,9,2,8,8,0,,,"""somo a= i= eikka p ne hi ne kusu,"
2687,True,11,2,10,10,0,,,"a= onautari etakasure i= aynukor pa, sorekusu ki pa hi an?"""
2688,True,3,2,2,2,0,,,"sekor yaynu =an,"
2689,True,9,2,8,8,0,,,"kewtum or_ ta yaynu =an kor oka =an akusu,"
2690,True,14,2,13,13,0,,,"a= i= koani p patek a= e hayta hi kusu, pon a= sa eun,"
2691,True,9,2,8,8,0,,,"""a= saha i= koyyani ka a= e hayta kusu,"
2692,True,8,2,7,7,0,,,"tun atarimae aep kor wa ek yak pirka."""
2693,True,4,2,3,3,0,,,"sekor hawean =an akusu,"
2694,True,5,2,4,4,0,,,"i= eoripak pe ne kusu,"
2695,True,10,2,9,9,0,,,"pon a= saha tun atarimae aep kor wa ek korka,"
2696,True,12,2,11,11,0,,,"sa ta a= sanke ka somo ki, a= kor matkaci ki no,"
2697,True,10,2,9,9,0,,,casiruy ta a= anu wa eun a= ipere kor an.
2698,True,4,2,3,3,0,,,"a= saha openpak ayne,"
2699,True,11,2,10,10,0,,,"orano konto pirka pon amip kar wa ek wa mire wa,"
2700,True,6,2,5,5,0,,,"turano tokap an kor an wa,"
2701,True,14,2,13,13,0,,,soy a= omare ka somo ki no ki kor oka =an rapokke poro =an.
2702,True,15,2,14,14,0,,,"tane utari na ne ... na neun neun ne wa ki ayne poro =an awa,"
2703,True,6,2,5,5,0,,,"sine ancikar saramanto kari urar_ ruyka,"
2704,True,11,2,10,10,0,,,"a =an uske un urar_ ruyka situri hine siran hi kusu,"
2705,True,12,2,11,11,0,,,"somo aruramun ne kuni a= ramu p ne kus, sipine =an h_ine,"
2706,True,9,2,8,8,0,,,"ne urar_ ruyka kari saramanto kari soyne =an akusu,"
2707,True,9,2,8,8,0,,,"Yupet kopakke un arpa urar_ ruyka ne hi kusu,"
2708,True,12,2,11,11,0,,,"orano ne urar_ ruyka kari ho ... sorekus ouse hopuni =an wa,"
2709,True,12,2,11,11,0,,,"orano arpa =an ayne, Yupet ta kotan or_ ta arpa =an akusu,"
2710,True,9,2,8,8,0,,,kotan noski un nea urar_ ruyka situri hine an.
2711,True,9,2,8,8,0,,,"kari ran =an akusu mokor kurka an h_i kusu,"
2712,True,14,2,13,13,0,,,"orano konto ne kusu nep ka a= erampewtek no a= tasiro a= etaye h_ine,"
2713,True,5,2,4,4,0,,,orano kotan epitta sewrituye =an.
2714,True,7,2,6,6,0,,,"sinep ka a= siknure somo ki no,"
2715,True,6,2,5,5,0,,,sewrituye =an h_ine ora ek =an.
2716,True,11,2,10,10,0,,,"nea urar_ ruyka kari suy ek =an h_ine ahun =an akusu,"
2717,True,9,2,8,8,0,,,"nea urar_ ruyka konto oar isam ruwe ne hine,"
2718,True,5,2,4,4,0,,,"orano an =an a p,"
2719,True,10,2,9,9,0,,,"sine ancikar okuymaesoyne =an h_ine soy ta okuyma =an akus,"
2720,True,14,2,13,13,0,,,"a= onautari un ape a wa ukoytak kor oka hawas kusu ek =an akus,"
2721,True,11,2,10,10,0,,,"a= ona hinta ye kor an hawas kusu, apa pa ta,"
2722,True,12,2,11,11,0,,,"cise onnay wa apa pa ta as =an h_i ikokanu =an akus,"
2723,True,12,2,11,11,0,,,"""a= poutari ikiankunak pon a= poho a= omap eytasa a= omaruye siri,"
2724,True,5,2,4,4,0,,,"a= poutari eci= ruska wa,"
2725,True,9,2,8,8,0,,,pon a= poho nen ka a= sitoma p ne.
2726,True,12,2,11,11,0,,,"tap ne kane Yupet putu wa ... un utar topattumi pa wa,"
2727,True,5,2,4,4,0,,,sorekusu eaynuwente pa kor oka.
2728,True,8,2,7,7,0,,,"pis peka arki pa hine, oka =an a,"
2729,True,16,2,15,15,0,,,"Iskar putu kor nispa a= ne wa ... pe ne kusu, i= or_ ta arki wa,"
2730,True,14,2,13,13,0,,,"`Iskar emko un sorekusu kamuy asur_ ne, Iskar emko un nispa asur as kusu,"
2731,True,7,2,6,6,0,,,a= e= tura yakka pirka.' sekor hawean.
2732,True,3,2,2,2,0,,,"a= kopan akusu,"
2733,True,9,2,8,8,0,,,`hoski iso atpa ne a= e= kar pe ne.'
2734,True,5,2,4,4,0,,,"sekor hawean ... hawas h_ine,"
2735,True,14,2,13,13,0,,,ora eci= unu turano Iskar emko ta topattumi or_ ta paye =an korka ...
2736,True,3,2,2,2,0,,,ayne ahup =an.
2737,True,12,2,11,11,0,,,"sorekus inne utar_ ne p ne kusu okaskamuysak pa p ne kusu,"
2738,True,5,2,4,4,0,,,"ekimne ka somo ki no,"
2739,True,11,2,10,10,0,,,"aynu opitta cise or_ ta mokor wa oka ruwe ne hine,"
2740,True,10,2,9,9,0,,,"oro ta sintoko kotca ta a= hotkere wa an pe,"
2741,True,9,2,8,8,0,,,"tan pon a= poho ne ruwe ne hi kusu,"
2742,True,12,2,11,11,0,,,"aynu kopoyke no eci= unu seturu a= omare hine a= kirare hine,"
2743,True,11,2,10,10,0,,,"orano asinuma anak sinep ka a= tuye ka somo ki no,"
2744,True,9,2,8,8,0,,,"orano sewri tuypa ayne aynu kotcaot san =an hine,"
2745,True,9,2,8,8,0,,,"orano a= resu pon a= poho ne wa kusu,"
2746,True,11,2,10,10,0,,,"sorekus kamuy sasimi ne pa utar_ ne pa p ne wa,"
2747,True,12,2,11,11,0,,,"somo aynu ne pa p ne wa kusu, isitoma =an wa kusu,"
2748,True,11,2,10,10,0,,,"sorekus aynu kopoyke wenkur kopoyke hi ka a= etoranne wa kusu,"
2749,True,8,2,7,7,0,,,a= resu katu ene an h_i ne na.
2750,True,10,2,9,9,0,,,"a= poutari ikiankunak eci= akihi nen ka eci= ipakkar_ na."""
2751,True,9,2,8,8,0,,,"sekor kane a= onaha hawean akus, poro a= yupi,"
2752,True,7,2,6,6,0,,,"""hemanta ne kusu ene iki p an."
2753,True,12,2,11,11,0,,,"nep kusu ene a= onautari etakasure a= akihi omaruypa siri oka yakka,"
2754,True,11,2,10,10,0,,,"sorekus katu a= nukar pe a= aki ne p ne kusu,"
2755,True,10,2,9,9,0,,,"a= akihi a= eoripak kor oka =an pe hemanta ne?"""
2756,True,8,2,7,7,0,,,"sekor a= yuputari hawoka kor oka h_i kusu,"
2757,True,14,2,13,13,0,,,"hemanta ye p hawe ne ya, na ar suy ne ye pa wa ..."
2758,True,3,2,2,2,0,,,"tapne a= yuputarihi,"
2759,True,10,2,9,9,0,,,"""hemanta ne kusu ene kamuy a= akihi a= pakkar kusu,"
2760,True,6,2,5,5,0,,,"ene a= onaha hawean."" sekor hawean."
2761,True,5,2,4,4,0,,,"""hinta eci= ye haw an?"""
2762,True,4,2,3,3,0,,,"sekor hawean =an kor,"
2763,True,12,2,11,11,0,,,"poro =an yakka a= onautari ukouturke ta patek a =an pe ne,"
2764,True,15,2,14,14,0,,,"ahun =an kor ki p ne kusu, a= onautari ukouturke ta mono a =an hine,"
2765,True,6,2,5,5,0,,,"""hinta a= onaha ye haw an?"
2766,True,8,2,7,7,0,,,"na ar suy ne ye wa i= nure."""
2767,True,6,2,5,5,0,,,"sekor hawean =an ruwe ne akus,"
2768,True,14,2,13,13,0,,,"""na a= poho, na e= pon kusu a= epaskuma ka eoripak wa somo korka,"
2769,True,8,2,7,7,0,,,"Yupet putu kor utar topattumi patek ki wa,"
2770,True,15,2,14,14,0,,,"ani eaynuwente pa pe ne yak a= ye h_i a= nu kor oka =an akus,"
2771,True,7,2,6,6,0,,,"tokap topattumi ki kusu arki pa hine,"
2772,True,11,2,10,10,0,,,"i= siren pa wa a= kopan yakka, nu hawe ka isam."
2773,True,10,2,9,9,0,,,neun somo a= i= tura yakun hoskino a= i= rayke.
2774,True,13,2,12,12,0,,,"iso atpa ne a= i= kar kusu ne sekor kane hawean wa ora,"
2775,True,13,2,12,12,0,,,eci= unu turano paye =an hine Iskar emko ta paye =an ru ...
2776,True,11,2,10,10,0,,,"ne kotan or_ ta noski ta ahup =an ruwe ne akusu,"
2777,True,8,2,7,7,0,,,"sorekusu inonnoytak wa okay pa p ne kus,"
2778,True,6,2,5,5,0,,,"kotan kor utar okaskamuysak pa kusu,"
2779,True,11,2,10,10,0,,,"aynu opitta mokor wa tokap mokor wa oka ruwe ne hine,"
2780,True,5,2,4,4,0,,,"orano sewri tuypa pa korka,"
2781,True,12,2,11,11,0,,,"asinuma na somo ki kusu an pe a= ne p ne kusu,"
2782,True,7,2,6,6,0,,,"sinep ka a= tuye somo ki no,"
2783,True,11,2,10,10,0,,,"kotan noski ta iyoykir kotca ta a= hotkere wa an hekaci,"
2784,True,8,2,7,7,0,,,"tan pon a= poho ne ruwe ne wa,"
2785,True,7,2,6,6,0,,,"a= uk wa a= e= uk h_ine,"
2786,True,9,2,8,8,0,,,"e= unu seturu a= omare hine a= kirare hine,"
2787,True,6,2,5,5,0,,,"orano topattumi oka an h_i ora,"
2788,True,16,2,15,15,0,,,"asinuma anak nep ka sine p ka a= uk ka somo ki no san =an korka,"
2789,True,10,2,9,9,0,,,"soy ta a= e= sinotte SITARI nen nen ne ya,"
2790,True,10,2,9,9,0,,,"wen puri kor pa p ne kusu, nu pa wa,"
2791,True,14,2,13,13,0,,,nen kane a= e= rayke hene nen kane a= kotan un topattumi ek kuni
2792,True,4,2,3,3,0,,,"a= sitoma wa kusu,"
2793,True,7,2,6,6,0,,,"wenkur kopoyke somo a= e= kire no,"
2794,True,10,2,9,9,0,,,"sinna a= e= anu wa a ruwe ne a p,"
2795,True,8,2,7,7,0,,,ene kamuy kopan pe an kusu a= eysoytak.
2796,True,20,2,19,19,0,,,"eci= yupihi utar_ nen kane nen ka a= noye sanpe kor pa kuni a= sitoma kus a= ye a p,"
2797,True,11,2,10,10,0,,,"oro ta e= an hawe ne hike, makanak ne a= esina."
2798,True,21,2,20,20,0,,,"moyre yakka neun ne yakka a= ye wa a= e= nure kunak a= ramu kor an =an a kus ki hawe."""
2799,True,5,2,4,4,0,,,"sekor a= onaha hawean. oraun,"
2800,True,5,2,4,4,0,,,"""ene i= omap pa wa,"
2801,True,15,2,14,14,0,,,"sorekus ona akkari yaykata a= ona akkari i= omap pa p a= onautari ne hine,"
2802,True,5,2,4,4,0,,,"makanak hawean =an pe an?"""
2803,True,5,2,4,4,0,,,"sekor hawean =an kor ora,"
2804,True,11,2,10,10,0,,,"""urar_ ruyka an wa kari arpa =an wa Yupet putu ta,"
2805,True,12,2,11,11,0,,,"sorekusu Yupet putu un utar sinep ka a= siknure somo ki no,"
2806,True,5,2,4,4,0,,,a= rayke wa ek =an.
2807,True,5,2,4,4,0,,,"ora a= turesihi ne yakka,"
2808,True,10,2,9,9,0,,,"tapne mokor =an kus ne kor mokor =an eaykap wa,"
2809,True,6,2,5,5,0,,,hepuni =an kor somo a= nu.
2810,True,14,2,13,13,0,,,"a= sapa a= anu kor, ora cis hawe a= nu wa arpa =an wa,"
2811,True,9,2,8,8,0,,,"a= kay wa san =an wa a= resu wa,"
2812,True,11,2,10,10,0,,,"pon a= saha imire ipere kor oka =an ruwe ne wa,"
2813,True,6,2,5,5,0,,,sorekusu kamuy okay pe sone kusu.
2814,True,13,2,12,12,0,,,"ora a= saha anakne a= rayke wa isam yak a= ye ruwe ne."""
2815,True,4,2,3,3,0,,,"sekor hawean =an. orano,"
2816,True,10,2,9,9,0,,,a= onautari cis kor sorekus ikopuntek a= onaha ki SITARI
2817,True,12,2,11,11,0,,,"""keray kamuy ne kusu pon a= poho sermak kor hawe ene an."""
2818,True,9,2,8,8,0,,,"sekor kane a= onaha hawean kor ki h_ine ora,"
2819,True,9,2,8,8,0,,,"rewsioka =an h_i ora tori oka =an h_i ora,"
2820,True,9,2,8,8,0,,,"""a= saha a= erampokiwen kusu icarpa =an kusu ne."""
2821,True,6,2,5,5,0,,,"sekor kane a= yuputari haweoka hine,"
2822,True,16,2,15,15,0,,,"ora a= sautarihi ka asinuma ka ne a= turesihi ka ta apkas enitan pe ne kusu,"
2823,True,6,2,5,5,0,,,"kotan kor utar a= tura hine,"
2824,True,7,2,6,6,0,,,"ene Iskar emko ta paye =an h_ine,"
2825,True,9,2,8,8,0,,,"ne pon cise ta ahup =an ruwe ne akus,"
2826,True,10,2,9,9,0,,,"apapa ta a= saha retar ponehe takup situri h_ine an,"
2827,True,11,2,10,10,0,,,"orano kasi a= ohastuye cis =an kor ki ruwe ne hine,"
2828,True,7,2,6,6,0,,,"ora soy ta suke =an pa wa,"
2829,True,6,2,5,5,0,,,"icarpa =an rok =an rok hine,"
2830,True,9,2,8,8,0,,,"ora sorekusu kimuspu apa a= maka ruwe ne akus,"
2831,True,9,2,8,8,0,,,kimuspu or_ ta so pa ta ka kamuy an.
2832,True,8,2,7,7,0,,,"apapa ta ka kamuy an ruwe ne hine,"
2833,True,8,2,7,7,0,,,ora a= yuputari sine ... sine to ...
2834,True,14,2,13,13,0,,,"sinen ka kamuy hopunire eaykap pa p ne yak a= ye p ne kusu,"
2835,True,5,2,4,4,0,,,"usa usa hopunpare pa hine,"
2836,True,6,2,5,5,0,,,"nusa kor kamuy ne yakka sorekusu,"
2837,True,13,2,12,12,0,,,"kewe a= anu SONO nusa or_ ta ne yakka inaw a= asi hine,"
2838,True,13,2,12,12,0,,,oraun a= utari utar_ tura kimuspu or o ikor_ ne ya tori ...
2839,True,16,2,15,15,0,,,"tori tori kim ta oka =an h_i oraun a= se hine sap =an ruwe ne h_ine,"
2840,True,13,2,12,12,0,,,i= tura utar a= pumakore sinep sinep ki ruwe ne h_ine a= se.
2841,True,8,2,7,7,0,,,"nimara suy cip ani konto paye =an h_ine,"
2842,True,10,2,9,9,0,,,"cip or a= o wa a= sanke ruwe ne hine,"
2843,True,9,2,8,8,0,,,orano ora rapok tane poro =an. asinuma ka ki.
2844,True,7,2,6,6,0,,,"a= turesihi ka poro p ne kusu,"
2845,True,8,2,7,7,0,,,"konto ""a= turesihi pon a= yupi a= kore."
2846,True,8,2,7,7,0,,,"asinuma pon a= saha a= ewtanne kus ne."""
2847,True,4,2,3,3,0,,,"sekor hawean =an akus,"
2848,True,10,2,9,9,0,,,"a= onaha ""wenkur sani wenkur taype a= poutari ne hine,"
2849,True,11,2,10,10,0,,,"ora sorekusu kamuy eepakke utar eun neno ne ka a= eoripak."""
2850,True,13,2,12,12,0,,,"sekor a= onaha ka hawean, a= saha ka a= yupihi ka ki korka,"
2851,True,6,2,5,5,0,,,"a= nu hawe ka isam kusu,"
2852,True,5,2,4,4,0,,,"a= ona ene hawean h_i,"
2853,True,18,2,17,17,0,,,"""sorekusu kamuy sasimi kotan or_ ta an a pon a= poho a= kotomka kor an =an a p,"
2854,True,7,2,6,6,0,,,"ene wenkur sani a= matnepo ne hine,"
2855,True,13,2,12,12,0,,,"ora ene a= poho ... pon a= poho kor_ rusuy hawe ene an."""
2856,True,4,2,3,3,0,,,"sekor kane hawean korka,"
2857,True,11,2,10,10,0,,,“ne kamuy sasimi anak poro a= yupi a= kore yak pirka.
2858,True,11,2,10,10,0,,,"ora a= saha ka sorekus kotan or_ ta at pe, nispa,"
2859,True,7,2,6,6,0,,,"pirka okkaypo an kusu a= ewtannere wa,"
2860,True,6,2,5,5,0,,,"usinna usinna cise a= kar wa,"
2861,True,8,2,7,7,0,,,"oro ta kimuspu or wa a= rura coypep,"
2862,True,7,2,6,6,0,,,inen a= ne wa upakno a= ukowsaraye.
2863,True,13,2,12,12,0,,,"a= ona kor pa p ka upakno inen a= ne wa a= ukowsaraye,"
2864,True,15,2,14,14,0,,,"sorekusu kokow ne yakka sorekusu a= saha ewtanne p irwak ne kusu... ki hawe ne."""
2865,True,6,2,5,5,0,,,"sekor hawean =an pe ne kusu,"
2866,True,11,2,10,10,0,,,"ora a= ye p hayta ka eaykap pa p ne kusu,"
2867,True,10,2,9,9,0,,,"nea pon a= yupihi a= turesi ewtanne wa, a ..."
2868,True,12,2,11,11,0,,,oro ta an =an cise or_ ta a= turesi turano an kunak
2869,True,13,2,12,12,0,,,"“asinuma anakne oka kusukeraypo siknu =an pe a= unuhu a= onaha ne kus,"
2870,True,11,2,10,10,0,,,"onne pakno kasi a= oyki a= koyantone a= ki kus ne."""
2871,True,5,2,4,4,0,,,"sekor hawean =an kor ora,"
2872,True,11,2,10,10,0,,,pon a= ... poro a= yupi ka sinna uni a= kar.
2873,True,8,2,7,7,0,,,"a= saha ka sinna uni a= kar h_ine,"
2874,True,7,2,6,6,0,,,"upakno uneno coypep a= ukowsaraye wa, ayne,"
2875,True,7,2,6,6,0,,,"orano oka =an siri ene an h_i,"
2876,True,15,2,14,14,0,,,"a= yuputari ineapkusun ... kotan kor utar tanepo pirkano i= nukar pa p ne kusu,"
2877,True,9,2,8,8,0,,,"makanak an pe a= ne wa ne sinne ya,"
2878,True,4,2,3,3,0,,,"sorekus i= tukari emawrarpa,"
2879,True,11,2,10,10,0,,,"i= tukari kosikeranaatte kane, sorekusu ki pa kor, oraun oka =an."
2880,True,6,2,5,5,0,,,a= turesihi ne yakka neno ne.
2881,True,14,2,13,13,0,,,sorekusu kotan kor utar ineapkusun i= eoripak pa iki pa ya ka a= eramiskari.
2882,True,13,2,12,12,0,,,"ekimne =an kor yuk ne ciki kamuy ne ciki nuwe a= koan wa,"
2883,True,11,2,10,10,0,,,"ata … uturu an kor pet or_ ta ran =an wa,"
2884,True,7,2,6,6,0,,,cepyaokuta =an wa ikoytupa kur a= korpare.
2885,True,11,2,10,10,0,,,"onne utar sorekusu yaykookay pa p a= erampokiwen kusu ki kor,"
2886,True,6,2,5,5,0,,,orano oka =an rapokke pokor =an.
2887,True,9,2,8,8,0,,,"orano a= yuputari ka posiresitte pa p ne hikeka,"
2888,True,10,2,9,9,0,,,"a= yuputari yaykata a= sautari po omap siri isam no,"
2889,True,6,2,5,5,0,,,a= turesihi poutari a= poutari patek.
2890,True,12,2,11,11,0,,,a= yuputari anakne sirkunne kor orano arki pa wa i= koyyomap pa.
2891,True,15,2,14,14,0,,,nep a= e rusuy nep a= kor_ rusuy somo ki no oka =an ruwe ne.
2892,True,15,2,14,14,0,,,"oraun sinrit or un, a= onaha utar sorekusu topattumi ani a= ronnu p ne kus,"
2893,True,9,2,8,8,0,,,sorekusu a= koycarpa pa kor oka =an ruwe ne.
2894,True,15,2,14,14,0,,,"nep a= e rusuy nep a= kor_ rusuy ka somo ki no, a= saha ..."
2895,True,15,2,14,14,0,,,"iwak =an kor orano a= sa ... a= onaha poro =an yakka pokor =an yakka,"
2896,True,7,2,6,6,0,,,apapa un i= nukar kor i= henkotpa.
2897,True,9,2,8,8,0,,,"i= eoripak etakaspare ki pa kor oka =an ayne,"
2898,True,11,2,10,10,0,,,a= poutari ka rupne pa wa a= yuputari poutari ka rupne.
2899,True,11,2,10,10,0,,,a= mippo kar pe ka a= onautari e pakno siknu pa.
2900,True,11,2,10,10,0,,,mosir hoppa wa okake ta an =an siri ene an h_i.
2901,True,13,2,12,12,0,,,"sorekus a= poutari ne yakka i= neno kane iki pa pe ne kusu,"
2902,True,11,2,10,10,0,,,"a= yuputari ka i= akkari pa rupne pa p ne kor,"
2903,True,9,2,8,8,0,,,"upipi upipi isam pa okake ta an =an wa,"
2904,True,8,2,7,7,0,,,"a= karkuutari a= sikkasma wa an =an ayne,"
2905,True,9,2,8,8,0,,,"tane onne =an siri ene an h_i ne kusu,"
2906,True,11,2,10,10,0,,,"“ikiankunak a= poutari neno oka wen puri anak a= kor kor,"
2907,True,14,2,13,13,0,,,"ikor a= kor yakka apa ne a= kor ka somo ki p ne kusu,"
2908,True,11,2,10,10,0,,,neno oka wen puri anakne somo a= kor pe ne na.
2909,True,10,2,9,9,0,,,ikiankunak a= poutari neno oka wen puri kor pa oraun
2910,True,6,2,5,5,0,,,hoski a= po anakne a= koyantone.
2911,True,6,2,5,5,0,,,ekasi utar nurappa pa yak pirka.
2912,True,14,2,13,13,0,,,"ora a= matnepo anakne Iskar emko un a= onaha sucihi nurappa pa yak pirka."""
2913,True,11,2,10,10,0,,,sekor itakmuye =an kor onne =an pe ne kusu a= eysoytak
2914,True,4,2,3,3,0,,,sekor sino nispa hawean.
2915,True,7,2,6,6,0,,,"a= sa an hine oka =an h_ike,"
2916,True,9,2,8,8,0,,,"a= sa i= omap a i= omap a kor,"
2917,True,13,2,12,12,0,,,"ne ene iki wa okay pe a= ne h_i ka a= erampewtek no,"
2918,True,9,2,8,8,0,,,"tun a= ne oka =an pe ne a p,"
2919,True,4,2,3,3,0,,,sineanta sinot =an ...
2920,True,14,2,13,13,0,,,"si poro nay an wa nay sam ta a= saha turano oka =an wa,"
2921,True,5,2,4,4,0,,,"a= saha rawomap kar wa,"
2922,True,5,2,4,4,0,,,"ceppo koyki cep koyki wa,"
2923,True,13,2,12,12,0,,,ne wa okay pe an... satsatu wa mata ka sak ka a= e.
2924,False,17,2,16,15,1,hi,saha kar,"kina rataskep mun rataskep a= saha kar wa turano ki kor oka =an pe ne a p,"
2925,True,7,2,6,6,0,,,"sineanta sinot =an kor an =an akusu,"
2926,True,11,2,10,10,0,,,aynu sekor a= ye p ne noyne okay pa ren ...
2927,True,5,2,4,4,0,,,"ren pakno pet tomotuypa hine,"
2928,True,8,2,7,7,0,,,"tomam tum oahup siri a= nukar h_i kusu,"
2929,True,6,2,5,5,0,,,"a= sa eun a= ye akusu,"
2930,True,14,2,13,13,0,,,"""Iskar emko wa topattumi an wa oro ta a= e= kay wa sinot =an."
2931,True,14,2,13,13,0,,,"rapok, iteki a= eramiskari aynu haw a= nu kor hosippa =an pe ne na.'"
2932,True,9,2,8,8,0,,,sekor a= unuhu i= ye kor patek oka =an.
2933,True,17,2,16,16,0,,,"a= e= kay h_ine sinot =an, nay turasi ki kor oka =an a an =an a p,"
2934,True,4,2,3,3,0,,,a= eramiskari haw ...
2935,True,5,2,4,4,0,,,"haw a= nu hi kusu,"
2936,True,7,2,6,6,0,,,"ora konto hosipi =an somo ki no,"
2937,True,11,2,10,10,0,,,"tosir corpok ta tori kane a= e= tura, an =an ayne,"
2938,True,7,2,6,6,0,,,"aynu haw oka an h_i kusu ora,"
2939,True,8,2,7,7,0,,,"kotan or_ ta sap =an ruwe ne akus_,"
2940,True,6,2,5,5,0,,,"nep ka aeyayramekotep ka isam no,"
2941,True,6,2,5,5,0,,,"kotan a= uhuyka wa isam ora,"
2942,True,12,2,11,11,0,,,"pon =an h_i wano makiri sinep tasiro a= ona i= eresu wa,"
2943,True,6,2,5,5,0,,,neun arpa =an yakka a= sitomus.
2944,True,11,2,10,10,0,,,"a= e= kay yakka ki kane p ne kuskeray an h_i,"
2945,True,5,2,4,4,0,,,konto cisekar =an hine ...
2946,True,11,2,10,10,0,,,"cisekar =an h_ine oro ta oka =an ruwe ne a p,"
2947,True,5,2,4,4,0,,,"suy tokap topattumi ne kus,"
2948,True,8,2,7,7,0,,,"nen ka arki kunak a= ramu pa wa,"
2949,True,6,2,5,5,0,,,"aynu payeoka haw ne nankor kusu,"
2950,True,7,2,6,6,0,,,"suke =an wa a= e= ipere yakun,"
2951,True,4,2,3,3,0,,,"ora sikkew or_ ta,"
2952,False,9,2,8,7,1,ja,TOKONI6 sirouri,SO YUTTARA KOOIU KADONO UENO KADONO TOKONI6 sirouri =an.
2953,True,4,2,3,3,0,,,oro a= e= omare.
2954,True,15,2,14,14,0,,,kari e= inkar easkay kuni ne a= e= kar wa a= anu kusu ne na.
2955,True,7,2,6,6,0,,,neno e= an iteki e= hawe aste.
2956,True,2,2,1,1,0,,,kamuy renkayne
2957,True,12,2,11,11,0,,,"nisatta an yakun nen ka e= pa nankor e... ek nankor kusu,"
2958,True,6,2,5,5,0,,,"ki p ne ruwe ne na."""
2959,True,7,2,6,6,0,,,"sekor a= sa hawean kor suke hine,"
2960,True,20,2,19,19,0,,,"""e= e kuni ...kunneywa e= e kuni p ka a= supa wa a= nuyna wa a= anu p ne na."""
2961,True,7,2,6,6,0,,,"sekor a= sa hawean kor suke hine,"
2962,True,13,2,12,12,0,,,"ipe =an akusu ora cise sikkew or_ ta sirouri hine so cuppa hine,"
2963,True,8,2,7,7,0,,,"kari inkar =an kuni ne ki hine ora,"
2964,True,10,2,9,9,0,,,"so ari hine kari i= nukar kuni neno an h_ine,"
2965,True,9,2,8,8,0,,,orano ineapkusun paroaskay wa hawean ya ka a= eramiskari.
2966,True,14,2,13,13,0,,,"""sorekus_ mak iki pa a= ne wa ene sinen a= ne an =an wa"
2967,True,9,2,8,8,0,,,"ene mismu =an kor an =an humi ene an."""
2968,True,4,2,3,3,0,,,"sekor hawean kor sinotcaki,"
2969,True,8,2,7,7,0,,,ineapkusun paroaskay wa hawean y_a ka a= eramiskari.
2970,True,5,2,4,4,0,,,ki kor oka =an. rapokke
2971,True,8,2,7,7,0,,,"aynu arki hine ahup pa haw as akusu,"
2972,True,8,2,7,7,0,,,"a= saha oripak h_ine an ruwe ne akusu,"
2973,True,11,2,10,10,0,,,"""mak e= iki p ne hine ene e= an h_i an?"""
2974,True,5,2,4,4,0,,,"sekor hawean ruwe ne akusu,"
2975,True,13,2,12,12,0,,,"""ne ene iki wa an pe a= ne hi ka a= erampewtek no,"
2976,True,10,2,9,9,0,,,"ene an pe a= ne ruwe ene an ne wa,"
2977,True,14,2,13,13,0,,,'nen ka ta i= pa wa nen ka ta a= nukar yak a= tura.'
2978,True,8,2,7,7,0,,,"sekor yaynu =an kor an =an wa kusu,"
2979,True,16,2,15,15,0,,,"ene kunne hene tokap hene ene sinotcaki =an kor an =an hawe ene an h_i ne."""
2980,True,3,2,2,2,0,,,sekor kane hawean.
2981,True,6,2,5,5,0,,,"""an pe ne ruwe ne ya?"""
2982,True,5,2,4,4,0,,,"a= kopisi ruwe ne akus_,"
2983,True,9,2,8,8,0,,,"""hemanta ne ene sunke =an h_i an h_aw an."""
2984,True,6,2,5,5,0,,,sekor a= saha hawean kor anak
2985,True,5,2,4,4,0,,,"""yakun i= tura yak pirka."""
2986,True,6,2,5,5,0,,,"sekor kane haweoka ruwe ne hine,"
2987,True,4,2,3,3,0,,,ora konto sikehe kar.
2988,True,6,2,5,5,0,,,"kor wa okay pe umomarpare hine,"
2989,True,10,2,9,9,0,,,"a= sipinpa p ka nuyna hine ari p ne kusu,"
2990,True,11,2,10,10,0,,,"sinen ne an pe ne ruwe ne kunak ramu pa wa,"
2991,True,8,2,7,7,0,,,"konto tura hine soyenpa wa isam pa hine,"
2992,True,5,2,4,4,0,,,ora kunneywa hopuni =an h_ine
2993,True,13,2,12,12,0,,,"ipe =an SITARI ki ruwe ne hine, ora an =an ruwe ne akusu,"
2994,True,8,2,7,7,0,,,"ikayop takup se kane an okkaypo ka utarpake,"
2995,True,6,2,5,5,0,,,pet pes sorekusu nitan wa san.
2996,True,7,2,6,6,0,,,"i= sam ta ek ruwe ne hine,"
2997,True,9,2,8,8,0,,,"""mak iki p e= ne ruwe an h_i an."
2998,True,17,2,16,16,0,,,makanak ki ukuran mokor ka a= etoranne wa hotke =an kor hinak un aynu haw a= nu.
2999,True,8,2,7,7,0,,,"hepuni =an kor somo a= nu wa kusu,"
3000,True,14,2,13,13,0,,,"ek =an ...eun a= nu uske un ek =an ruwe ene an h_i ne."""
3001,True,1,2,1,1,0,,,sekor.
3002,True,13,2,12,12,0,,,"tapne kane ne ruwe ne yak a= ye akusu ora iokunnure kor ora,"
3003,True,5,2,4,4,0,,,neun a= sa se yakka
3004,True,11,2,10,10,0,,,"nuwe koan pe cep ne yakka aep ne p ne kusu,"
3005,True,10,2,9,9,0,,,"konto su anak a= nuyna wa an pe ne kusu,"
3006,True,6,2,5,5,0,,,"a= sanke hine ani suke hine,"
3007,True,5,2,4,4,0,,,suy asinuma ka ipe =an.
3008,True,8,2,7,7,0,,,"itanki ka nuyna wa ari p ne kusu,"
3009,True,5,2,4,4,0,,,"ki hine ruwe ne hine,"
3010,True,12,2,11,11,0,,,"orano konto pet turasi a= tura hine paye =an ruwe ne ayne,"
3011,True,10,2,9,9,0,,,"oyak wa ek pet, pet or a= orap pa hine,"
3012,True,8,2,7,7,0,,,"""aoka anakne Yupet emkoho kor kur a= ne."
3013,True,12,2,11,11,0,,,a= onaha an a= unuhu an a= yupihi an h_ine oka =an.
3014,True,11,2,10,10,0,,,"a= saha a= turesutari oka hine oka =an pe ne p,"
3015,True,9,2,8,8,0,,,"kuca or_ ta arki =an h_ine oka =an akusu,"
3016,True,7,2,6,6,0,,,ene sine ancikar mokor ka a= etoranne.
3017,True,8,2,7,7,0,,,"orano ek =an ruwe ene an h_i ne."""
3018,True,9,2,8,8,0,,,"sekor kane hawean kor paye =an ruwe ne akusu,"
3019,True,11,2,10,10,0,,,kuca or_ ta okkaypo ka utarpake sonno ka iyupne kur an.
3020,True,6,2,5,5,0,,,"orano, ""hinak wa a= aki ..."
3021,True,6,2,5,5,0,,,"hinak un arpa wa isam w_a,"
3022,True,13,2,12,12,0,,,"eun arpa =an h_i ka a= erampewtek wa a= tere wa an =an."""
3023,True,1,2,1,1,0,,,sekor.
3024,True,6,2,5,5,0,,,"""tapne kane ne ruwe ne."" sekor"
3025,True,9,2,8,8,0,,,"earkinne i= omap kor_, nea kiyanne okkaypo ki kor,"
3026,True,9,2,8,8,0,,,"konto suy nea uske ta suke pa hine ora,"
3027,True,4,2,3,3,0,,,"""tap neno ne hine,"
3028,True,8,2,7,7,0,,,"ora a= ona oyakke ta oka =an wa,"
3029,True,9,2,8,8,0,,,"tan te hekaci kim ta a= kor ka eaykap."""
3030,True,3,2,2,2,0,,,"sekor hawoka kor,"
3031,True,5,2,4,4,0,,,"ora kuca sapte pa hine,"
3032,True,8,2,7,7,0,,,"kotan or_ ta sap =an ruwe ne orano,"
3033,True,10,2,9,9,0,,,earkinne ne cise kor utar ne yakka i= omap pa.
3034,True,3,2,2,2,0,,,i= eyaykopuntek pa.
3035,True,5,2,4,4,0,,,"""kamuykocikasnukar =an ruwe ene an."""
3036,True,11,2,10,10,0,,,sekor hawoka kor ki pa ruwe ne hine orano oka =an.
3037,True,1,2,1,1,0,,,ineapkusta
3038,True,9,2,8,8,0,,,i= omap wa iki pa ya ka a= eramiskari.
3039,True,10,2,9,9,0,,,tane nep ka tekepak un a= eutak ... a= eutekkar
3040,True,14,2,13,13,0,,,"pakno an pe a= ne hikeka nep ka i= karpare ka somo ki hikeka,"
3041,True,14,2,13,13,0,,,"""a= sa pon a= sa poro a= sa poro a= yupi pon a= yupi."""
3042,True,8,2,7,7,0,,,"sekor hawean =an kor an =an pe kus_,"
3043,True,6,2,5,5,0,,,a= sautari nep ka kar pa
3044,True,9,2,8,8,0,,,"nina hene wakkata hene ki pa kus ne kor,"
3045,True,6,2,5,5,0,,,"a= tura pa wa wakkata =an,"
3046,True,13,2,12,12,0,,,"nisike =an nina =an ne ya ki kor oka =an ruwe ne ayne,"
3047,True,4,2,3,3,0,,,"poro =an h_i orano,"
3048,True,10,2,9,9,0,,,"ekimne =an kor ...a= yuputari a= tura ekimne =an kor,"
3049,True,9,2,8,8,0,,,yuk ne ciki kamuy ne ciki nuwe a= koan.
3050,True,10,2,9,9,0,,,a= yuputari nep ne wa sirki ya ka a= eramiskari.
3051,True,4,2,3,3,0,,,"a= kor ison ...,"
3052,True,4,2,3,3,0,,,"konto ""a= onaha."" sekor"
3053,True,4,2,3,3,0,,,"""a= unu a= ona."""
3054,True,5,2,4,4,0,,,sekor hawean =an kor an.
3055,True,13,2,12,12,0,,,ene a= i= haweante p ne kusu ki kor an =an ruwe ne.
3056,True,12,2,11,11,0,,,iwak =an kor orano a= onaha sorekusu apa or un i= henkotpa.
3057,True,4,2,3,3,0,,,"sorekusu, ""a= kor son,"
3058,True,5,2,4,4,0,,,"kamuykocikasnukar =an ruwe ene an."""
3059,True,4,2,3,3,0,,,"sekor hawean kor ki,"
3060,True,6,2,5,5,0,,,"ki kor oka =an ayne tane,"
3061,True,14,2,13,13,0,,,sorekusu a= yuputari akkari ka asinuma na po hene ison =an pe ne kus_
3062,True,2,2,1,1,0,,,a= ona
3063,True,11,2,10,10,0,,,"""pa… tane pakno pon a= po an ruwe ne yakun yayeymontaspa"
3064,True,4,2,3,3,0,,,Iskar ...Iskar hontomo ...
3065,True,9,2,8,8,0,,,Iskar emko un utar Iskar hontomo un topattumi pa.
3066,True,7,2,6,6,0,,,"kotan arustekka yak a= ye wa kusu,"
3067,True,5,2,4,4,0,,,"sittuyma yakka sinnurappa =an yakun,"
3068,True,7,2,6,6,0,,,anaysir utar uyna pa kuni a= ramu.
3069,True,10,2,9,9,0,,,sinnurappa =an SITARI ki wa an =an pe ne yakun
3070,True,10,2,9,9,0,,,a= poutarihi paye wa inkar pa yak pirka sekor ...
3071,True,5,2,4,4,0,,,"somo topattumi inne an yakka,"
3072,True,9,2,8,8,0,,,"sorekusu wen puri kor oka pa p ne kusu,"
3073,True,8,2,7,7,0,,,"a= poutari ren eci= paye yakka pirka kus,"
3074,True,7,2,6,6,0,,,"ren eci= ne eci= paye yak pirka."""
3075,True,6,2,5,5,0,,,"sekor kane a= ona hawean h_ine,"
3076,True,9,2,8,8,0,,,"ene iki pa a= yuputari ene iki pa kuni,"
3077,True,10,2,9,9,0,,,"sorekusu a= ona epakasnu pa rok ayne paye =an hine,"
3078,True,5,2,4,4,0,,,Iskar emko ta paye =an.
3079,True,3,2,2,2,0,,,"kari payeoka =an,"
3080,True,16,2,15,15,0,,,kasi ehanke uske ka sorekus_ a= onaha a= yuputari epakasnu pa p ne kusu paye =an.
3081,True,7,2,6,6,0,,,"Iskar emko emko ta paye =an h_ine,"
3082,True,6,2,5,5,0,,,kotan kim ta tunasno sirepa =an.
3083,True,10,2,9,9,0,,,"orano sorekusu a= yuputarihi inonnoytak pa kor oka rok ayne,"
3084,True,9,2,8,8,0,,,kotan kes un hopuni kemtak kotan noski un turse.
3085,True,10,2,9,9,0,,,"kotan pa wa hopuni kemtak kotan noski un turse yakun,"
3086,True,4,2,3,3,0,,,"""tane pirka ruwe ne."""
3087,True,4,2,3,3,0,,,"sekor kane hawoka hine,"
3088,True,5,2,4,4,0,,,"ora sirkunne tere =an h_ine,"
3089,True,6,2,5,5,0,,,"onuman kotankosap =an ruwe ne akusu,"
3090,True,8,2,7,7,0,,,"kotan ka ... kattuymano sine cise an h_ine,"
3091,True,8,2,7,7,0,,,"eun patek ape nipek an hine siran h_ine,"
3092,True,6,2,5,5,0,,,"ipuyaroposore =an pa ruwe ne akus_,"
3093,True,9,2,8,8,0,,,"a= saha osisoun cis kor an ruwe ne kusu,"
3094,True,14,2,13,13,0,,,"ne oro okkaypo sinep ape etok ta hotke wa mokor wa an ruwe ne,"
3095,True,7,2,6,6,0,,,yakun ... hi kusu ora ahun =an.
3096,True,2,2,1,1,0,,,"""a= saha."""
3097,True,6,2,5,5,0,,,sekor hawean =an kor ahun =an.
3098,True,7,2,6,6,0,,,"a= saha a= kotetterke ruwe ne wa,"
3099,True,2,2,1,1,0,,,"""a= aki."""
3100,True,10,2,9,9,0,,,"sekor a= sa hawean kor paraparak kor i= kotetterke yakka,"
3101,True,15,2,14,14,0,,,ne hotke wa an okkaypo mos ka somo ki no mokor wa an ruwe ne.
3102,True,1,2,1,1,0,,,"rapokkehe,"
3103,True,15,2,14,14,0,,,"""tapne kane ne wa i= siknure utar sorekusu i= tura wa arki =an ruwe ne."""
3104,True,7,2,6,6,0,,,"sekor kane hawean =an ruwe ne akusu,"
3105,True,2,2,1,1,0,,,"a= sa,"
3106,True,4,2,3,3,0,,,"""earkinne makanak ne hine,"
3107,True,6,2,5,5,0,,,earkinne kotan kor utar sa ...
3108,True,7,2,6,6,0,,,tan ukuran ne hotke tunas pa hine
3109,True,6,2,5,5,0,,,ora i= siknure okkaypo ene ...
3110,True,7,2,6,6,0,,,ka ene mokor wa an ruwe ne.
3111,True,19,2,18,18,0,,,"sorekusu a= aki a= eyaykosiramsuye wa cis patek a= ki kor an =an pe ne ruwe ne a p,"
3112,True,3,2,2,2,0,,,"ki ruwe ne."""
3113,True,5,2,4,4,0,,,"sekor kane hawean h_i ora,"
3114,True,5,2,4,4,0,,,"mososo nea okkaypo ki akusu,"
3115,True,4,2,3,3,0,,,"siknuyanuya kor hopuni hine,"
3116,True,6,2,5,5,0,,,"a= yuputari okay pe ne kusu,"
3117,True,3,2,2,2,0,,,"sorekusu eramkoeskari kor,"
3118,True,13,2,12,12,0,,,"""tap ne kane ne wa sorekusu apkas =an ruwe ene an h_i ne."""
3119,True,4,2,3,3,0,,,sekor kane sorekus ...
3120,True,6,2,5,5,0,,,akusu nea okkaypo ene hawean h_i.
3121,True,10,2,9,9,0,,,"""wenkur a= ne wa mat poka sak pe a= ne."
3122,True,8,2,7,7,0,,,"sinen ne an pe a= ne a p,"
3123,True,9,2,8,8,0,,,"ene topattumi pa wa okay pe ne a p,"
3124,True,3,2,2,2,0,,,konto ohasirkotannonkar =an.
3125,True,6,2,5,5,0,,,"tokap topattumi ne p ne kusu,"
3126,True,6,2,5,5,0,,,`ika nen ka siknu wa an.'
3127,True,8,2,7,7,0,,,"sekor hawoka kor i= siren pa hi kusu,"
3128,True,7,2,6,6,0,,,"a= tura pa ruwe ne a p,"
3129,True,9,2,8,8,0,,,ene menokopo sinen ne cis kor sinotcaki kor an.
3130,True,4,2,3,3,0,,,"an ruwe ne wa,"
3131,True,12,2,11,11,0,,,"apa ka sak utar ka sak pe ne yak ye p kusu,"
3132,True,7,2,6,6,0,,,"eysokor pa hine a= siknure wa oraun,"
3133,True,6,2,5,5,0,,,nen ka isam pe ne kusu
3134,True,17,2,16,16,0,,,"konto i= siren pa p i= pumakore pa p ka sak pa yak ye pa hi kusu,"
3135,True,8,2,7,7,0,,,"'nep ka a= pumakor somo ki yakka menokopo,"
3136,True,11,2,10,10,0,,,mat ka a= sak kusu menokopo a= i= kore yak pirka.'
3137,True,4,2,3,3,0,,,"sekor hawean =an akusu,"
3138,True,2,2,1,1,0,,,'yakka pirka.'
3139,True,5,2,4,4,0,,,"sekor haweoka ruwe ne hine,"
3140,True,7,2,6,6,0,,,"orano turano an =an ruwe ne korka,"
3141,True,5,2,4,4,0,,,"nen ka a= ye hene,"
3142,True,10,2,9,9,0,,,turano mat ne a= kor h_ene ki ka somo ki.
3143,False,14,2,13,12,1,hi,hempara mak,"hempara mak sirki p ne ya a= erampewtek kusu ki ruwe ne a p,"
3144,True,12,2,11,11,0,,,ene hemanta a= komokor_ rusuy h_ine mokor =an hum ne ene an.
3145,True,4,2,3,3,0,,,"sekor yaynu =an akusu,"
3146,True,6,2,5,5,0,,,"sorekusu kamuy iruska an wa kusu,"
3147,True,6,2,5,5,0,,,"asinuma ka mokor =an ne korka,"
3148,True,12,2,11,11,0,,,"nep wen puri asinuma anak a= kor_ ruwe ka somo ne korka,"
3149,True,14,2,13,13,0,,,"sorekusu a= utari kotan sorekusu opitta sorekusu mokor wa oka ruwe ne a p."""
3150,True,4,2,3,3,0,,,"sekor kane hawean kor,"
3151,True,6,2,5,5,0,,,"nea okkaypo hopuni ruwe ne hine,"
3152,True,11,2,10,10,0,,,ora konto a= saha suke hine ipe =an pa ruwe ne.
3153,True,14,2,13,13,0,,,"akusu ora konto nea okkaypo a= yuputarihi turano ene iki pa hi ne kusu,"
3154,True,7,2,6,6,0,,,sinep poka asinuma ka a= rayke rusuy.
3155,True,9,2,8,8,0,,,"a= saha anak a= tura ka somo ki no,"
3156,True,6,2,5,5,0,,,"sorekusu seta kikirihi a= kokerkerpa pa,"
3157,True,10,2,9,9,0,,,"opitta a= ronnu pa wa hekattar_ ne yakka ki p,"
3158,True,10,2,9,9,0,,,"ene iki pa h_i ne kusu ki ruwe ne hine,"
3159,True,4,2,3,3,0,,,"orano arki =an h_ine,"
3160,True,12,2,11,11,0,,,"ora suy suke pa hine ipe =an h_ine rewsi oka =an h_ine,"
3161,True,7,2,6,6,0,,,"oraun isimne payeoka pa ruwe ne akusu,"
3162,True,9,2,8,8,0,,,"sorekusu nea a= saha anakne eraman pe ne kusu,"
3163,True,6,2,5,5,0,,,"""tap a= onaha kor pa p."
3164,True,6,2,5,5,0,,,"kotan kor utar kor pa p."""
3165,True,7,2,6,6,0,,,sekor kane hawean kor soy a= o.
3166,True,15,2,14,14,0,,,"sorekusu opitta a= onautari kor_ rokoka aan pe soy o pa ruwe ne hine ora,"
3167,True,16,2,15,15,0,,,"nea a= sa oro ta an cise oro ta a= rura, a= rura ruwe ne hine,"
3168,True,6,2,5,5,0,,,"orano konto kotan nuyeotke pa hine,"
3169,True,20,2,19,19,0,,,"sorekusu ronnu pa aynu utar ka opitta a= wenpakasnu pa yak ye pa kor ki pa ruwe ne hine ora,"
3170,True,14,2,13,13,0,,,nea okkaypo turano konto inen a= ne hine sike =an pa hine hosippa =an.
3171,True,14,2,13,13,0,,,"a= onaha kor wa okay pa p a= hoppa p ne kusu ki hine,"
3172,True,4,2,3,3,0,,,"orano arki =an h_ine,"
3173,True,11,2,10,10,0,,,"nea Yupet emko kor a= ona oro ta arki =an orano,"
3174,True,9,2,8,8,0,,,a= onaha sorekusu i= kopuntek a i= kopuntek a.
3175,True,2,2,1,1,0,,,"nea okkaypo,"
3176,True,14,2,13,13,0,,,"a= tura ... Iskar emko wa ki okkaypo ne yakka kewehomsu pa kor ora,"
3177,True,8,2,7,7,0,,,"ora easir a= saha nea okkaypo ewtanne hine,"
3178,True,8,2,7,7,0,,,"sinna sinna cise a= yuputari kar pa hine,"
3179,True,13,2,12,12,0,,,"konto nea Iskar emko ta a= ari coypep utar a= yuputari rura wa,"
3180,True,7,2,6,6,0,,,"a= saha turano oro ta ante hine,"
3181,True,8,2,7,7,0,,,ora a= yuputari ne yakka ora easir yayramekotpa.
3182,True,6,2,5,5,0,,,"a= sautari ne yakka yayramekotpa hine,"
3183,True,6,2,5,5,0,,,konto a= ona ene hawean h_i.
3184,True,9,2,8,8,0,,,"""pon a= matnepoho pon a= poho eutanne wa yakne,"
3185,True,8,2,7,7,0,,,"sisoyun ... siarso un a= nukar kusu ne."""
3186,True,6,2,5,5,0,,,"sekor ne a= ona hawean h_ine,"
3187,True,9,2,8,8,0,,,"ora asinuma anakne pon a= saha a= ewtanne hine,"
3188,True,5,2,4,4,0,,,a= ona arsoke un rok.
3189,True,6,2,5,5,0,,,"a= yuputari sinna sinna oka hine,"
3190,True,7,2,6,6,0,,,"ora sinna okay pa p ne kus_,"
3191,True,10,2,9,9,0,,,a= ona kor wa okay pe upakno uneno a= ukousaraye.
3192,True,11,2,10,10,0,,,ora Iskar wa a= rura p ne yakka a= saha ...
3193,True,8,2,7,7,0,,,"sorekusu a= saha a= kemnu p ne kusu,"
3194,True,13,2,12,12,0,,,"oro ... a= saha uni ta a= ari wa sorekusu ki ruwe ne,"
3195,True,14,2,13,13,0,,,"orano ineapkusun a= saha i= nukar orano cis kor sorekusu eyaykopuntek pe ne kus_,"
3196,True,5,2,4,4,0,,,sorekus a= saha a= pirkanunuke.
3197,True,8,2,7,7,0,,,ne Iskar emko a= tura okkaypo ne yakka
3198,True,15,2,14,14,0,,,"ineapkusun i= eoripak pa, a= yuputari ki pa wa iki pa ya ka a= eramiskari."
3199,True,5,2,4,4,0,,,sirkunne kor orano uekarpa pa.
3200,True,6,2,5,5,0,,,iramante oruspe sorekusu a= ewkoytak pa.
3201,True,2,2,1,1,0,,,"uenewsar pa,"
3202,True,9,2,8,8,0,,,sorekus_ a= saha orano easir sorekusu mina tura isoytak.
3203,True,13,2,12,12,0,,,"sorekusu nep kar yakka easkay pe ne kus_, ki kor orano oka =an."
3204,True,13,2,12,12,0,,,"nep a= e rusuy nep a= kor_ rusuy somo ki no ki korka,"
3205,True,7,2,6,6,0,,,"a= saha a= kemnu p ne kus_,"
3206,True,5,2,4,4,0,,,etakasure a= sa a= pirkakor.
3207,True,9,2,8,8,0,,,"oraun nea i= siknure a= yupihi utar_ ne yakka,"
3208,True,4,2,3,3,0,,,sorekusu oripak pa h_ikeka
3209,True,4,2,3,3,0,,,ionuytasa i= eoripak pa.
3210,True,6,2,5,5,0,,,a= onautari sorekusu i= tukari emawrarpa.
3211,True,9,2,8,8,0,,,a= yuputari a= sautari kotan kor utar ki pa.
3212,True,12,2,11,11,0,,,a= ona cise apa or un i= nukar kor sorekusu i= henkotpa.
3213,True,9,2,8,8,0,,,po a= kor yak a= poutari akkari i= henkotpa
3214,True,8,2,7,7,0,,,siarso un i= nukar pa yakka i= henkotpa.
3215,True,18,2,17,17,0,,,"oraun a= poutari sorekusu ineapkusun a= onautari omap wa iki pa ya ka a= eramiskari p ne kus,"
3216,True,14,2,13,13,0,,,nep a= e rusuy nep a= kor_ rusuy ka somo ki no oka =an.
3217,True,6,2,5,5,0,,,a= saha ka ora easir pokor.
3218,True,9,2,8,8,0,,,"a= yuputari ka matkor moyre pa p ne kusu,"
3219,True,3,2,2,2,0,,,pokor pa ...
3220,True,6,2,5,5,0,,,"uerpak uerpak pokor =an pa wa,"
3221,True,16,2,15,15,0,,,"sorekusu kotan eun pakno pokor =an pa ruwe ne a= saha ka ki ruwe ne korka,"
3222,True,12,2,11,11,0,,,"eytasa a= sa WA poutari ka rupne pa ka somo ki no,"
3223,True,5,2,4,4,0,,,"a= saha ihoppa okake ta,"
3224,True,8,2,7,7,0,,,sorekusu a= saha a= pirkakor kor ki. ora
3225,True,7,2,6,6,0,,,"nea NEESAN MO MUSUKONO MUKAENI ORITE KITE,"
3226,True,9,2,8,8,0,,,ki ruwe ne hine orano oka =an ruwe ne.
3227,True,13,2,12,12,0,,,"sorekusu pak ison kur isam kur a= ne wa ki ruwe ne wa,"
3228,True,5,2,4,4,0,,,"a= onaha sorekus_ a= pirkakuronnere,"
3229,True,12,2,11,11,0,,,"sorekusu Iskar emko un ...sorekusu Iskar hontomo un sorekusu sinnurappa =an pa,"
3230,True,11,2,10,10,0,,,"kamuynomi =an pa wa ora easir ki pa p ne kusu,"
3231,True,9,2,8,8,0,,,"kusu Iskar emko anakne konto ne wenkur utar anakne,"
3232,True,4,2,3,3,0,,,sorekusu a= wenpakasnu pa.
3233,True,14,2,13,13,0,,,"a= onaha ene haweoka a= yuputari ki kuni epakasnu a= ki p ne kusu,"
3234,True,4,2,3,3,0,,,"ki kor ki ayne,"
3235,True,10,2,9,9,0,,,"tane a= yuputari ka paha rupne pa p ne kusu,"
3236,True,5,2,4,4,0,,,a= karkuutari ka rupne pa.
3237,True,3,2,2,2,0,,,"matkor h_ike matkor,"
3238,True,5,2,4,4,0,,,somo yayramekotpa hike yayramekotpa ora.
3239,True,4,2,3,3,0,,,a= yuputari ka ihoppa.
3240,True,5,2,4,4,0,,,"a= saha ka ihoppa korka,"
3241,True,13,2,12,12,0,,,"asinuma anakne a= paha ka pon pe ne kus_ ohonno siknu =an wa,"
3242,True,11,2,10,10,0,,,sorekusu a= karkuutari a= matkarkuutari ene iki pa h_i a= nukar.
3243,True,3,2,2,2,0,,,a= poutarihi yayramekotpa.
3244,True,14,2,13,13,0,,,"a= e ka mippo kar pe ka a= e pakno asinuma anak siknu =an,"
3245,True,6,2,5,5,0,,,a= onautari ka a= pirkakur ...
3246,True,10,2,9,9,0,,,"a= pirkaonnere pa okake ta ki kor an =an ayne,"
3247,True,11,2,10,10,0,,,"tane asinuma ka onne =an siri ene an h_i ne kus,"
3248,True,4,2,3,3,0,,,tapne kane ne wa
3249,True,9,2,8,8,0,,,"sorekus_ a= saha sinotca ka ki kor an rapokkehe,"
3250,True,13,2,12,12,0,,,"nen kane nen ka i= pa yak sekor an kuskeraypo a= siknure wa,"
3251,True,9,2,8,8,0,,,"onne pakno turano an =an wa pe ne akusu,"
3252,True,8,2,7,7,0,,,"""wen puri kor_ topattumi anak a= ki yakka,"
3253,True,11,2,10,10,0,,,"moyre yakka suy imakake a= sitoma p ne ruwe ne kus_,"
3254,True,7,2,6,6,0,,,ikiankunak a= poutari wen puri kor pa.
3255,True,4,2,3,3,0,,,"topattumi kor pa na."""
3256,True,16,2,15,15,0,,,"sekor kane a= karkuutari a= poutari a= kaspaotte kor onne kur a= ne p ne kusu,"
3257,True,7,2,6,6,0,,,a= eysoytak sekor sino nispa hawean sekor.
3258,True,7,2,6,6,0,,,Ikuresuye nispa a= ne hine an =an.
3259,True,6,2,5,5,0,,,pakno nispa isam nispa a= ne.
3260,True,12,2,11,11,0,,,"sine to mosir okari apkas nispa a= ne hine an =an akusu,"
3261,True,6,2,5,5,0,,,"a= kotanu ta sake an h_ine,"
3262,True,8,2,7,7,0,,,"a= macihi turano i= aske a= uk h_ine,"
3263,True,5,2,4,4,0,,,iku usi ta paye =an.
3264,True,13,2,12,12,0,,,"sakeiyus =an pe ne kus_ a= maci a= ikure SITARI ki a p,"
3265,True,6,2,5,5,0,,,"soyne ya ka a= eramiskari hine,"
3266,True,2,2,1,1,0,,,sakeiyus =an.
3267,True,7,2,6,6,0,,,"iku oka an, horippa =an, sinot =an."
3268,True,12,2,11,11,0,,,"na neun neun ki p ne kusu sinot =an SITARI ki a,"
3269,True,3,2,2,2,0,,,ora inka ...
3270,True,5,2,4,4,0,,,"a= maci isam wa kusu,"
3271,True,7,2,6,6,0,,,"ora soyne =an h_ine ek =an akusu,"
3272,True,9,2,8,8,0,,,"a= uni un ape nipek maknatara hine siran h_ine,"
3273,True,6,2,5,5,0,,,"ek =an h_ine ahun =an akus_,"
3274,True,7,2,6,6,0,,,"a= macihi cis kor an h_i kusu,"
3275,True,11,2,10,10,0,,,"""hinta kusu ene cis kor an siri ene an h_i an."""
3276,True,4,2,3,3,0,,,"sekor hawean =an akusu,"
3277,True,6,2,5,5,0,,,"""sorekusu tamasay rekut eoko ... eokte."
3278,True,5,2,4,4,0,,,"sitoki ne ya ki pa,"
3279,True,8,2,7,7,0,,,"katkemat utar ki ora 'ene an nispa macihi,"
3280,True,17,2,16,16,0,,,"ene tamasay ka sak ruwe an h_i an.' sekor i= osmake un hawas hawe a= nu wa,"
3281,True,4,2,3,3,0,,,"a= eyaysitoma wa kusu,"
3282,True,10,2,9,9,0,,,"tunasno ek =an wa cis =an kor an =an sinne."""
3283,True,4,2,3,3,0,,,sekor a= macihi hawean.
3284,True,3,2,2,2,0,,,"earkinne ""ohayne kane,"
3285,True,7,2,6,6,0,,,hemanta kusu ene a= maci a= ekoramputuye
3286,True,3,2,2,2,0,,,"macikor_ ne hine,"
3287,True,5,2,4,4,0,,,"ora ene ne hi an."""
3288,True,4,2,3,3,0,,,sekor yaynu =an kor
3289,True,10,2,9,9,0,,,"orano ene a= ye h_i ka isam pe ne kusu,"
3290,True,5,2,4,4,0,,,"mosmano an =an hine ora,"
3291,True,10,2,9,9,0,,,"Hoynasir_ ta amkir_ nispa utar okay pe ne hi kusu,"
3292,True,3,2,2,2,0,,,eun arpa =an.
3293,True,6,2,5,5,0,,,"sineweearpa =an hine arpa =an h_ine,"
3294,True,7,2,6,6,0,,,"tomari or_ ta cip a= yanke hine,"
3295,True,6,2,5,5,0,,,"kotan or_ ta arpa =an akusu,"
3296,True,8,2,7,7,0,,,"kotan noski kiyanne kur kotan kor kur_ ne,"
3297,True,10,2,9,9,0,,,"poniwne kur kotan pa ta an pe ne a p,"
3298,True,5,2,4,4,0,,,"eun patek supuya at hine,"
3299,True,5,2,4,4,0,,,ora kotan epitta oha sinne.
3300,True,7,2,6,6,0,,,"ora nep pone ne ruwe ne ya,"
3301,True,7,2,6,6,0,,,sorekusu mintar kurka a= ecarikar h_ine siran.
3302,True,6,2,5,5,0,,,"a= oyamokte kor kotanopes =an h_ine,"
3303,True,5,2,4,4,0,,,kotan noski eun ata ...
3304,True,2,2,1,1,0,,,"simusiska =an,"
3305,True,6,2,5,5,0,,,"arpa =an ranke p ne korka,"
3306,True,9,2,8,8,0,,,"arpa =an uturu tuyma h_i kusu simusiska =an akusu,"
3307,True,13,2,12,12,0,,,"kotan kor nispa macihi nep ka esirkirap a ruwe ne noyne an h_ine,"
3308,True,1,2,1,1,0,,,soyne.
3309,True,4,2,3,3,0,,,"i= nukar hine ora,"
3310,True,4,2,3,3,0,,,"""Yupet putu kor kotan,"
3311,True,3,2,2,2,0,,,"Ikuresuye nispa ek."""
3312,True,5,2,4,4,0,,,"sekor hawean haw as akusu,"
3313,True,10,2,9,9,0,,,"""ahun rusuy kusu a= kor_ nispa ek hawe ne p,"
3314,True,10,2,9,9,0,,,"pirka hi ne a= kor_ nispa ek hawe ne h_ike,"
3315,False,4,2,3,2,1,haw,"hike mak?""","a= ahunke hike mak?"""
3316,True,5,2,4,4,0,,,"sekor hawean h_ine, hawas h_ine"
3317,True,4,2,3,3,0,,,i= ahunte kusu ye.
3318,True,9,2,8,8,0,,,"sinu kane reye kane ahun =an ruwe ne akusu,"
3319,True,14,2,13,13,0,,,nea nispa ka nep ka ruska a ruwe ne noyne an h_ine a =an.
3320,True,2,2,1,1,0,,,i= erankarap.
3321,True,4,2,3,3,0,,,"ramno kane i= erankarap,"
3322,True,10,2,9,9,0,,,"""a= kor_ nispa ohonno a= nukar ka eramiskari a p,"
3323,True,7,2,6,6,0,,,"pirka hi ne ek siri ene an."""
3324,True,2,2,1,1,0,,,sekor hawean.
3325,True,5,2,4,4,0,,,"""makanak ne hine ne hawean?"""
3326,True,6,2,5,5,0,,,"sekor yaynu =an ruwe ne akus_,"
3327,True,7,2,6,6,0,,,"""ne kusu nep ka a= erampewtek no,"
3328,True,7,2,6,6,0,,,"a= akihi a= utari utar ukoykire wa,"
3329,True,3,2,2,2,0,,,"sorekusu ki ayne,"
3330,True,15,2,14,14,0,,,"a= utari utar opitta hekattar_ ne ya ray wa isam pa ruwe ne hine ora,"
3331,True,3,2,2,2,0,,,"nisatta an h_ine,"
3332,True,12,2,11,11,0,,,a= akihi tura ukoyki =an wa uekot =an oasi wa oka =an.
3333,True,8,2,7,7,0,,,"sorekusu a= aki i= ye p ne kusu,"
3334,True,13,2,12,12,0,,,"tasa... a= tasa ka eaykap wa uekot =an oasi oka =an a p,"
3335,True,3,2,2,2,0,,,"a= eoripak yakka,"
3336,True,12,2,11,11,0,,,"a= macihi a= kor_ nispa nisatta an ciki tura wa arpa wa,"
3337,True,4,2,3,3,0,,,"nen ka kore hene,"
3338,True,7,2,6,6,0,,,"yaykata hene ponmat ne hene kor wa,"
3339,True,11,2,10,10,0,,,"pokor yakne po ka a= santeke ne situri kusu ne kus_,"
3340,True,10,2,9,9,0,,,a= kor_ nispa neno iki wa i= kore ruwe an?
3341,True,10,2,9,9,0,,,"a= kor_ nispa a= ekanunara kor an =an a p."""
3342,True,1,2,1,1,0,,,sekor.
3343,True,3,2,2,2,0,,,"earkinne a= kemnu,"
3344,True,6,2,5,5,0,,,"""makanak ne hine ene hi an?"""
3345,True,4,2,3,3,0,,,"sekor yaynu =an kor,"
3346,True,7,2,6,6,0,,,"ora konto a= sikehe a= sanke hine,"
3347,True,6,2,5,5,0,,,nea katkemat suke hine ipe =an.
3348,True,7,2,6,6,0,,,"orano nen nen nea nispa i= koysoytak,"
3349,True,3,2,2,2,0,,,"uenewsar =an ayne,"
3350,True,4,2,3,3,0,,,"ora hotke =an korka,"
3351,True,9,2,8,8,0,,,"kuneywa tunasno nea katkemat hopuni hine suke h_i kusu,"
3352,True,3,2,2,2,0,,,"ipe =an hine,"
3353,True,16,2,15,15,0,,,"ora konto kotan pa un kur oro ta sorekusu a= tasiro a= etamtarara horipi =an kor,"
3354,True,7,2,6,6,0,,,"""mak ne kusu ne haw ne yakka,"
3355,True,15,2,14,14,0,,,somo an kuni p ne kus_ a= kor nispa yaytomoytak wa i= kore yak pirka.
3356,True,9,2,8,8,0,,,"hemanta ne kusu ene utari ukoykire haw ne yakka,"
3357,True,11,2,10,10,0,,,"nep ka moto an wa ne hawe ne nankor kusu ki."""
3358,True,7,2,6,6,0,,,sekor hawean =an akus ene h_awean h_i.
3359,True,4,2,3,3,0,,,"iaknekur ene hawean h_i,"
3360,True,8,2,7,7,0,,,"""ekimne =an akusu iwor or_ ta sorekusu suwop,"
3361,True,5,2,4,4,0,,,"toy koraci an suwop oro,"
3362,True,3,2,2,2,0,,,"sorekusu manayta oma,"
3363,True,2,2,1,1,0,,,"op oma,"
3364,False,9,2,8,7,1,ja,imanit oma,"sorekusu imanit oma hine an suwop a= pa wa,"
3365,True,8,2,7,7,0,,,"sorekusu kamuykocikasnukar h_umi ne kunak a= ramu kor,"
3366,True,7,2,6,6,0,,,"kor wa eapa ... iwak =an h_ine,"
3367,True,7,2,6,6,0,,,"a= kosinninu wa an =an a p,"
3368,True,4,2,3,3,0,,,"oyaciki tumuncikamuy i= ekasnukar,"
3369,True,5,2,4,4,0,,,"tumuncikamuy ehayokpeki hine an wa,"
3370,True,3,2,2,2,0,,,"sorekus_ aynu sake,"
3371,True,11,2,10,10,0,,,"aynu kem e rusuy ku rusuy pe ne p ne kus,"
3372,True,4,2,3,3,0,,,"ene i= yaynure hine,"
3373,True,6,2,5,5,0,,,"ene a= utari a= ukoykire wa,"
3374,True,3,2,2,2,0,,,sorekus_ oar isam.
3375,True,8,2,7,7,0,,,"ora a= utari utar ki ruwe ne wa,"
3376,True,14,2,13,13,0,,,"oraun sinen a= ne a wa, a= yupi tura siknu =an ka eyaykatuwen wa,"
3377,True,12,2,11,11,0,,,neun ne yakka a= yupi turano ukoyki =an oasi ruwe ne kusu
3378,True,7,2,6,6,0,,,"a= kor_ nispa neun e= hawean yakka,"
3379,True,10,2,9,9,0,,,"siknu =an ka somo ki p ne ruwe ne kus,"
3380,True,9,2,8,8,0,,,"a= maci e= tura wa neun poka ne wa,"
3381,True,7,2,6,6,0,,,"ney ta nen ka e= kore wa,"
3382,True,5,2,4,4,0,,,"aynu ewtanne wa ne yakne,"
3383,True,7,2,6,6,0,,,pokor yakne a= santekehe situri kus ne.
3384,True,6,2,5,5,0,,,"sekor e= hawan kor ki yakne,"
3385,True,6,2,5,5,0,,,po ka a= santeke ne an.
3386,True,6,2,5,5,0,,,"oraun a= kor wa okay pe,"
3387,True,14,2,13,13,0,,,"nep ka oripak pe ne kusu ... ne ka somo ki ruwe ne kusu,"
3388,True,5,2,4,4,0,,,"tan pa somo ne yakka,"
3389,True,7,2,6,6,0,,,"oya pa e= aynutura wa ek wa,"
3390,True,6,2,5,5,0,,,"sorekusu nispa an usi ne kusu,"
3391,True,11,2,10,10,0,,,"a= kor wa okay pe opitta a= kotanu o p opitta,"
3392,True,5,2,4,4,0,,,"soy eci= o soho ...,"
3393,True,9,2,8,8,0,,,"ora eci= icarpa kotan epitta ki wa ne yakne,"
3394,True,7,2,6,6,0,,,"a= utariutar ka haru ka sak no,"
3395,True,10,2,9,9,0,,,"sinrit mintar opaye somo ki no oka ruwe ne kusu,"
3396,True,7,2,6,6,0,,,neno eci= iki wa eci= i= kore.
3397,True,14,2,13,13,0,,,"oraun a= uni o p anak nen ka a= maci nen ka ewtanne ciki,"
3398,True,5,2,4,4,0,,,"a= macihi e= kore wa,"
3399,True,5,2,4,4,0,,,"sorekusu po ka ki yakne,"
3400,True,15,2,14,14,0,,,"a= macihi nen ka ewtanne kur sorekusu koyayeoripak somo ki no an kus ne kus,"
3401,True,9,2,8,8,0,,,"neno e= iki wa i= kore p ne na."""
3402,True,8,2,7,7,0,,,sekor kane nea kotan pa un kur hawean.
3403,True,10,2,9,9,0,,,"ora ene a= ye hi ka isam pe ne kus_,"
3404,True,3,2,2,2,0,,,"hosipi =an h_ine,"
3405,True,7,2,6,6,0,,,"nea kotan noski ta ek =an akusu,"
3406,True,4,2,3,3,0,,,nea katkemat cis kor
3407,True,6,2,5,5,0,,,"poro ketusi tomo tarusi hine ora,"
3408,True,8,2,7,7,0,,,"kotan kor_ nispa ne yakka ene hawean h_i,"
3409,True,14,2,13,13,0,,,"""a= maci anak tan pa somo eci= arki yakka oya pa eci= arki wa,"
3410,True,10,2,9,9,0,,,a= uni o p e= kusa wa e= arpa wa
3411,True,17,2,16,16,0,,,a= macihi e= kore wa sinna oro ta e= anu yak pirka pe ne ruwe ne na.
3412,True,12,2,11,11,0,,,"oraun eci= arki ciki aynu poronno e= tura wa e= ek wa,"
3413,True,4,2,3,3,0,,,"sorekusu eci= icarpa wa,"
3414,True,8,2,7,7,0,,,"sorekus_ nispa an usi ne p ne kusu,"
3415,True,4,2,3,3,0,,,"use utar sorekus ki,"
3416,True,20,2,19,19,0,,,"ora ar_ suy tu suy poka ka sake kor pa ciki eci= i= nurappa kuni e= ye yak pirka na."""
3417,True,2,2,1,1,0,,,sekor hawoka.
3418,True,13,2,12,12,0,,,ora nea katkemat sorekus cis kor a= kor cip or un a= tura.
3419,True,6,2,5,5,0,,,nea kotan pa un kur ...
3420,True,10,2,9,9,0,,,kor_ nispa macihi ne yakka sorekus_ a= tura hi ...
3421,True,7,2,6,6,0,,,"a= kopasrotappa cis pa wa ki kor,"
3422,True,5,2,4,4,0,,,a= kusa hine arki =an.
3423,True,3,2,2,2,0,,,"hosari =an akusu,"
3424,True,9,2,8,8,0,,,nea nispa utar ukoyki kor oka siri a= nukar.
3425,True,7,2,6,6,0,,,"orano a= kuspa hine arki =an h_ine,"
3426,True,5,2,4,4,0,,,a= uni ta hosipi =an.
3427,True,8,2,7,7,0,,,a= kor petaru or_ ta hosipi =an h_ine
3428,True,9,2,8,8,0,,,a= tura pa hine cise or_ ta paye =an.
3429,True,5,2,4,4,0,,,a= maci eun a= ye.
3430,True,9,2,8,8,0,,,"tapne kane ki ruwe ne yak a= ye akus_,"
3431,True,3,2,2,2,0,,,"a= macihi soyne,"
3432,True,11,2,10,10,0,,,"orano menoko utar sorekusu soy ta uruyruypa kor_ cis pa ayne,"
3433,True,8,2,7,7,0,,,"ahupte hine orano oka =an ruwe ne korka,"
3434,True,7,2,6,6,0,,,"ora use nispa konto okkaypo ne korka,"
3435,True,7,2,6,6,0,,,"nea poniwne nispa macihi a= ewtannere hine,"
3436,True,8,2,7,7,0,,,"a= uni sisoke wa uni a= kar hine,"
3437,True,6,2,5,5,0,,,"oro ta a= ari pa hine,"
3438,True,6,2,5,5,0,,,"ora nea kiyanne kur macihi anakne,"
3439,True,9,2,8,8,0,,,"a= macihi ""earkinne ene po ka a= sak kusu,"
3440,True,7,2,6,6,0,,,nea katkemat anakne kiyanne kur macihi anakne
3441,True,10,2,9,9,0,,,"a= hekote nispa a= eoripak yakka ponmat ne kor yak,"
3442,True,8,2,7,7,0,,,"ney ka pokor wa iomap po ka an."""
3443,True,12,2,11,11,0,,,"sekor a= maci hawean kor sihopire somo ki p ne kus ora,"
3444,True,10,2,9,9,0,,,"cise harkiso wa nea kiyanne menoko uni a= kar hine,"
3445,True,14,2,13,13,0,,,"oro ta a= anu hine a= uni o p oro a= o hine ora,"
3446,True,3,2,2,2,0,,,orano oka =an.
3447,True,16,2,15,15,0,,,orano nea Hoynasir wa a= tura menoko utar kor macikor a= macihi korpare pa SITARI ki.
3448,True,10,2,9,9,0,,,"a= macihi ka macikor kor hine orano oka =an rapok,"
3449,True,8,2,7,7,0,,,konto a= macihi ... nea ponmacihi ka honkor_.
3450,True,6,2,5,5,0,,,nea poniwne menoko a= ewta ...
3451,True,4,2,3,3,0,,,ka honkor_ ruwe ne.
3452,True,13,2,12,12,0,,,"rapokke konto iyoyapake konto a= maci a= tura ka eaykap pe ne kus_,"
3453,True,10,2,9,9,0,,,a= utari utar a= siren wa Hoynasir_ ta paye =an.
3454,True,6,2,5,5,0,,,"orano icarpa =an rok =an rok,"
3455,True,4,2,3,3,0,,,"tori kane ki hine,"
3456,True,10,2,9,9,0,,,"orano konto nea kotan pa un nispa macihi ewtanne kur,"
3457,True,12,2,11,11,0,,,kotan pa un kur uni o p yayteknata cip or un rura.
3458,True,14,2,13,13,0,,,"asinuma kotan kor kur kor wa okay pe cip or a= rura hine orano,"
3459,True,13,2,12,12,0,,,"konto use utar anakne konto use nispa utar kor wa okay pa p,"
3460,True,17,2,16,16,0,,,"usa macikor usa okay pa p sorekusu cip or un rura rok rura pa rok hine ora,"
3461,True,3,2,2,2,0,,,opitta cise ...
3462,True,11,2,10,10,0,,,"coypep hoppa pa p anakne suy tak pa kunak ye kor,"
3463,True,10,2,9,9,0,,,"kotan imak ta kor wa paye wa ari pa hine,"
3464,True,6,2,5,5,0,,,"ora kotan anak a= nuyeotke hine,"
3465,True,6,2,5,5,0,,,ruwe ne hine orano hosippa =an.
3466,True,10,2,9,9,0,,,orano nea kotan kor_ nispa macihi a= ponmacihi unio ...
3467,True,8,2,7,7,0,,,unihi kor wa okay pe opitta a= esikte.
3468,True,12,2,11,11,0,,,"nea kotan pa un kur pon maci ... maci kor kur anakne,"
3469,True,8,2,7,7,0,,,nea macihi uni opitta a= orura ruwe ne.
3470,True,8,2,7,7,0,,,orano kotan kor utar sorekusu i= koyairayke p.
3471,True,8,2,7,7,0,,,"""a= kor_ nispa an kuskeraypo nispa a= ne."
3472,True,10,2,9,9,0,,,"kamuy kor pe sorekus ne macikor_ ne yakka a= kor."""
3473,True,8,2,7,7,0,,,"sekor menoko utar_ ne yakka hawoka kor orano,"
3474,True,11,2,10,10,0,,,orano anakne nen ka a= macihi ye pa ka somo ki.
3475,True,13,2,12,12,0,,,ene a= macihi oramsakka rok pa p ki pa kor orano oka =an.
3476,True,5,2,4,4,0,,,rapok a= macihi okkayo pokor.
3477,True,15,2,14,14,0,,,"nea kotan pa un kur macihi ne wa a= kotanu un okkaypo ewtanne okkaypo ka,"
3478,True,3,2,2,2,0,,,okkayo po kor.
3479,True,4,2,3,3,0,,,"orano oka =an orano,"
3480,True,11,2,10,10,0,,,"nep a= kor_ rusuy nep a= e rusuy somo ki no,"
3481,True,5,2,4,4,0,,,"nea a= ponmacihi kor son,"
3482,True,16,2,15,15,0,,,"a= maci ... a= poromaci anakne tokap an kor orano kay kane ani kane kisma kane,"
3483,True,4,2,3,3,0,,,nep kar yakka ki.
3484,True,10,2,9,9,0,,,"a= ponmaci anakne tekehe kere siri isam no ki rapokkehe,"
3485,True,4,2,3,3,0,,,"suy matkaci kor orano,"
3486,True,2,2,1,1,0,,,sorekusu ...
3487,True,8,2,7,7,0,,,"sorekus_ a= eykoytupa p po ne a korka,"
3488,True,8,2,7,7,0,,,"sorekusu matkaci ne ciki okkayo po ne ciki,"
3489,True,3,2,2,2,0,,,sorekus_ a= komonmeci.
3490,True,9,2,8,8,0,,,"nea mosma an menoko ne yakka sorekusu ki wa,"
3491,True,13,2,12,12,0,,,hoski a= po anakne Hoynasir un a= kor_ nispa poho ne a= eynonnoytak.
3492,True,6,2,5,5,0,,,nea mosma an menoko poho ka
3493,True,16,2,15,15,0,,,"nea Hoynasir un iaknekur poho ne a= eynonnoytak kuni a= ye p ne kus ki orano,"
3494,True,8,2,7,7,0,,,"sake kor pa kor Hoynasir un icarpa pa,"
3495,True,5,2,4,4,0,,,sinnurappa pa kor oka =an.
3496,True,12,2,11,11,0,,,"sorekus_ nep a= e rusuy nep a= kor_ rusuy somo ki no,"
3497,True,9,2,8,8,0,,,"orano anakne eytasa apkas =an ka somo ki no,"
3498,True,6,2,5,5,0,,,pakno nispa isam nispa a= ne.
3499,True,5,2,4,4,0,,,"a= poutari rupne pa wa,"
3500,True,6,2,5,5,0,,,"hinaoka h_ike urapokkari siri isam no,"
3501,True,15,2,14,14,0,,,menoko or_ ta okkayo or_ ta iki pa wa nispa or peka a= korar pa.
3502,True,8,2,7,7,0,,,"nispa or peka kosmat a= kor_ ne ya,"
3503,True,5,2,4,4,0,,,"na neun neun ne wa,"
3504,True,8,2,7,7,0,,,sorekusu pak pakno nispa isam nispa a= ne.
3505,True,11,2,10,10,0,,,"nea hoski a= poho anakne a= macihi yaykore p ne wa,"
3506,True,7,2,6,6,0,,,"poho a= macihi ki p ne korka,"
3507,True,10,2,9,9,0,,,sorekusu oyas ... oya nurappa oya kamuynomi ki korka ...
3508,True,3,2,2,2,0,,,ki ruwe ne.
3509,True,6,2,5,5,0,,,"orano anakne okay pa p anakne,"
3510,True,15,2,14,14,0,,,"menoko ne ciki okkayo ne ciki a= ponmaci oro ta oka ka somo ki no,"
3511,True,4,2,3,3,0,,,a= poromaci patek erayninne.
3512,True,10,2,9,9,0,,,"a= poromaci patek oro peka iki pa p ne kus,"
3513,True,13,2,12,12,0,,,"nep a= e rusuy nep a= kor_ rusuy somo ki no ki ayne,"
3514,True,8,2,7,7,0,,,"tane onne =an siri ene an h_ine kusu,"
3515,True,12,2,11,11,0,,,tapne kane wa nea Hoynasir un nispa kor wa okay pa p
3516,True,12,2,11,11,0,,,a= utari utar Yupet putu un a= utari utar_ rura pa wa
3517,True,8,2,7,7,0,,,nispa ne pa p ne kus_ a= eysoytak.
3518,True,5,2,4,4,0,,,sekor Ikuresuye nispa hawean sekor
3519,True,13,2,12,12,0,,,Cenpak sekor a= ye uske ne yak a= unu ye kor oka =an.
3520,True,10,2,9,9,0,,,"atuy enka ta oka ... oka =an pe ne h_ike,"
3521,True,10,2,9,9,0,,,"sorekusu a= unu cis a cis a kor ekimne wa,"
3522,True,10,2,9,9,0,,,"ekimne kor toytoy us kam toytoy us cep se wa,"
3523,True,7,2,6,6,0,,,se wa iwak wa a= e kor
3524,True,16,2,15,15,0,,,"orano pirka uske i= ere i= ere s ... kor oka =an ayne poro =an akusu,"
3525,True,4,2,3,3,0,,,"ora ene hawean h_i,"
3526,True,5,2,4,4,0,,,"""Osorkot ta e= aca an."
3527,True,8,2,7,7,0,,,"Kuttarusi ta e= aca an wa, an wa"
3528,True,5,2,4,4,0,,,"sine matnepo ranke kor wa,"
3529,True,10,2,9,9,0,,,e= poro ciki newaoka menoko utar e= ewtanne yak easir
3530,True,7,2,6,6,0,,,sinritkor pa p uwoma p ne na.
3531,True,10,2,9,9,0,,,"sekor e= ona hawean kor i= hoppa p ne wa,"
3532,True,8,2,7,7,0,,,"e= nu wa e= kocanupkor yak pirka na."""
3533,True,13,2,12,12,0,,,"sekor a= unu i= ye kor patek oka =an pe ne a p,"
3534,True,14,2,13,13,0,,,tane poro =an wa sorekus yuk ne ciki kamuy ne ciki nuwe a= koan.
3535,True,15,2,14,14,0,,,"nep a= e rusuy nep a= kor_ rusuy ka somo ki no oka =an rapok,"
3536,True,8,2,7,7,0,,,"Osorkot ta an a= turesihi ekimne akusu ora,"
3537,True,6,2,5,5,0,,,"oro nanu hi ka a= erampewtek,"
3538,True,10,2,9,9,0,,,"oro netopake ne ruwe an h_i ka a= erampewtek no,"
3539,True,6,2,5,5,0,,,"ciruskocupu hine iwak ruwe ne orano,"
3540,True,7,2,6,6,0,,,"sorekusu yaykurkata cis a cis a hikeka,"
3541,True,7,2,6,6,0,,,onautari ka ene ye hi ka isam.
3542,True,4,2,3,3,0,,,"""ne matnepo isam yakun,"
3543,True,12,2,11,11,0,,,"ene ne wen kamuy h_ene nep ne yakka i= ka oyki p."""
3544,True,5,2,4,4,0,,,sekor onautari hawoka kor oka.
3545,True,10,2,9,9,0,,,"ora kotan kor utar anak sitoma pa, sitoma pa wa,"
3546,True,12,2,11,11,0,,,kotan kim ru kus kor siran yak a= ye hi a= nu.
3547,True,6,2,5,5,0,,,"a= nu kor an =an akus,"
3548,True,6,2,5,5,0,,,"oraun a= unu ene hawean h_i,"
3549,True,11,2,10,10,0,,,"""ikaunkunak tapan hawas h_i eun a= poho yaynu na sikiru na."""
3550,True,13,2,12,12,0,,,"sekor a= ona ... a= unu i= ye kor patek oka =an korka,"
3551,True,14,2,13,13,0,,,"ney ta ka arpa =an wa inkar =an kunak a= ramu kor an =an,"
3552,True,4,2,3,3,0,,,"aan pe ne kusu,"
3553,True,7,2,6,6,0,,,"kimun =an etokoyki sinne pekor iki =an,"
3554,True,5,2,4,4,0,,,ora ekimne iwak =an kor
3555,True,8,2,7,7,0,,,"cise or an =an wa iwak =an kor,"
3556,True,8,2,7,7,0,,,kim ta a= se kuni p a= hoppa.
3557,True,5,2,4,4,0,,,"pirka uske a= se kuni,"
3558,True,5,2,4,4,0,,,"ponno ponno a= hoppa ayne,"
3559,True,11,2,10,10,0,,,"poronno kim ta a= se kuni p a= hoppa hine ora,"
3560,True,12,2,11,11,0,,,"kimun =an kuni a= ye ... kunak a= ye p ne kusu,"
3561,True,9,2,8,8,0,,,"a= unuhu iyuta pirkep TANO sorekusu usa sat aep,"
3562,True,15,2,14,14,0,,,"kosneno a= se hine kimun =an yak a= ye p ne kus ki hine oraun,"
3563,True,11,2,10,10,0,,,"kim ta a= hoppa aep utar kam utar a= kose hine,"
3564,True,12,2,11,11,0,,,"porosike =an h_ine ne Osorkot ta arpa =an hine, ruwe ne akusu,"
3565,True,13,2,12,12,0,,,"neun katu an yakka yuptek pe ne yak a= ye p ne kusu,"
3566,True,6,2,5,5,0,,,cise soy ka pirkano a= kar.
3567,True,12,2,11,11,0,,,"cise soy ka mun ka sak no siran ruwe ne hine ora,"
3568,True,4,2,3,3,0,,,"cise erupsi ta anak,"
3569,True,17,2,16,16,0,,,teeta h_i wano nep ka nusa or_ ta a= hopunire ka somo ki p ne aan kun…
3570,True,10,2,9,9,0,,,"ikoytupa pa kor okay pe ne kuni a= ramu hine,"
3571,True,5,2,4,4,0,,,"simusiska =an ruwe ne akusu,"
3572,True,4,2,3,3,0,,,pirka okere katkemat soyne.
3573,True,7,2,6,6,0,,,"tekkakipo rauyruke rikuyruke i= nukar hine ora,"
3574,True,5,2,4,4,0,,,"horkano an h_ine ahun hine,"
3575,True,13,2,12,12,0,,,"""Cenpak un a= karku hene ne yak easir ene an kuni neno an,"
3576,True,6,2,5,5,0,,,"okkaypo ka utarpake soy ta an."""
3577,True,5,2,4,4,0,,,"sekor hawean ... haweas akusu,"
3578,True,8,2,7,7,0,,,"cise no ... poro kur itak haweas h_ine,"
3579,True,6,2,5,5,0,,,"""neun oka =an katu an yakka,"
3580,False,9,2,8,7,1,haw,"h_ike mak.""","ahup rusuy kus arki kur a= ahupte h_ike mak."""
3581,True,5,2,4,4,0,,,"sekor hawas haw as akusu,"
3582,True,6,2,5,5,0,,,"ora so anu, mun nupa hine,"
3583,True,13,2,12,12,0,,,soyne hine mono a hine i= ahunte kunak ye. i= eoripak wa ki.
3584,True,12,2,11,11,0,,,"a= sikehe a= se hi neno an =an h_ine ahun =an hine,"
3585,True,13,2,12,12,0,,,a= acaha rorke un a= sike a= anu hi ... a= anu hine
3586,True,16,2,15,15,0,,,ora ape sam ta an a= aca ramno kane i= erankarap hine ora ene hawean h_i.
3587,True,8,2,7,7,0,,,"""hinak wa apkas okkaypo e= ne ru an?"""
3588,True,4,2,3,3,0,,,"sekor hawean h_i kus,"
3589,True,10,2,9,9,0,,,"""tapne kane Cenpak wa apkas pe a= ne ruwe ne."""
3590,True,4,2,3,3,0,,,"sekor hawean =an akus,"
3591,True,11,2,10,10,0,,,"""a= karku nispa a= ekanunara kor oka =an hikeka wen ayne,"
3592,True,16,2,15,15,0,,,"a= matnepo yaykurkata nep ka a=yay ... a= yaykoreka no an pirka menoko ne a p,"
3593,True,6,2,5,5,0,,,"nina kusu ekimne akusu ora ciruskocupu,"
3594,True,11,2,10,10,0,,,"oro nanu hi ka a= erampewtek no an wa iwak orano,"
3595,True,5,2,4,4,0,,,a= ciskar kor oka =an.
3596,True,12,2,11,11,0,,,"yaykurkata ne yakka cis kor sorekus i= ka oyki kor an pe,"
3597,True,9,2,8,8,0,,,nen ka a= ye wa nen ka arpa yakun
3598,True,9,2,8,8,0,,,"ene ikipa =an h_i ka isam pe ne kus,"
3599,True,11,2,10,10,0,,,"ene a= ye h_i ka isam no oka =an ruwe ne."""
3600,True,6,2,5,5,0,,,sekor kane ne a= aca hawean.
3601,True,6,2,5,5,0,,,hi kusu ene hawean =an h_i.
3602,True,14,2,13,13,0,,,"""a= turesihi neun katuhu an yakka a= kor_ rusuy kusu san =an ruwe ne."""
3603,True,7,2,6,6,0,,,"sekor kane hawean =an ruwe ne akusu,"
3604,True,3,2,2,2,0,,,"earkinne a= aca,"
3605,True,12,2,11,11,0,,,"""nenkane a= karkuhu a= matnepo ne katu an pe tura wa ora,"
3606,True,10,2,9,9,0,,,"nen ka rayke hene nenkane yak ene iki p an."""
3607,True,14,2,13,13,0,,,"""hemanta ne a= rayke. nen poka a= kar wa tapne ne hawe ne yakun,"
3608,True,9,2,8,8,0,,,"ene teeta katu an kuni ne a= kar wa,"
3609,True,10,2,9,9,0,,,"a= tura wa san =an wa a= aca a= nukare,"
3610,True,6,2,5,5,0,,,"a= acautari ki p ne wa."""
3611,True,5,2,4,4,0,,,"sekor hawean =an akusu ora,"
3612,True,4,2,3,3,0,,,a= aca mosmano an.
3613,True,8,2,7,7,0,,,"hine ora a= sikehe pita wa nukar orano,"
3614,True,7,2,6,6,0,,,“sorekusu aynu patek kasi a= osike so.
3615,True,8,2,7,7,0,,,"a= hekote kamuy sorekus pewre or_ ta anak,"
3616,True,9,2,8,8,0,,,"a= kar wa pirka a= e wa pirka p,"
3617,True,6,2,5,5,0,,,sorekus cikoykip kamuy ne a korka
3618,True,15,2,14,14,0,,,"onne ne manu p a= kokironiwkes kusu ikoytupa ne manu p a= ki a yakka,"
3619,True,9,2,8,8,0,,,"a= matnepo ne yakka pirka katu neno an wa,"
3620,True,11,2,10,10,0,,,"a= karku oro ta i= ka ose yak sorekusu pirka yakka,"
3621,True,14,2,13,13,0,,,"ene a= matnepoho ne yakka ene hnta katu kar wa ene katu an wa,"
3622,True,5,2,4,4,0,,,"sorekusu yayekatuwen a= ki p,"
3623,True,11,2,10,10,0,,,oro ta a= karku sonno ene i= ka ose sike ...
3624,True,4,2,3,3,0,,,"sike ruwe ene an."""
3625,True,7,2,6,6,0,,,"sekor hawean kor onkami a onkami a,"
3626,True,10,2,9,9,0,,,hoka un tuypa wa hoka o ne ya nennen ki.
3627,True,4,2,3,3,0,,,hekote kamuy ekesinne ekamuykoytak.
3628,True,14,2,13,13,0,,,nea cise kor katkemat ek wa oraun a= kirkewkasi i= koruyruypa kor ki hine
3629,True,6,2,5,5,0,,,oraun nea aep sorekusu etuhu karkar
3630,True,14,2,13,13,0,,,"a= se aep ki kor ki ruwe ne hine oka =an ruwe ne akus,"
3631,True,5,2,4,4,0,,,"oro ta esoyne humas akusu,"
3632,True,5,2,4,4,0,,,"ni sike osura humas akusu,"
3633,True,11,2,10,10,0,,,"nea cise kor katkemat soyne akusu ora ahun h_ine ahun akusu,"
3634,True,9,2,8,8,0,,,"sonno ka ene nanu an h_i ka a= erampewtek,"
3635,True,8,2,7,7,0,,,"ciruskocupu, menoko kat anak kor pe ne korka,"
3636,True,12,2,11,11,0,,,"ahun wa neun katu an korka oripak hine ahun h_ine, mono a."
3637,True,6,2,5,5,0,,,oharkisoun apekestur kopak peka mono a.
3638,True,10,2,9,9,0,,,"a= erankarap etuhu kar anak ki ruwe ne hine oraun,"
3639,True,7,2,6,6,0,,,"nea cise kor kur ene hawean h_i,"
3640,True,11,2,10,10,0,,,"""tan Cenpak un e= yupihi e= yaykohunara kusu san ruwe ne."
3641,True,10,2,9,9,0,,,i= ka osike. kamuy patek kasi osike ru somo ne.
3642,True,14,2,13,13,0,,,"sorekusu asinuma ne yakka aynu patek kasi osike so ... ru somo ne kusu,"
3643,True,4,2,3,3,0,,,"e= pirkasuke ki wa,"
3644,True,14,2,13,13,0,,,"sorekus a= hekote kamuy ne yakka sorekus a= ekoysoytak wa an pe ne kus,"
3645,True,11,2,10,10,0,,,a= hekote ... a= karku nispa sorekusu e= tura nankor yakka
3646,True,9,2,8,8,0,,,"sorekusu nen poka sermak e= kor pe ne na."""
3647,True,8,2,7,7,0,,,"sekor_ nea onne kur hawean ruwe ne akus,"
3648,True,5,2,4,4,0,,,sorekusu aona ... nupekorapapse kor
3649,True,5,2,4,4,0,,,"yayka ... yaynankapirpa hine ora,"
3650,True,4,2,3,3,0,,,"""hetak suke."" sekor hawean."
3651,True,3,2,2,2,0,,,osi inkar =an.
3652,True,11,2,10,10,0,,,siruy ta arpa kor cis kor an pe ne sir iki.
3653,True,5,2,4,4,0,,,"hesasi sikiru kor yaynankapirpa oraun,"
3654,True,12,2,11,11,0,,,tek ... tekehe neun katu an yakka teke huraye a huraye a
3655,True,8,2,7,7,0,,,"ewonne a ewonne a hine nanuhu ka pirpa,"
3656,True,3,2,2,2,0,,,"tekehe ka pirpa,"
3657,True,12,2,11,11,0,,,"hine ora su ka huraye pirkano ki hine su atte hine ora,"
3658,True,10,2,9,9,0,,,a= se wa okay pe tuypa hine su or esikte.
3659,True,13,2,12,12,0,,,"kina rataskep MO, kina ne yakka woro hine suke hine yapte hine orano,"
3660,True,2,2,1,1,0,,,onaha koypuni.
3661,True,10,2,9,9,0,,,"pirka uskehe, kam osatuy ne pekor oka uske kasup oykare."
3662,True,4,2,3,3,0,,,"pirka uske onaha kopuni,"
3663,True,8,2,7,7,0,,,"asinuma ne yakka unu ne yakka ki ora,"
3664,True,6,2,5,5,0,,,osatuy sorekusu uskehe yaykopuni wa ipe.
3665,True,3,2,2,2,0,,,"earkinne a= erampokiwen,"
3666,True,9,2,8,8,0,,,"""nep katuhu kar wa orano ene ne hi an?"""
3667,True,12,2,11,11,0,,,sekor yaynu =an korka sama ta hotke =an h_ene aep a=e ...
3668,True,12,2,11,11,0,,,"a= kor sonapi, sonapi arke a= kopuni hene ki ka somo ki,"
3669,True,5,2,4,4,0,,,nen ne ya a= eramiskari.
3670,True,17,2,16,16,0,,,"nen ka iki =an wa nen ka ne hene ... yak wen wa kusu ki hine orano,"
3671,True,5,2,4,4,0,,,"kuneywa an h_i kusu orano,"
3672,True,6,2,5,5,0,,,"""hetak hetak hokure nina yakne ..."
3673,True,7,2,6,6,0,,,"wa kim ta ka a= ri yakne,"
3674,True,8,2,7,7,0,,,"a= kasuy wa a= se kusu ne kus,"
3675,True,10,2,9,9,0,,,"ora i= tura yakne ohonno somo hosippa =an nankor kusu,"
3676,True,11,2,10,10,0,,,"oraun a= acautari e kuni p anakne sorekus ekimne =an wa,"
3677,True,14,2,13,13,0,,,yuk ne ciki kamuy ne ciki nuwe a= koan wa a= acautari a= kohoppa.
3678,True,11,2,10,10,0,,,"paye =an ... a= uni un paye =an pe ne na."""
3679,True,12,2,11,11,0,,,sekor hawean =an pe ne kus eyaykopuntek sinne noyne nina kusu soyne.
3680,True,11,2,10,10,0,,,"hekoopi asinuma ka a= aca eyramante p utar i= epakasnu wa,"
3681,True,7,2,6,6,0,,,"parka ta okay pe a= rapte hine,"
3682,True,7,2,6,6,0,,,"kor wa iwa ... ekimne =an h_ine,"
3683,True,13,2,12,12,0,,,"haykannu kamuy a= rayke hi kusu mukkaneno a= se hine iwak =an h_ine,"
3684,True,9,2,8,8,0,,,"nusa or_ ta a= anu hine ahun =an h_ine,"
3685,True,6,2,5,5,0,,,"a= aca eun a= ye akusu,"
3686,True,5,2,4,4,0,,,"a= aca orikikutkor hine soyne,"
3687,True,6,2,5,5,0,,,"orano onkami a onkami a kor,"
3688,True,6,2,5,5,0,,,orano yayteknata ri hine kamihi ahupte
3689,True,9,2,8,8,0,,,"yuk ne yakka a= se easkay noyne okay pe,"
3690,True,9,2,8,8,0,,,mukkaneno a= se wa a= aca kasi a= osere.
3691,True,7,2,6,6,0,,,nusa or_ ta a= ari kor_ ri.
3692,True,10,2,9,9,0,,,orano yuk ne ciki kamuy ne ciki nuwe a= koan.
3693,True,5,2,4,4,0,,,"mata epitta riya e pakno,"
3694,True,4,2,3,3,0,,,sorekusu aep a= uekarire.
3695,True,16,2,15,15,0,,,"sorekusu cuk ne kusu sorekusu cep ne yakka a= uekarire wa ki ruwe ne hine ora,"
3696,True,11,2,10,10,0,,,"nea menoko nina a nina a wa an pe ne h_ike,"
3697,True,11,2,10,10,0,,,a= kasuy wa a= se wa sem or un a= rura.
3698,True,7,2,6,6,0,,,"wakka anak na wakka yaykata wakkata wa,"
3699,True,8,2,7,7,0,,,"ku easkay pakno okay pa p ne kusu,"
3700,True,11,2,10,10,0,,,"""wakka anak yaykata ku wa ta pa wa eywanke pa oraun,"
3701,True,13,2,12,12,0,,,iteki yayipeekosunke pa no pirkano suke wa ipe pa kor oka yak pirka.
3702,True,17,2,16,16,0,,,nen poka a= turesi aynu ne wa a= tura pakno anakne somo sap =an pe ne na.
3703,True,8,2,7,7,0,,,"iteki i= epotara a= acautari ki yak pirka."""
3704,True,4,2,3,3,0,,,"sekor hawean =an kor,"
3705,True,13,2,12,12,0,,,pirkep ka a= se p ne kus ponno ponno sayo ka kar pa.
3706,True,5,2,4,4,0,,,"rur e pa kor oraun,"
3707,True,10,2,9,9,0,,,"osi a= e SITARI ki kor oka =an ayne ora,"
3708,True,3,2,2,2,0,,,"""tane hosipi =an."
3709,True,6,2,5,5,0,,,"a= unu i= epotara kus ki."""
3710,True,9,2,8,8,0,,,sekor hawean =an kor sorekus mata epitta e pa
3711,True,12,2,11,11,0,,,"hoka o pa kuni cikuni a= ta wa a= rura hine oraun,"
3712,True,5,2,4,4,0,,,"paye =an kus ne akusu,"
3713,True,10,2,9,9,0,,,"ineapkusun askay menoko ne wa iki ya ka a= eramiskari,"
3714,True,9,2,8,8,0,,,"sorekus pirka kar pe, poro ketusi nea katkemat sanke,"
3715,True,2,2,1,1,0,,,oro esikte.
3716,True,6,2,5,5,0,,,usa sut tamasay ne yakka ki.
3717,True,12,2,11,11,0,,,"ki ruwe ne hine ora hemanta pon HAKO nea katkemat sanke hine,"
3718,True,14,2,13,13,0,,,"""tan pe anak nep ka e= ekimatek ciki puta e= mesu yak pirka na."""
3719,True,9,2,8,8,0,,,"sekor hawean kor kore siri a= nukar h_i anak,"
3720,True,9,2,8,8,0,,,"nep ka cikosinninup ne sinne kuni a= ramu kor,"
3721,True,7,2,6,6,0,,,orano a= tura hine orano arki =an.
3722,True,9,2,8,8,0,,,uturu ta sikehe pase p ne kus a= se.
3723,True,7,2,6,6,0,,,"uturu ta a= sere. arki =an ayne,"
3724,True,9,2,8,8,0,,,"a= uni ta arki =an h_ine ahun =an akusu,"
3725,True,7,2,6,6,0,,,"""a= poho kimun yak ye a p,"
3726,True,6,2,5,5,0,,,"makanak ki arsikeno ahun ruwe an?"""
3727,True,5,2,4,4,0,,,"sekor a= unu hawean korka,"
3728,True,6,2,5,5,0,,,"mosmano a =an ruwe ne akus,"
3729,True,9,2,8,8,0,,,"iramepakari hine somo Kuttarusi ta hene arpa =an wa,"
3730,True,17,2,16,16,0,,,"Kuttarusi un a= turesi h_ene a= tura wa ek =an ruwe ne kunak ramusinne noyne soyne akus,"
3731,True,7,2,6,6,0,,,soy ta soyne akus tan pewtanke kususuye.
3732,True,11,2,10,10,0,,,"""a= wenpo ene an pe e= tura wa e= ek humi."
3733,True,10,2,9,9,0,,,"hemanta kusu e= tura wa e= ek ruwe ene an."""
3734,True,3,2,2,2,0,,,"sekor hawean kor,"
3735,True,7,2,6,6,0,,,"sorekusu nea a= turesi ne yakka kopasrota,"
3736,True,5,2,4,4,0,,,"asinuma ne yakka ki korka,"
3737,True,13,2,12,12,0,,,"mosmano an =an hine ora ahun ... a= ahunte hine ahun hine orano,"
3738,True,13,2,12,12,0,,,sorekusu ene katu an yakka ineapkusun yuptek wa iki ya ka a= eramiskari.
3739,True,7,2,6,6,0,,,ape kes poka otke ka somo ki.
3740,True,11,2,10,10,0,,,"nina ne ya suke ne ya wakkata ne ya ki p,"
3741,True,8,2,7,7,0,,,"orano sorekus a= wenunu i= kopasrota korka arorkisne,"
3742,True,7,2,6,6,0,,,"""neun hawean yakka mosmano an yak pirka."""
3743,True,19,2,18,18,0,,,sekor hawean =an kor konto ekimne =an wa yuk ne ciki kamuy ne ciki nuwe a= koan kor an
3744,True,1,2,1,1,0,,,=an.
3745,True,11,2,10,10,0,,,"rapokke somo ka ene hawean =an kunak a= ramu a p,"
3746,True,5,2,4,4,0,,,"""cise eun ki otuye wa,"
3747,True,7,2,6,6,0,,,"ani asinno unihi a= kar pe ne."""
3748,True,10,2,9,9,0,,,"sekor hawean =an kor ekimne =an h_ine iwak =an akusu,"
3749,True,11,2,10,10,0,,,"sonno ka si poro cise eun pakno an ki otuye hine,"
3750,True,6,2,5,5,0,,,"rura wa an hi kusu ora,"
3751,True,12,2,11,11,0,,,a= ye p ne kusu uni a= kar h_ine ora oro ta
3752,True,10,2,9,9,0,,,"a= unu a= koyantonere ney pak ki ka ruska kus,"
3753,True,13,2,12,12,0,,,"nea pon ... a= turesi nea cise or_ ta a= anu hine ora,"
3754,True,5,2,4,4,0,,,"suy sineanta yuk a= rayke,"
3755,True,11,2,10,10,0,,,"poro yuk a= rayke hine a= se hine iwak =an h_ine,"
3756,True,6,2,5,5,0,,,"ape etok ta a= anu hine,"
3757,True,19,2,18,18,0,,,"""tan yuk tan ukuran e= e wa e= okere yak easir mat ne a= e= kor pe ne na."""
3758,True,7,2,6,6,0,,,"sekor hawean =an kor ek =an h_ine,"
3759,True,9,2,8,8,0,,,"a= uni ta ek =an h_ine ipe =an akusu,"
3760,True,8,2,7,7,0,,,"ora soynerusuy =an h_i kusu soyne =an akus,"
3761,False,5,2,4,3,1,hi,maknatara hi,"ape nipek maknatara hi kusu,"
3762,True,6,2,5,5,0,,,"arpa =an h_ine inkar =an akusu,"
3763,True,9,2,8,8,0,,,"cis a cis a kor an ayne hopuni hine,"
3764,True,8,2,7,7,0,,,"ketus asam wa nea pon HAKO sanke hine,"
3765,True,14,2,13,13,0,,,"putaha mesu wa oro wa paskur_ rup soyenpa rok soyenpa rok orano ki wa,"
3766,True,6,2,5,5,0,,,"nea yuk kasi uyru pa wa,"
3767,True,8,2,7,7,0,,,"iruka tom ta e okere pa akusu ora,"
3768,True,12,2,11,11,0,,,"nea HAKO or un opitta ahup h_ine eyam siri a= nukar h_ine,"
3769,True,11,2,10,10,0,,,"ora a= uni ta ek =an h_ine an =an a p,"
3770,True,9,2,8,8,0,,,"ioyaancikari konto a= epotara h_i kusu soyne =an akus,"
3771,True,3,2,2,2,0,,,ape nipek maknatara.
3772,True,11,2,10,10,0,,,"maknatara. hine an h_i kusu arpa =an h_ine ipuyaroposore =an akus,"
3773,True,4,2,3,3,0,,,"isampesiyuk raypesiyuk ki hine,"
3774,True,9,2,8,8,0,,,"sorekusu pirka kar pe esiyuk wa raypesiyuk ki hine,"
3775,True,7,2,6,6,0,,,"ora ketus asam wa saranpekarpe sanke hine,"
3776,True,8,2,7,7,0,,,yaykotpattuye oasi kus ne h_i ta ahun =an.
3777,True,3,2,2,2,0,,,"awosma =an h_ine,"
3778,True,5,2,4,4,0,,,"""mak e= iki sir an."""
3779,True,8,2,7,7,0,,,"sekor hawean kor a= teksaykare ruwe ne akus,"
3780,True,7,2,6,6,0,,,"i= enkasike yaskosanu puskosanu ruwe ne hine,"
3781,True,8,2,7,7,0,,,"orano mokor hene ya ray h_ene, a=eramko ..."
3782,True,13,2,12,12,0,,,"a= ramu ka tanak kane sitne kane ayne nusumpitata =an ruwe ne akusu,"
3783,True,9,2,8,8,0,,,"nea menoko sorekusu hayokpehe opitta osoroho ta horarayse hine,"
3784,True,10,2,9,9,0,,,"oanray siri a= temnikoro ta an ruwe ne hine orano,"
3785,True,5,2,4,4,0,,,"rapokke a= unuhu ek wa,"
3786,True,7,2,6,6,0,,,"humnu p ne kusu ek h_ine orano,"
3787,True,5,2,4,4,0,,,"pewtanke tasare kusu pewtanke hine,"
3788,True,8,2,7,7,0,,,"eun mos =an hine a =an h_ine orano,"
3789,True,16,2,15,15,0,,,"sorekusu kamuy ne manu p, kanna kamuy kar irenka ne hi a= eraman h_i kusu orano,"
3790,True,9,2,8,8,0,,,"kanna kamuy tomo a= itakusi hawe ene an h_i,"
3791,True,11,2,10,10,0,,,"""sorekusu si pase kamuy kamuy anakne oha aynu ukor pe ne."
3792,True,5,2,4,4,0,,,aynu anak oha aynu ukor.
3793,True,11,2,10,10,0,,,"sukup kur anak nen ne yakka uehosi ka somo ne yakka,"
3794,True,9,2,8,8,0,,,"kamuy anak kamuy oha kamuy ukor pe ne h_ike,"
3795,True,15,2,14,14,0,,,"nep kusu ene si pase kamuy a= kor kus ne menoko ene katu kar hine,"
3796,True,12,2,11,11,0,,,ora ney ne ne yakka somo an kuni p ne ruwe ne.
3797,True,7,2,6,6,0,,,"ramaci somo a= i= kohosipire yak anak,"
3798,True,11,2,10,10,0,,,"ona turano irwak turano sorekus atteynemosir a= kooterke kus ne kus,"
3799,True,3,2,2,2,0,,,"sorekusu a= eramuanka."""
3800,True,10,2,9,9,0,,,"sekor hawean =an kor orano kamuyoroytak =an. a= ki ayne,"
3801,True,7,2,6,6,0,,,"anonto wano ponno ponno penramu tokse ayne,"
3802,True,6,2,5,5,0,,,a= siknure katu ene an h_i.
3803,True,5,2,4,4,0,,,"nea hayokpehe oposo ru anakne,"
3804,True,5,2,4,4,0,,,"sorekusu ray pe iki korka,"
3805,True,12,2,11,11,0,,,ineapkusun menoko pirka wa siran y_a ka a= eramiskari sorekusu nanni ...
3806,True,14,2,13,13,0,,,"ray pe iki korka nannipekihi cise onnay emaknatara kane siran ruwe ne hine orano,"
3807,True,7,2,6,6,0,,,"a= kar ayne siknu ruwe ne hine,"
3808,True,13,2,12,12,0,,,"orano cis a cis a kor an korka sinki =an pe ne kusu,"
3809,True,11,2,10,10,0,,,iruka he an =an akusu wentarap =an ruwe ne akusu ...
3810,True,4,2,3,3,0,,,"a ruwe ne akusu,"
3811,True,14,2,13,13,0,,,"kamuy ne kusu koraci an oar okkaypo iruska wa an h_ine ene hawean h_i,"
3812,True,16,2,15,15,0,,,"""tan Cenpak un okkaypo e= ne wa itak =an ciki e= nu katu ene an h_i."
3813,True,7,2,6,6,0,,,"asinuma kanna kamuy tu irwak ne p,"
3814,True,5,2,4,4,0,,,"poniwne p a= ne p,"
3815,True,7,2,6,6,0,,,kamuy or_ ta a= yaykotomka p isam.
3816,True,13,2,12,12,0,,,"aynu or_ ta inkar =an kor tan menoko patek a= yaykotomka wa kusu,"
3817,True,12,2,11,11,0,,,"ene a= kar wa ... yak e= sitoma kunak a= ramu kusu,"
3818,True,8,2,7,7,0,,,"a= sirkakore sorekusu ki ruwe ne a p,"
3819,True,12,2,11,11,0,,,"e= sitoma ka somo ki no e= tura wa e= ek ora,"
3820,True,16,2,15,15,0,,,"eun unuhu cikosinninup kor pe ne hine, sorekusu kamuy i= koypak pe ne kus ... kusu"
3821,True,11,2,10,10,0,,,"hnta aynu hnta menoko sine to cise eun ki otuye p,"
3822,True,8,2,7,7,0,,,"nea cise eun ki otuye wa an w_a,"
3823,True,13,2,12,12,0,,,"cise e= kar oro ta e= an wa sinna an wa ne yak,"
3824,True,7,2,6,6,0,,,"eun a= rayke kunak a= ramu kusu,"
3825,True,5,2,4,4,0,,,neun neun a= yaynure ani
3826,True,16,2,15,15,0,,,"yuk ... yuk ka e= se wa iwak wa tan ukuran e okere somo ki yak,"
3827,True,18,2,17,17,0,,,"e= rayke wa mat ne e= kor somo ki kunak e= ye h_i ka a= e= yaynure ani,"
3828,True,12,2,11,11,0,,,"nea cikosinninup kor wa sorekusu kamuy kopan pe an pe ne kus,"
3829,True,8,2,7,7,0,,,"cikosinninup ani a= i= maketa ruwe ne hine,"
3830,True,4,2,3,3,0,,,"oraun rewsi =an korka,"
3831,True,9,2,8,8,0,,,"suy e= uni ta e= an pe ne kusu,"
3832,True,8,2,7,7,0,,,"e= unu turano e= an pe ne kus,"
3833,True,16,2,15,15,0,,,"nen poka a= kar wa a= rayke wa ramaci a= uk rusuy kusu iki =an h_ine,"
3834,True,16,2,15,15,0,,,"neun ne yakka sorekusu kamuy i= koypak pe ne kus a= i= maketa ruwe ne yakka,"
3835,True,8,2,7,7,0,,,"a= kohayta kusu iki =an pe ne akusu,"
3836,True,14,2,13,13,0,,,"sukup hontom ta a= uk wa kamuy or_ ta a= kor pe ne kus,"
3837,True,3,2,2,2,0,,,"a= e= eramuanka."""
3838,True,4,2,3,3,0,,,"sekor wentarap =an h_i,"
3839,True,4,2,3,3,0,,,"orano hopuni =an orano,"
3840,True,13,2,12,12,0,,,"""oha kamuy ukor pe ne aynu anak oha aynu ukor pe ne hike,"
3841,True,7,2,6,6,0,,,"kateomare wa iki menoko ne a yakun,"
3842,True,11,2,10,10,0,,,menoko kar pe ani sake a= kar wa sorekus sake ...
3843,True,9,2,8,8,0,,,"sake tura inaw tura sorekus a= nomi pa yakne,"
3844,True,5,2,4,4,0,,,"kamuy or_ ta eyaykamuynere p,"
3845,True,10,2,9,9,0,,,"hemanta ne kusu sukup hontom ta uk h_awe ne wa,"
3846,True,9,2,8,8,0,,,neno iki arpa epitta ki yakne sorekusu arpa epitta
3847,True,13,2,12,12,0,,,"sorekus ona turano yup turano atteynemosir a= kooterke kus ne kus a= eramuanka."""
3848,True,11,2,10,10,0,,,"sekor hawean =an kor kamuyoroytak =an ayne orano an =an korka,"
3849,True,8,2,7,7,0,,,"konto a= unu a= koyruska p ne kus,"
3850,True,8,2,7,7,0,,,oro ta an =an ka somo ki no
3851,True,8,2,7,7,0,,,"nani nea a= macihi turano orano oka =an,"
3852,True,6,2,5,5,0,,,"sorekusu a= yaykokemnu p ne kusu,"
3853,True,11,2,10,10,0,,,sorekusu itak poka yayitak ... kewor? a= koytak ka somo ki.
3854,True,4,2,3,3,0,,,i= etoko un suke.
3855,True,5,2,4,4,0,,,"nina ne ya ki oraun,"
3856,True,10,2,9,9,0,,,makan a= rayke ki p a= unu eun a= se
3857,True,16,2,15,15,0,,,"makan aka ... a= rayke p nea a= uni un a= se wa sorekusu ki orano,"
3858,True,7,2,6,6,0,,,a= unu ka ek ka somo ki.
3859,True,9,2,8,8,0,,,a= unu oro ta arpa =an ka somo ki.
3860,True,5,2,4,4,0,,,"sineanta a= unuhu ek h_ine,"
3861,True,11,2,10,10,0,,,"hine oraun konto Osorko ... Cenp... Kuttarusi ta an pon menoko,"
3862,True,7,2,6,6,0,,,"konto tapne ne hine ora iruska wa,"
3863,True,7,2,6,6,0,,,"kotan kes ta wenkur okkaypo an pe,"
3864,True,8,2,7,7,0,,,turano an wa orano ... a p orano
3865,True,8,2,7,7,0,,,"sorekus nea wenkur okkaypo earkinne ison, cikasnukar wa,"
3866,True,11,2,10,10,0,,,"sorekusu asuru as pa kor oka yak a= ye h_i kus,"
3867,True,7,2,6,6,0,,,"arpa =an wa inkar =an rusuy kusu,"
3868,True,12,2,11,11,0,,,konto usa yarsit a= umomare wa a= mi. yaypaskotaci =an yayetorkotaci =an.
3869,True,10,2,9,9,0,,,"sorekus a= sitoma no kane a= katu an h_ine orano,"
3870,True,6,2,5,5,0,,,"Cenpak or_ ta arpa =an hine,"
3871,True,15,2,14,14,0,,,"cise soy ta ... kotan kes ta okay pa p ne yak a= ye h_ike,"
3872,True,14,2,13,13,0,,,"arpa =an h_ine cise soy ta wenkur inkar a= esikkankari kor an =an akusu,"
3873,True,13,2,12,12,0,,,"oro ta nea a= mataki sonno ka asuru as pe pirka menoko ne,"
3874,True,4,2,3,3,0,,,"soyne i= nukar orano,"
3875,True,6,2,5,5,0,,,"""a= weyyupihi sorekusu pirka menoko koowseterke,"
3876,True,11,2,10,10,0,,,"hemanta kar ene katu an wa ek ruwe an. iyaysitomare kus."""
3877,True,8,2,7,7,0,,,"sekor hawean kor i= kopasrota kor ahun korka,"
3878,True,4,2,3,3,0,,,"osi ahun =an orano,"
3879,True,14,2,13,13,0,,,"wenkur inkar a= esikkankari kor parka peka sorekusu cise onnay peka ki akusu orano,"
3880,True,12,2,11,11,0,,,"""neun tek iki yakka sorekus a= eyaysitoma katu an. a= ki p,"
3881,True,6,2,5,5,0,,,"enepo easir hemanta nukar pe iki?"""
3882,True,3,2,2,2,0,,,"sekor hawean kor,"
3883,True,8,2,7,7,0,,,"neun i= kopasrota korka pirka suke ki h_ine,"
3884,True,4,2,3,3,0,,,i= ipere hine orano
3885,True,13,2,12,12,0,,,"""hetak hetak a= hekote nispa iwak etok ta a= eyaysitoma kus, arpa arpa."""
3886,True,7,2,6,6,0,,,"sekor i= ye kor ki korka orano,"
3887,True,8,2,7,7,0,,,"konto nen ka a= kosunke rusuy kusu orano,"
3888,True,6,2,5,5,0,,,"""a= kor_ turesi hemanta kosinninu hine,"
3889,True,12,2,11,11,0,,,"enepo easir pirka ru oka. i= nukare wa i= kore yak pirka."""
3890,True,10,2,9,9,0,,,"sekor hawean =an kor orano ki kor orano, i= kopasrota."
3891,True,8,2,7,7,0,,,"“neun tek hawean yakka a= weyyupihi katu an,"
3892,True,5,2,4,4,0,,,"a= eyaysitoma p ene hawean."""
3893,True,3,2,2,2,0,,,"sekor hawean ayne,"
3894,True,19,2,18,18,0,,,“a= unuhu `pet or_ ta rap =an wa ewonne =an... cise soy a= kar_ ne ya ape kes ...
3895,True,10,2,9,9,0,,,"ape sam a= kar wa cise onnay a= nupa ora,"
3896,True,18,2,17,17,0,,,"pet or_ ta rap =an wa ewonne =an kor_ nep ka pirka p a= nukar pe ne na."""
3897,True,11,2,10,10,0,,,"sekor a= unuhu i= ye kor patek oka =an a p,"
3898,True,15,2,14,14,0,,,"pet or_ ta suy ran =an h_ine ewonne =an h_ine pet turasi inkar =an wa,"
3899,True,11,2,10,10,0,,,"hemanta kasi mikemike kor san h_ine i= hekote yan h_i kusu,"
3900,True,3,2,2,2,0,,,"inkar =an akus,"
3901,True,8,2,7,7,0,,,"sirokane otcike or sirokane makiri saya eusi wa,"
3902,True,17,2,16,16,0,,,"kasi mikemike kor san h_ine a= uk h_ike orano a= kosinninu wa an pe ne a p,"
3903,True,15,2,14,14,0,,,"ene e= tura an =an yakun a= e= kosinninure ne kunak a= ramu a p,"
3904,True,16,2,15,15,0,,,"ene sorekusu hemanta si ... a= sikasanine p tura e= an yak a= ye wa kusu,"
3905,True,12,2,11,11,0,,,"wenkur okkaypo a= kosinninu wa ene nispa a= ne hi ne wa."""
3906,True,5,2,4,4,0,,,"sekor hawean h_i kusu orano,"
3907,True,14,2,13,13,0,,,"""i= nukare poka ki yakne a= nukar poka ki wa hosipi =an pe ne."""
3908,True,9,2,8,8,0,,,"sekor hawean =an kor orano ki p ne kusu,"
3909,True,11,2,10,10,0,,,konto suwop ranke h_ine atuhu pita h_ikeka eyayokapaste eyayokapaste ayne sanke
3910,True,6,2,5,5,0,,,"suwop pita hine kor ek h_ine,"
3911,True,14,2,13,13,0,,,"""tap tasi a= hekote nispa kosinninu wa ene nispa a= ne hi an h_ine,"
3912,True,6,2,5,5,0,,,"pirka =an h_i ne na."" sekor,"
3913,True,16,2,15,15,0,,,"""inkar poka pirkano inkar =an humi ka isam kus hankeno kor wa ek wa i= nukare."""
3914,True,11,2,10,10,0,,,"sekor hawean =an kor orano ki ruwe anak ene an h_i,"
3915,True,7,2,6,6,0,,,sorekusu makiri arke sirokane ceppo a= kocupu.
3916,True,12,2,11,11,0,,,siroka ... makiri arke wa sorekus konkane ceppo a= kocupu apekor an.
3917,True,4,2,3,3,0,,,"sorekusu cise onnay emaknatara,"
3918,True,6,2,5,5,0,,,"makiri saya eus wa sanke hine,"
3919,True,8,2,7,7,0,,,"ki orano ki ayne i= karanke ek h_ine,"
3920,True,11,2,10,10,0,,,"“na ponno e= ek yakne a= nukanno pirkano ki poka ki."""
3921,True,8,2,7,7,0,,,sekor hawean =an ayne i= karanke h_i kus
3922,True,9,2,8,8,0,,,"tekehe un a= ristektek hine nani soyosma =an h_ine,"
3923,True,6,2,5,5,0,,,"a= uni ta ek =an h_ine,"
3924,True,11,2,10,10,0,,,"suwop asama a= karpare hine a= anu ruwe ne a p,"
3925,True,4,2,3,3,0,,,"orano pahawnu =an akusu,"
3926,True,13,2,12,12,0,,,"konto orano nep ka kor pa p hopunpa pekor hopunpa pekor_ ne wa,"
3927,True,13,2,12,12,0,,,"orano ukoyki pa. tu su at ukotuypa re su at ukotuypa ukoyki pa,"
3928,True,19,2,18,18,0,,,"hopunpa, nep kar pa yakka nep supa pa yakka ki pa hi a= nu kor an =an a p,"
3929,True,6,2,5,5,0,,,"sine ancikar a= unu ek h_ine,"
3930,True,10,2,9,9,0,,,"i= tak yak ye kor ek h_ine arpa =an akusu,"
3931,True,8,2,7,7,0,,,"nea a= turesi an orano i= kopasrota sorekus,"
3932,True,10,2,9,9,0,,,"""a= weyyupihi sorekusu katuhu an wa a= kopasrota a wa"
3933,True,11,2,10,10,0,,,"sorekusu i= kosunke wa somo neno an no arpa a yakun,"
3934,True,10,2,9,9,0,,,"somo a= kopasrota no kese a= anpa p ki orano,"
3935,True,8,2,7,7,0,,,sorekus a= kor wa okay pa p hopunpa.
3936,True,15,2,14,14,0,,,"a= kor cikosinninup a= weyyupi kor wa kira p ne kusu, ora ki ... akusu"
3937,True,17,2,16,16,0,,,"ene a= yupihi ene an sorekus ene an pirka kamuy neno an a= yupi ene i= kosunke."""
3938,True,6,2,5,5,0,,,"sekor hawean kor i= kopasrota korka,"
3939,True,13,2,12,12,0,,,"ene a= ye h_i ka isam pe ne kus mosmano an =an h_ine,"
3940,True,8,2,7,7,0,,,"oraun hosipi =an korka ene i= kopasrota p,"
3941,True,10,2,9,9,0,,,konto a= poromaci a= unu a= koyantonere ka ruska kusu
3942,True,11,2,10,10,0,,,konto nea Kuttarusi wa ek a= turesi a= unuhu a= koyantonere.
3943,True,14,2,13,13,0,,,"a= kor Osorkot wa a= tura a a= macihi poromat ne a= kor orano,"
3944,True,10,2,9,9,0,,,sorekusu yuk ne ciki kamuy ne ciki nuwe a= koan.
3945,True,12,2,11,11,0,,,oro easir konto nea Osorkot un a= acautari a= hotanukar pa kus
3946,True,10,2,9,9,0,,,"posak =an h_ine a= tura rusuy kus a= tura hine,"
3947,True,14,2,13,13,0,,,"paye =an orano sorekusu a= acautari cis kor i= koonkami pa ruwe ne hine,"
3948,True,9,2,8,8,0,,,konto ekimne =an wa yuk ne ciki kamuy ...
3949,True,10,2,9,9,0,,,"na aep kor wa oka ni ne yakka ki korka,"
3950,True,18,2,17,17,0,,,orano nea a= macihi nina SITARI ekimne =an wa yuk ne ciki kamuy ne ciki nuwe a= koan.
3951,True,14,2,13,13,0,,,"e pa kuni p a= kar korka ora pokor =an SITARI ki yakun ora,"
3952,True,14,2,13,13,0,,,"na uoyak un apkas ka a= eaykap kuni a= ramu p ne kusu konto,"
3953,True,20,2,19,19,0,,,"“kotan or_ ta nep ka pirka pon menoko ... kewtum pirka okkaypo ne yakka pon menoko ne yakka eramuoka yakun,"
3954,True,11,2,10,10,0,,,ye pa yakne a= etun wa a= acautari arsoke a= unte.
3955,True,8,2,7,7,0,,,"puyne a= hoppa ka epotara pa kus ki."""
3956,True,4,2,3,3,0,,,"sekor hawean =an akus,"
3957,True,14,2,13,13,0,,,"nea a= macihi kewtumu pirka okkaypo utar pon menoko utar ye ruwe ne hine,"
3958,True,5,2,4,4,0,,,"ora a= etun pa hine,"
3959,True,8,2,7,7,0,,,"onne utar arsoke a= unte kusu ne akus,"
3960,True,8,2,7,7,0,,,"a= aca earkinne eyaykopuntek pa ruwe ne h_ine,"
3961,True,3,2,2,2,0,,,arsoke a= unte.
3962,True,16,2,15,15,0,,,"“nep ka sorekusu a= aca pirka kor pe a= uk ka somo ki p ne kusu,"
3963,True,8,2,7,7,0,,,okkaypo utar a= aca utar arsoke un wa
3964,True,9,2,8,8,0,,,"pirkano EEYANPAY hawe erampokiwen pa nunuke pa i= kore."""
3965,True,9,2,8,8,0,,,sekor hawean =an kor konto hosippa =an h_i orano
3966,True,17,2,16,16,0,,,"konto suy Kuttarusi un a= turesi a= tura hine a= acautari oro ta paye =an h_i orano,"
3967,True,10,2,9,9,0,,,"tanepo a= nukar pe a= aca ne p ne kusu,"
3968,True,12,2,11,11,0,,,sorekusu i= koonkami i= koyairayke hi ye a ye a kor ora
3969,True,18,2,17,17,0,,,ekimne =an wa a= pirkakar pe a= kar wa a= aca a= ere rusuy kusu ekimne =an wa
3970,True,9,2,8,8,0,,,yuk ne ciki kamuy ne ciki nuwe a= koan.
3971,True,8,2,7,7,0,,,ora pewre pa p ne kus yay ...
3972,True,16,2,15,15,0,,,"yayteknata ni ne yakka uekarpare. hoka o kor okay pe ne rok h_aw an h_i kusu,"
3973,True,9,2,8,8,0,,,ora nea a= maci a= ninare kusu a= ye.
3974,True,8,2,7,7,0,,,"ni ne yakka, poronno a= uekarire hine ora,"
3975,True,11,2,10,10,0,,,nea Kuttarusi ta ka pirka menoko ... umurek a= hok h_ine
3976,True,8,2,7,7,0,,,"a= acautari arsoke a= unte pa hine orano,"
3977,True,7,2,6,6,0,,,"arki =an h_ine orano, oka =an rapok"
3978,True,15,2,14,14,0,,,"ne a= matutari honkor pa uerpak ki uerpak ki hine nuwap pa ruwe ne akus,"
3979,True,6,2,5,5,0,,,okkayo tennep kor pa ruwe ne.
3980,True,16,2,15,15,0,,,"orano sorekus a= unu anakne a= kor poro a= maci anak koyyomap ka somo ki no,"
3981,True,13,2,12,12,0,,,"Cenpak ... Kuttarusi wa a= tura a= macihi turano an pe ne kus,"
3982,True,9,2,8,8,0,,,"koyyomap yakka somo i= koyyomap a= unu ki yakka,"
3983,True,9,2,8,8,0,,,"""iteki eun itak ki, nen ka hawean yak pirka."""
3984,True,12,2,11,11,0,,,"sekor a= macihi a= ye kor konto pokor =an pa h_i ora,"
3985,True,12,2,11,11,0,,,"a= poutari a= acautari a= nukare somo ki yak wen wa kusu,"
3986,True,4,2,3,3,0,,,ora suy porosike =an.
3987,True,14,2,13,13,0,,,neun a= hok okkaypo utar nuwe kooka yakka ki ... ki p ne kus
3988,True,8,2,7,7,0,,,sorekusu kirpu pirka hi poro sike a= ki.
3989,True,12,2,11,11,0,,,"a= macihi pakkay hine a= aca oro ta sap =an h_i orano,"
3990,True,6,2,5,5,0,,,"sorekus a= acaha earkinne eyaykopuntek pa,"
3991,True,7,2,6,6,0,,,"a= unarpe ne yakka eyaykopuntek pa kusu,"
3992,True,7,2,6,6,0,,,"oro ta tori tori oka =an wa,"
3993,True,15,2,14,14,0,,,"okkaypo turano ekimne =an wa, yuk ne ciki kamuy ne ciki nuwe a= kooka wa,"
3994,True,10,2,9,9,0,,,"orano hosippa =an h_ine, a= uni ta arki =an h_ine"
3995,True,15,2,14,14,0,,,oraun suy Kuttarusi un a= macihi suy a= acautari oro ta poho a= nukare ...
3996,True,10,2,9,9,0,,,mippo a= nukare kus oro ta paye =an h_i orano
3997,True,10,2,9,9,0,,,suy Kuttarusi un a= aca ne yakka earkinne eyaykopuntek pa.
3998,True,5,2,4,4,0,,,mippo eyaykopuntek pa kor ki.
3999,True,4,2,3,3,0,,,rapokke nea tu ...
4000,True,12,2,11,11,0,,,"na uoyak ta oka a= hok okkaypo utar ka pokor pa wa,"
4001,True,5,2,4,4,0,,,i= koyyomap pa kor oka.
4002,True,13,2,12,12,0,,,"orano a= maci utar anak uerayninne pa ka ki, pa p ne kusu,"
4003,True,6,2,5,5,0,,,"sinen a= ne apkas =an kor,"
4004,True,8,2,7,7,0,,,“a= kor okkaypo a= karku nispa an kuskeraypo
4005,True,15,2,14,14,0,,,"a= eykoytupa p iyomap ne a korka sorekus iyomap ne manu p a= yaykotuyas pa."""
4006,True,4,2,3,3,0,,,"sekor kane hawoka kor,"
4007,True,11,2,10,10,0,,,konto a= matutarihi onautari esipinpap raykur esipinpa kuni p ne ya
4008,True,11,2,10,10,0,,,siknu hi ne esipinpa kuni p usa usa kar pa kor
4009,True,13,2,12,12,0,,,a= se wa arpa =an wa a= korpare pa kor oka =an ayne
4010,True,9,2,8,8,0,,,"sorekus a= poutari ka rupne pa pakno hi orano,"
4011,True,13,2,12,12,0,,,"""Osorkot ta an a= kor okkaypo a= poho ak ne kor yak pirka."""
4012,True,7,2,6,6,0,,,"sekor a= ye kor a= tura hine,"
4013,True,9,2,8,8,0,,,"a= aca a= erampokiwen kusu arsoke a= unte hine,"
4014,True,11,2,10,10,0,,,"nani a= hok a= okkaypo utar sinnatoye? cise a= kar h_ine,"
4015,True,4,2,3,3,0,,,oro ta a= ari.
4016,True,10,2,9,9,0,,,"irwak ne a= kor ka somo ki p ne kus."""
4017,True,17,2,16,16,0,,,"sekor hawean =an kor eykaunno nea a= hok okkaypo a= aca kor_ coypep a= kore hine ora,"
4018,True,14,2,13,13,0,,,"ne a= acaha yayeyayayekos ... yayhekote mippoho arsoke a= unte wa poro h_i ora,"
4019,True,10,2,9,9,0,,,"pirka menoko a= ewtannere wa, sorekus ekasi kasi oyki pa."
4020,True,8,2,7,7,0,,,"sorekusu nea a= hok okkaypo utar_ ne yakka,"
4021,True,10,2,9,9,0,,,aca ne i= kor pa. a= ekasihi sorekusu nunuke pa.
4022,True,8,2,7,7,0,,,"Kuttarusi ta ne yakka uneno kane ne wa,"
4023,True,11,2,10,10,0,,,"sorekus nep a= e rusuy nep a= kor_ rusuy somo ki,"
4024,True,12,2,11,11,0,,,"sorekusu cikosinninup a= matutari cikosinninup usa usa kor pa p ne kus,"
4025,True,7,2,6,6,0,,,"po hene, sorekusu kasi a= opirka wa,"
4026,True,8,2,7,7,0,,,"sorekus pakno nispa isam nispa a= ne wa,"
4027,True,6,2,5,5,0,,,sorekus a= unuhu ka a= pirkakuronnere.
4028,True,14,2,13,13,0,,,a= acautari ka apkas =an kor ekarino ne pekor a= acautari isam pa wa
4029,True,10,2,9,9,0,,,"Kuttarusi ta ka Osorkot ta ka ki kor ki ayne,"
4030,True,11,2,10,10,0,,,"a= siwto a= unarpe utar ka opitta a= pirkakuronnere okake ta,"
4031,True,16,2,15,15,0,,,"a= poho oro ta Kuttarusi ta Osorkot ta ka arpa =an ranke kor an =an ayne,"
4032,True,5,2,4,4,0,,,"tane apkasniwkes =an h_i orano,"
4033,True,11,2,10,10,0,,,"a= poutari a= mippoutari ukopayeoka. uoruspenu =an kor oka =an ayne,"
4034,True,9,2,8,8,0,,,"tane onne =an siri ene an h_i ne kusu,"
4035,True,7,2,6,6,0,,,tapne kane ne ora kanna kamuy ...
4036,True,13,2,12,12,0,,,kanna kamuy sorekus sake tura inaw tura a= nomi kor oka =an no
4037,True,8,2,7,7,0,,,isermakus a= ne p ... kuni a= ramu.
4038,True,7,2,6,6,0,,,"nep a= sitoma ka somo ki ora,"
4039,True,12,2,11,11,0,,,"nea a= maci ne yakka sukup hontom eysam ka somo ki no,"
4040,True,6,2,5,5,0,,,"onne pakno turano an =an wa,"
4041,True,9,2,8,8,0,,,"tane onne =an siri ene an h_i ne kusu,"
4042,True,11,2,10,10,0,,,tapne kane iki =an siri a= poutari nukar pe ne kusu.
4043,True,7,2,6,6,0,,,"""kanna kamuy kamuy ekasi a= nomi na."""
4044,True,7,2,6,6,0,,,"sekor hawoka kor sake kor pa kor,"
4045,True,10,2,9,9,0,,,inaw ne yakka sake ne yakka kanna kamuy eikra pa
4046,True,13,2,12,12,0,,,"sorekus inaw ro ... asi pa wa ki yakne, e= sermakkor pa wa"
4047,True,8,2,7,7,0,,,"sorekusu kanna kamuy anak mosir okari payeoka kor,"
4048,True,10,2,9,9,0,,,"usa iki pa ki wa a= sitoma p ne kusu,"
4049,True,12,2,11,11,0,,,"nomi pa yak nep sitoma pa ka somo ki kus ne kus."""
4050,True,7,2,6,6,0,,,"sekor hawean =an kor onne =an sekor,"
4051,True,4,2,3,3,0,,,sino nispa hawean sekor.
4052,True,8,2,7,7,0,,,a= unuhu an a= onaha an h_ine ...
4053,True,4,2,3,3,0,,,a= onaha WA INAINDA.
4054,True,7,2,6,6,0,,,"a= unuhu an h_ine oka =an h_ike,"
4055,True,7,2,6,6,0,,,"a= unuhu earkinne yuptek pe ne wa,"
4056,True,15,2,14,14,0,,,"nep a= e rusuy nep a= kor_ rusuy ka somo ki no oka =an ayne,"
4057,True,13,2,12,12,0,,,"poro =an h_i orano konto okkayo iki sir_ neno kane cepkoyki =an w_a,"
4058,True,7,2,6,6,0,,,"ruyanpe an wa nay poro kor orano,"
4059,True,15,2,14,14,0,,,"cepkoyki =an wa cep a= rura a a= rura a kor a= unuhu satke wa,"
4060,True,13,2,12,12,0,,,"ar suy ne suy nay poro wa cepkoyki =an kusu, ora arpa =an."
4061,True,14,2,13,13,0,,,"kotan enkor_ ta kotan kim ta ki hine arpa =an ruwe ne a p,"
4062,True,13,2,12,12,0,,,"cep urennaypiskan cep a= yanke a a= yanke a kor an =an akus_,"
4063,True,7,2,6,6,0,,,hemanta nay pes san hum konna sepepatki.
4064,True,3,2,2,2,0,,,"""hemanta humi an?"""
4065,True,3,2,2,2,0,,,sekor yaynu =an.
4066,True,7,2,6,6,0,,,aeoay... a= sitoma hi kusu ranko ho...
4067,True,9,2,8,8,0,,,"teeta horak ranko sinricihi wa ni owpoporinne wa hetuku,"
4068,True,12,2,11,11,0,,,"tumu ta arpa =an h_ine mono a =an wa an =an akus,"
4069,True,9,2,8,8,0,,,"sorekusu kaske hererse kane si poro kamuy san hine,"
4070,True,8,2,7,7,0,,,"konto ratcitara nay pes h_ine san akusu ora,"
4071,True,7,2,6,6,0,,,"konto aynu ne hine, kunne kosonte utomciwre"
4072,True,8,2,7,7,0,,,"kamuy ne kus koraci an kur ek h_ine,"
4073,True,4,2,3,3,0,,,i= tukari hi kusu
4074,True,12,2,11,11,0,,,"ora a= sapa a= uk h_ine oripak =an h_ine an =an akusu,"
4075,True,8,2,7,7,0,,,"ek h_ine i= tukari ta mono a hine,"
4076,True,6,2,5,5,0,,,"i= erankarap ruwe ne hine oraun,"
4077,True,3,2,2,2,0,,,ene hawean h_i.
4078,True,15,2,14,14,0,,,"""kamuy or_ ta ayaykotom ... nupuri kor kamuy poho a= ne wa an =an korka,"
4079,True,7,2,6,6,0,,,kamuy or_ ta a= yaykotomka p isam.
4080,True,13,2,12,12,0,,,"aynu or un inkar =an kor eani patek a= e= yaykotomka wa kusu,"
4081,True,7,2,6,6,0,,,"a= e= nukar poka ki rusuy kusu,"
4082,True,4,2,3,3,0,,,"san =an ruwe ne."""
4083,True,6,2,5,5,0,,,"sekor kane hawean na... wa kusu,"
4084,True,10,2,9,9,0,,,"""ene an imi poka pirka no ki ka somo ki."
4085,True,7,2,6,6,0,,,"hemanta ne a= nukar_ rusuy pe an?"""
4086,True,3,2,2,2,0,,,sekor hawean =an.
4087,True,7,2,6,6,0,,,"""imi anak neun oka yakka pirka korka,"
4088,True,7,2,6,6,0,,,"kew... e= kewtumu a= ramosma wa ne."""
4089,True,4,2,3,3,0,,,"sekor hawean kor orano,"
4090,True,12,2,11,11,0,,,"i= hekote ek orano i= koterke ayne ye p a= nu hine,"
4091,True,9,2,8,8,0,,,"oraun oro ta nen nen i= koysoytak ayne ora,"
4092,True,8,2,7,7,0,,,"suy nay turasi arpa wa isam h_ine ora,"
4093,True,13,2,12,12,0,,,"a= sike a= kar h_ine iwak =an hine an =an ruwe ne orano,"
4094,True,3,2,2,2,0,,,konto ceprura =an.
4095,True,12,2,11,11,0,,,ikoytupa pa rupne mat utar ka cep a= kore wa rura pa.
4096,True,6,2,5,5,0,,,"""a= kor pon katkemat an kuskeraypo."""
4097,True,6,2,5,5,0,,,"sekor hawoka kor orano ki kor,"
4098,True,8,2,7,7,0,,,orano nea nay or un arparusuy =an kor
4099,True,8,2,7,7,0,,,i= ekari nea kamuy san wa ukosini =an.
4100,True,17,2,16,16,0,,,"orano konto kamuy or wa i= ka osike wa san wa a= se wa hosipi =an kor,"
4101,True,10,2,9,9,0,,,"""hinak wa ene okay pe a= se ruwe ene an?"""
4102,True,6,2,5,5,0,,,"a= esina ka eaykap h_i kusu,"
4103,True,5,2,4,4,0,,,"""tapne kane ne ruwe ne."""
4104,True,7,2,6,6,0,,,sekor hawean =an akusu a= ona ...
4105,True,7,2,6,6,0,,,"a= unu konto mosmano an h_ine orano,"
4106,True,10,2,9,9,0,,,"neno iki =an rapok konto honkor =an ruwe ne hine,"
4107,True,10,2,9,9,0,,,orano kamuy or un arparusuy =an kor ne ni ...
4108,True,10,2,9,9,0,,,owpoporinne ranko or_ ta arpa =an kor i= ekari san.
4109,True,18,2,17,17,0,,,"oro ta utura sinot =an ne ya nen nen i= koysoytak kor oka =an ayne nuwap =an akusu,"
4110,True,11,2,10,10,0,,,"sorekusu kamuy ne kusu koraci an okkayo hekaci a= kor orano,"
4111,True,4,2,3,3,0,,,a= unu earkinne eyaykopuntek.
4112,True,11,2,10,10,0,,,"orano ipe anak i= ka osike wa san pe ne kusu,"
4113,True,19,2,18,18,0,,,"nep a= e rusuy ka somo ki no oka =an, uturu isam no ki p ne kusu ki kor,"
4114,True,6,2,5,5,0,,,"orano oka =an ruwe ne ayne,"
4115,True,5,2,4,4,0,,,suy honkor =an h_ine ma
4116,True,9,2,8,8,0,,,"ruwe ne hine matkaci a= kor_ ruwe ne ora,"
4117,True,14,2,13,13,0,,,a= kor son utar a= tura wa arpa =an wa a= nukare ne ya
4118,True,7,2,6,6,0,,,"nen nen ki ayne ene hawean h_i,"
4119,True,14,2,13,13,0,,,"""tan katkemat e= ne wa itak =an ciki e= inu katu ene an h_i."
4120,True,11,2,10,10,0,,,"kamuy or_ ta a= kor kus ne menoko an pe ora,"
4121,True,4,2,3,3,0,,,"earkinne ipokas ne ya,"
4122,True,8,2,7,7,0,,,"kamuy ne yakka ipokas ne ya ki wa,"
4123,True,8,2,7,7,0,,,"a= kor etoranne wa kusu iki =an h_ine,"
4124,True,15,2,14,14,0,,,"hine ora ene sorekus_ a= koyki p a= rura siri a= ona oyamokte hine ora,"
4125,True,17,2,16,16,0,,,"inkar akusu ene e= or un san =an siri a= onaha nukar hine orano ene hawean h_i,"
4126,True,9,2,8,8,0,,,"'taan e= kor_ rusuy menoko ka kamuy sasimi ne,"
4127,True,5,2,4,4,0,,,unuhu ka kamuy sasimi ne.
4128,True,13,2,12,12,0,,,hekote nispa tunasno isam hine orano yaykata matnepoho resu wa an katkemat ne.
4129,True,15,2,14,14,0,,,"kamuy... arke kamuy arke aynu ne pa p ne neno e= iki ka eaykap kusu,"
4130,True,18,2,17,17,0,,,ipokas wa e= emaka yakka e= kor kus ne menoko e= ewtanne yak easir pirka p ne na.'
4131,True,7,2,6,6,0,,,"sekor kane hawean, a= onaha ki wa,"
4132,True,14,2,13,13,0,,,'a= ye p e= hayta yak sorekus_ arwenmosir a= e= kooterke p ne na.'
4133,True,5,2,4,4,0,,,"sekor a= ona hawean wa,"
4134,True,7,2,6,6,0,,,"ene a= ye hi ka isam kusu,"
4135,True,9,2,8,8,0,,,konto uturu tuymano a= e= nukar kusu san =an.
4136,True,2,2,1,1,0,,,"rapokke konto,"
4137,True,10,2,9,9,0,,,"ney wa ka na a= kor son utar_ nukar hine,"
4138,True,9,2,8,8,0,,,"ney wa ka sorekus_ a= kateomare okkayo ek wa,"
4139,True,9,2,8,8,0,,,"a= kor son utar ona ne kor pa yakne,"
4140,True,8,2,7,7,0,,,"ora sukup hontom ta a= e= uk wa,"
4141,True,14,2,13,13,0,,,"ne aynu e= ewtanne a kor aynu sani e= kor wa e= hoppa wa,"
4142,True,4,2,3,3,0,,,"nea kamuy a= poho,"
4143,True,4,2,3,3,0,,,a= poho hoski ...
4144,True,7,2,6,6,0,,,a= po anakne kamuy or un ...
4145,True,7,2,6,6,0,,,"kamuy or_ ta po ka a= sak,"
4146,True,4,2,3,3,0,,,a= emaka a ...
4147,True,4,2,3,3,0,,,"ipokas wa ne ya,"
4148,True,11,2,10,10,0,,,"nep kar yakka eaykap ne yak ye, a= macihi ki wa,"
4149,True,8,2,7,7,0,,,"a= ekonukosne yakka ora po ka sak wa,"
4150,True,7,2,6,6,0,,,"poeykoytupa =an kamuy or_ ta ki kusu,"
4151,True,10,2,9,9,0,,,"kamuy a= po anak kamuy or un a= uk wa,"
4152,True,5,2,4,4,0,,,kamuy or_ ta a= sikaoykire.
4153,True,10,2,9,9,0,,,a= onaha a= nukare yakne a= onaha ne yakka eyaykopuntek.
4154,True,8,2,7,7,0,,,"nea a= macihi ne yakka po sak kusu,"
4155,True,10,2,9,9,0,,,"a= po arpa yakun sorekusu eoripak ne ya ki yakun,"
4156,True,19,2,18,18,0,,,ora sukup hontom ta a= e= uk wa kamuy or_ ta sonno ukor sino ukor a= ki kus ne.
4157,True,11,2,10,10,0,,,"a= matnepo anak a= hoppa ... e= hoppa wa ne yakne,"
4158,True,12,2,11,11,0,,,sorekus_ aynu mosir ka ta sorekusu e= unuhu siknu hine sikao ...
4159,True,15,2,14,14,0,,,"eun ... e= isam yakun a= erampokiwen kusu tunas e= unuhu ka isam nankor kusu,"
4160,True,14,2,13,13,0,,,okake ta e= hekote nispa e= matnepoho epirka oasi p ne ruwe ne na.
4161,True,6,2,5,5,0,,,"neno e= iki p ne na."""
4162,True,4,2,3,3,0,,,sekor a= hekote nispa.
4163,True,17,2,16,16,0,,,"earkinne kewtum or_ ta a= ruska korka ene a= ye hi ka isam no, orano an =an."
4164,True,13,2,12,12,0,,,"rapokke ney wa ne esoyne aynu humas wa sa ... soyne =an akusu,"
4165,True,7,2,6,6,0,,,"sorekusu kamuy ne kusu koraci an okkaypo,"
4166,True,11,2,10,10,0,,,ikayop takup se kane hine soy ta as h_ine a= ahunte.
4167,True,11,2,10,10,0,,,"kamuy ye wa a= nu p ne a= ahunte hine orano,"
4168,True,15,2,14,14,0,,,"akusu hine mono a kusu orano a= kor son utar ona ne ye pa kor,"
4169,True,7,2,6,6,0,,,"seturuhu wa kotcake wa koterke pa p,"
4170,True,10,2,9,9,0,,,konto nea okkaypo ka neun ramu ka somo ki no
4171,True,10,2,9,9,0,,,a= kor son utar earkinne omap kor orano oka =an.
4172,True,12,2,11,11,0,,,"orano ekimne wa yuk ne ciki kamuy ne ciki nuwe koan wa,"
4173,True,8,2,7,7,0,,,nep a= e rusuy nep a= kor_ rusuy.
4174,True,8,2,7,7,0,,,"a= unu anak a= kor son matkaci kay,"
4175,True,13,2,12,12,0,,,okkayo hekaci teke ani kane wa kotan or peka sinewe kor oka =an.
4176,True,6,2,5,5,0,,,rapokke nea a= poho poro wa
4177,True,13,2,12,12,0,,,"yuk ne ciki kamuy ne ciki onaha turano eawnarura kor oka a p,"
4178,True,6,2,5,5,0,,,konto sihontom wano a= poho isam.
4179,True,20,2,19,19,0,,,hi anak kamuy or un arpa wa ne kuni a= ramu hikeka a= unu ka neun ramu ka somo ki.
4180,True,12,2,11,11,0,,,ne a= hokuhu ka neun ramu ka somo ki no oka =an.
4181,True,5,2,4,4,0,,,orano nea a= matnepoho ...
4182,True,6,2,5,5,0,,,sorekusu rapokke nea okkaypo a= kopokor.
4183,True,8,2,7,7,0,,,okkayo ne ya menoko ne ya a= kopokor.
4184,True,5,2,4,4,0,,,"poronno pokor =an wa sorekusu,"
4185,True,4,2,3,3,0,,,rapokkehe a= unuhu ...
4186,True,14,2,13,13,0,,,"nea hoski a= matnepoho sorekusu ene kar wa keraan hike isam no ki ayne,"
4187,True,6,2,5,5,0,,,"tane kar pe ka e wa,"
4188,True,16,2,15,15,0,,,"nea a= matnepo aynu ewtanne wa sorekusu mippo ka kor siri a= unuhu nukar kor ora,"
4189,True,12,2,11,11,0,,,sine ancikar_ tu ancikar ne kor hinak un i= hoppa hine isam.
4190,True,5,2,4,4,0,,,orano pirka a= osura ki.
4191,True,13,2,12,12,0,,,katkemat a= osura kuni kasu akkari ki ruwe ne hine orano oka =an.
4192,True,6,2,5,5,0,,,orano kotan kor utar ikoytupa pa.
4193,True,11,2,10,10,0,,,"rupne mat utar_ ne yakka a= ipere pa a= ikorpare pa,"
4194,True,8,2,7,7,0,,,"""a= kor pon katkemat an kusu an kusu."""
4195,True,12,2,11,11,0,,,sekor hawoka kor a= i= ukoaynukor a=i=uko... ki kor orano oka =an.
4196,True,9,2,8,8,0,,,a= hekote nispa ne yakka ki kor oka =an.
4197,True,9,2,8,8,0,,,"rapokke ios a= kor hekattar utar ka rupne ora,"
4198,True,7,2,6,6,0,,,ueinkar =an orano ki wa inkar ...
4199,True,6,2,5,5,0,,,"kamuy or un inkar =an kor,"
4200,True,17,2,16,16,0,,,"kamuy or_ ta a= poho sorekus_ ekimne wa yuk ne ciki kamuy ne ciki nuwe koan wa,"
4201,True,5,2,4,4,0,,,a= ekasi utar ere pa.
4202,True,18,2,17,17,0,,,ineapkusun a= poho omap pa wa iki pa ya ka a= eramiskari siri a= nukar kor an =an.
4203,True,14,2,13,13,0,,,"patek a= eyaykosiramsuypa a= poho ne p ne kusu ki kor an =an ayne,"
4204,True,10,2,9,9,0,,,tane ios a= poutari ka rupne wa yayramekotpa hike yayramekote.
4205,True,12,2,11,11,0,,,"menoko utar ka matkaci utar ka ki pa siri a= nukar kor,"
4206,True,8,2,7,7,0,,,"sukup hontom neun arka ka somo ki no,"
4207,True,8,2,7,7,0,,,sukup hontom a=ey ... a= eysam siri anakne
4208,True,10,2,9,9,0,,,"kamuy hoku, a= hokuhu eun arpa =an sinne nankor kusu,"
4209,True,16,2,15,15,0,,,"a= poutari sinrit or un i= nurappa yakka a= uk ka somo ki p ne kusu,"
4210,True,8,2,7,7,0,,,"""nupuri kor kamuy kamuy ekasi a= nomi na."""
4211,True,7,2,6,6,0,,,"sekor haweoka kor kamuynomi pa yak easir,"
4212,True,11,2,10,10,0,,,"a= kor son utar kar pe a= e p ne kusu,"
4213,True,16,2,15,15,0,,,"iteki sinnurappa anak a kamuy ... aynu mosi ... aynu sinrit or un somo ki no,"
4214,True,5,2,4,4,0,,,sucihi nurappa pa yak pirka.
4215,True,11,2,10,10,0,,,asinuma anak iteki sinrit or un i= nurappa pa yak pirka.
4216,True,5,2,4,4,0,,,"sekor hawean =an kor onne,"
4217,True,15,2,14,14,0,,,onne =an kaspa ka somo ki no ray katkemat a= ne kusu a= eysoytak sekor.
4218,True,18,2,17,17,0,,,a= onaha an a= unuhu an a= poroyupi an a= ponyupi an a= saha an h_ine oka =an.
4219,True,12,2,11,11,0,,,"iyotta pon pe a= ne hine oka =an pe ne a p,"
4220,True,5,2,4,4,0,,,"sorekusu a= yuputari ison wa,"
4221,True,13,2,12,12,0,,,"nep a= e rusuy ka nep a= kor_ rusuy ka somo ki no,"
4222,True,18,2,17,17,0,,,a= saha turano ietoko suke ne ya nina ne ya a= saha turano a= ki kor oka =an.
4223,True,12,2,11,11,0,,,"a= yuputari etoko un ki kor oka =an pe ne a p,"
4224,True,6,2,5,5,0,,,konto pon a= yupihi ekuskonna isam.
4225,True,5,2,4,4,0,,,"orano neun a= hunara yakka,"
4226,True,11,2,10,10,0,,,a= utari utar i= tura wa a= hunara yakka a= turaynu.
4227,True,12,2,11,11,0,,,"orano cis a= ki kor oka =an pe ne ruwe ne ayne,"
4228,True,5,2,4,4,0,,,suy konto a= saha isam.
4229,True,10,2,9,9,0,,,"isam orano a= hunara yakka wen kor oka =an wa,"
4230,True,15,2,14,14,0,,,konto ne wa an pe a= onaha ruska wa hene ya apehosi wa patek an.
4231,True,11,2,10,10,0,,,"ora a= unuhu anakne tokap an kor hotke wa an ora,"
4232,True,10,2,9,9,0,,,"kunne an kor hinak un arpa wa anepitta isam ayne,"
4233,True,4,2,3,3,0,,,"ek wa hotke yakun,"
4234,True,9,2,8,8,0,,,"poho ka isam matnepoho ka isam wa ruska wa,"
4235,True,11,2,10,10,0,,,"neun ka onne utar oka uske peka uepeker hene ki kusu,"
4236,True,9,2,8,8,0,,,"soyne sinne kunak patek a= ramu kor an ayne,"
4237,True,8,2,7,7,0,,,"konto a= ramuewen no iki hi kusu ora,"
4238,True,6,2,5,5,0,,,"suy soyne noyne iki hi kusu,"
4239,True,7,2,6,6,0,,,"etokoho a= tusmak hine soyne =an h_ine,"
4240,True,9,2,8,8,0,,,"sem or_ ta nuynak =an h_ine an =an hine,"
4241,True,7,2,6,6,0,,,"soyne hi kusu os hehewpa =an akusu,"
4242,True,10,2,9,9,0,,,"mintar or_ ta arpa hine, ora kotan kes un ..."
4243,True,13,2,12,12,0,,,"konto a= resu cape ne a p oar isam pe ne a p,"
4244,True,8,2,7,7,0,,,"cape ne hine, si poro cape ne hine,"
4245,True,4,2,3,3,0,,,hoyupu siri a= nukar.
4246,True,18,2,17,17,0,,,"""yakun, a= unuhu ka a= saha ka rayke hi a= yupihi ka rayke wa iki hi somo ne?"""
4247,True,4,2,3,3,0,,,"sekor yaynu =an korka,"
4248,True,8,2,7,7,0,,,"ar suy a= nukar pe somo a= ye,"
4249,True,13,2,12,12,0,,,tu suy a= nukar pe somo a= ye p ne yak a= ye.
4250,True,15,2,14,14,0,,,"ne hi ta somo a= ye no suy ioyaancikari suy soyne noyne iki hi kusu,"
4251,True,14,2,13,13,0,,,"konto kasi rari soyne =an h_ine osi inkar =an akus suy cape ne hine,"
4252,True,10,2,9,9,0,,,"suy kotan kes un hoyupu siri a= nukar hine oraun,"
4253,True,11,2,10,10,0,,,"korka somo a= ye no an =an pe ne a p,"
4254,True,9,2,8,8,0,,,suy orano ka suy soyne hi ta osi ...
4255,True,7,2,6,6,0,,,"suy soyne =an h_ine inkar =an akus_,"
4256,True,15,2,14,14,0,,,"suy nea a= resu cape ne a p suy hoyupu siri a= nukar h_i kusu,"
4257,True,6,2,5,5,0,,,"ahun =an h_ine a= yupi eun,"
4258,True,6,2,5,5,0,,,"""tapne kane ne ruwe ne kusu,"
4259,True,6,2,5,5,0,,,"a= yupihi itekike nisatta ekimne no,"
4260,True,6,2,5,5,0,,,"emus hene tasiro hene ruyke wa,"
4261,True,6,2,5,5,0,,,"ani rayke somo ki yak anakne,"
4262,True,14,2,13,13,0,,,"a= yupihi ne yakka a= saha ne yakka a= unuhu ne yakka rayke wa,"
4263,True,12,2,11,11,0,,,"tane pakno a= unuhu ne kunak a= ramu kor oka =an korka,"
4264,True,10,2,9,9,0,,,"a= yupihi ka isam a= saha ka isam wa kusu,"
4265,True,7,2,6,6,0,,,"mismu wa tokap an kor hotke ora,"
4266,True,10,2,9,9,0,,,"kunne an kor sinewe sinne kunak a= ramu a p,"
4267,True,9,2,8,8,0,,,"tane re ancikar a= resu cape ne a p,"
4268,True,6,2,5,5,0,,,"hoyupu siri a= nukar h_i anakne,"
4269,True,7,2,6,6,0,,,"kar irenka ne kuni a= ramu kusu,"
4270,True,9,2,8,8,0,,,"a= yupihi nisatta ne an ciki iteki ekimne no,"
4271,True,8,2,7,7,0,,,"hotke wa an h_i eun rayke yak pirka."""
4272,True,13,2,12,12,0,,,"sekor hawean =an akus_, a= yupihi nep ka somo ye no sietuuyna hine,"
4273,True,5,2,4,4,0,,,"ora oka =an a p,"
4274,True,8,2,7,7,0,,,"kuneywa hopunpa =an akus konto ipe hine orano,"
4275,True,11,2,10,10,0,,,"konto emus ruyke a ruyke a kor an akusu, a= onaha,"
4276,True,13,2,12,12,0,,,"""hemanta ne a= poho ene emus rayke ...ruyke siri ene an h_i an?"""
4277,True,7,2,6,6,0,,,sekor hawean korka asinuma ka mosmano an.
4278,True,10,2,9,9,0,,,"a= yupihi ka mosmano an h_ine ruyke okere h_i ora,"
4279,True,8,2,7,7,0,,,"konto a= onautari ehotkey ta apunno arpa hine,"
4280,True,10,2,9,9,0,,,"set apa maka hine eun rekucihi tuye ruwe ne akus_,"
4281,True,9,2,8,8,0,,,"sorekusu cape haw ki kor hotaktaku ruwe ne akus_,"
4282,True,7,2,6,6,0,,,"a= onaha ""mak a= poho iki siran?"""
4283,True,8,2,7,7,0,,,"sekor hawean akus_ cape haw ki ki akus_,"
4284,True,11,2,10,10,0,,,"ne a= onaha ka hopuni hine ehotkey ta arpa. inkar akusu,"
4285,True,11,2,10,10,0,,,si poro a= resu cape ne a p hotakpatakpa kor an.
4286,True,7,2,6,6,0,,,"hesasi a= osura, a= yupi osura sorekusu,"
4287,True,6,2,5,5,0,,,"""arwen kamuy kor irenka ne wa,"
4288,True,14,2,13,13,0,,,sorekus_ a= akihi ne yakka a= unuhu ne yakka a= saha ne yakka rayke.
4289,True,15,2,14,14,0,,,"oraun aynu ne yaykar wa kamuy kosunke wa an ruwe ne ... ne ruwe ne."""
4290,True,4,2,3,3,0,,,sekor a= yupi hawean.
4291,True,4,2,3,3,0,,,"a= onaha paraparak kor,"
4292,True,13,2,12,12,0,,,"""a= kor katkemat turano an =an humi ne kunak a= ramu a wa,"
4293,True,10,2,9,9,0,,,"ene an wen kamuy a= resu wa a= pirkaresu wa,"
4294,True,8,2,7,7,0,,,"wen kamuy sorekusu wen kamuy yairayke ki wa,"
4295,True,6,2,5,5,0,,,"a= kor_ rupne mat rayke hine,"
4296,True,13,2,12,12,0,,,"oraun e kusu sirkunne kor soyne hi a= eramiskari aan ruwe somo ne."""
4297,True,6,2,5,5,0,,,"sekor a= onaha ka hawean kor,"
4298,True,4,2,3,3,0,,,"konto a= tatatata hine,"
4299,True,6,2,5,5,0,,,konto menokoru etok ta sirouri =an.
4300,True,6,2,5,5,0,,,retar ... kunne toytoy a= osura.
4301,True,4,2,3,3,0,,,retar_ toytoy a= osura.
4302,True,9,2,8,8,0,,,koponci oske ta sorekusu ehorkano toy tum a= omare.
4303,True,6,2,5,5,0,,,"kasi kapke suma a= omare hine,"
4304,True,13,2,12,12,0,,,"sorekusu atteynemosir a= kooterke kuni a= onaha ye kor ki ruwe ne hine,"
4305,True,5,2,4,4,0,,,"ne ancikar wentarap =an akusu,"
4306,True,8,2,7,7,0,,,"nea a= unuhu an h_ine ene hawean h_i."""
4307,True,15,2,14,14,0,,,"""tan a= matnepo e= ne wa itak =an ciki e= nu katu ene an h_i."
4308,True,11,2,10,10,0,,,"eci= i= resu sorekus_ eci= i= pirkaresu p ne a korka,"
4309,True,7,2,6,6,0,,,"konto e= onaha a= kateomare hi kusu,"
4310,True,6,2,5,5,0,,,"konto e= unuhu a= rayke hine,"
4311,True,14,2,13,13,0,,,"kotan kes ta samam ni corpok un a= ninpa wa orano a= e akus_,"
4312,True,11,2,10,10,0,,,"aynu pakno sorekusu kamihi keraan pe isam pe ne an orano,"
4313,True,15,2,14,14,0,,,"a= e ayne kes ancikar arpa =an wa a= e ayne a= okere h_i ora,"
4314,True,5,2,4,4,0,,,e= yupihi suy a= rayke.
4315,True,13,2,12,12,0,,,orano aynu kam a= e hi orano mosma kam a= e ka etoranne.
4316,True,10,2,9,9,0,,,ipe =an ne yakka ... hene ki ka somo ki.
4317,True,7,2,6,6,0,,,"eytasa ki no ki p ne kusu,"
4318,True,10,2,9,9,0,,,"a= poho ka isam wa somo ipe =an sinne kunak,"
4319,True,9,2,8,8,0,,,e= ona ne yakka eci= ramu kor eci= oka.
4320,True,9,2,8,8,0,,,"oraun, neno an iki a= ki p ne kus_,"
4321,True,11,2,10,10,0,,,sirkunne kor arpa =an wa e= unuhu ... e= yupihi ...
4322,True,20,2,19,19,0,,,"e= unu a= e okere h_i ora, e= yupihi kamihi a= e kor an =an ayne, a= okere h_i ora,"
4323,True,11,2,10,10,0,,,"suy e= saha kamihi a= e okere na somo ki hine,"
4324,True,4,2,3,3,0,,,sorekusu kamuy i= koypak.
4325,True,10,2,9,9,0,,,"pak sermaka yupke p isam pe e= ne an wa,"
4326,True,8,2,7,7,0,,,"i= annuaste wa a= i= rayke sinne korka,"
4327,True,7,2,6,6,0,,,"tapne ne hi somo a= ye no,"
4328,True,12,2,11,11,0,,,"wen kamuy ne an =an ka eaykap wa kusu a= ye wa,"
4329,True,7,2,6,6,0,,,"e= yupihi ka wa... retar pone takup,"
4330,True,13,2,12,12,0,,,"samam ni corpok ta humneanta a= rura wa a= ari p ne kusu,"
4331,True,13,2,12,12,0,,,"e= sa anak naa a= e niwkes rapokke a= i= rayke sinne kusu,"
4332,True,11,2,10,10,0,,,"ene kotan or eci= osapte hi ka isam pe ne kusu,"
4333,True,11,2,10,10,0,,,"kasi eci= ohastuye wa, oraun kotan or_ ta suke =an wa,"
4334,True,6,2,5,5,0,,,"aynu uekarpa wa suke =an wa,"
4335,True,16,2,15,15,0,,,"e= yupihi utar_ ne e= unuhu ne yakka e= saha ne yakka e= yupihi ne yakka,"
4336,True,12,2,11,11,0,,,"sinrit mintar opaye kuni somo a= ye no ka eaykap wa kusu,"
4337,True,5,2,4,4,0,,,"a= ye hawe ne kusu,"
4338,True,6,2,5,5,0,,,"neno eci= ki p ne na."""
4339,True,10,2,9,9,0,,,"sekor nea a= unuhu hawean yak a= takar h_ine ora,"
4340,True,4,2,3,3,0,,,"kuneywa an h_i ora,"
4341,True,14,2,13,13,0,,,"a= utari a= siren pa hine paye =an hine inkar =an ruwe ne akus_,"
4342,True,14,2,13,13,0,,,"sonno ka samam ni corpok ta, a= unuhu retar pone takupi situri wa an."
4343,True,9,2,8,8,0,,,a= yupihi ka retar pone takupi situri wa an.
4344,True,10,2,9,9,0,,,"a= sa anakne na a= e niwkes wa an ora,"
4345,True,12,2,11,11,0,,,"ene a= kotanu or a= osapte hi ka isam pe ne kusu,"
4346,True,9,2,8,8,0,,,"kasi a= ohasituypa hine ora konto suke =an wa,"
4347,True,13,2,12,12,0,,,"renka ne p ne kusu kes to kes to suke =an pa wa,"
4348,True,14,2,13,13,0,,,a= unuutari sinrit mintar opaye kuni nispa uekarpa wa ye rok ye rok pa.
4349,True,13,2,12,12,0,,,"""sorekusu somo i= pa yakun sorekusu kotanwente =an kunak a= ramu a p,"
4350,True,11,2,10,10,0,,,"ene kasi kamuy yupke p e= ne kusu a= i= oskoni."""
4351,True,5,2,4,4,0,,,"sekor hawean pe ne kus_,"
4352,True,10,2,9,9,0,,,"""hinak ta e= pak ... a= utarihi a= yupu ..."
4353,True,9,2,8,8,0,,,"a= unuhu utar patek ne wa ki an yakka,"
4354,True,8,2,7,7,0,,,"a= resu p ene kotan wente a yakun,"
4355,True,4,2,3,3,0,,,"makanak haweoka =an kusu?"""
4356,True,4,2,3,3,0,,,"sekor haweoka =an kor,"
4357,True,6,2,5,5,0,,,orano easir a= yupihi ka yayramekote.
4358,True,5,2,4,4,0,,,"asinuma ka yayramekote =an wa,"
4359,True,17,2,16,16,0,,,"a= onaha kor wa okay pe a= yupihi tun a= ne p ne kusu a= ukousaraye wa,"
4360,True,7,2,6,6,0,,,sorekusu pak katkemat isam katkemat a= ne.
4361,True,9,2,8,8,0,,,"a= yupihi ka pakno nispa isam nispa ne orano,"
4362,True,11,2,10,10,0,,,a= ona anakne cis kor patek oka =an. apehosi wa an.
4363,True,6,2,5,5,0,,,"a= ipere kusu a= ye yakka,"
4364,True,10,2,9,9,0,,,"humne somo ipe humne ki kor orano oka =an ayne,"
4365,True,9,2,8,8,0,,,"a= onaha ka i= hoppa wa isam okake ta,"
4366,True,11,2,10,10,0,,,"a= yupihi tura tun a= ne oka =an pe ne kus_,"
4367,True,8,2,7,7,0,,,"sorekusu uekatayrotke =an, a= yupihi turano ki wa,"
4368,True,12,2,11,11,0,,,"pokor =an h_i orano, a= poutari sorekusu humne a= uni ta arki."
4369,True,7,2,6,6,0,,,a= yupi poutari a= uni ta arki.
4370,True,12,2,11,11,0,,,"a= poutari a= yupi oro ta paye wa utura sinot pa wa,"
4371,True,16,2,15,15,0,,,"sorekusu hekat ... tun a= ne korka, poronno pokor =an pa wa, sorekusu i= piskani emomnatara."
4372,True,13,2,12,12,0,,,"oraun a= poutarihi sorekusu rupne pa hike nispa or peka matkor pa wa,"
4373,True,5,2,4,4,0,,,i= koyantone hike i= koyantone.
4374,True,7,2,6,6,0,,,a= matnepo utar ka sinna sinna oka.
4375,True,6,2,5,5,0,,,"a= yupihi matnepoutari ka sinna sinna,"
4376,True,5,2,4,4,0,,,poutari ka sinna sinna oka.
4377,True,16,2,15,15,0,,,"sorekusu pakno nispa a= ne rok ayne tane onne =an_ siri ene an h_i ne kusu,"
4378,True,4,2,3,3,0,,,a= poutari ka yayramekotpa.
4379,True,11,2,10,10,0,,,"mippo kar pe ka a= e pakno siknu =an pa korka,"
4380,True,10,2,9,9,0,,,"tapne kane nea a= resu cape ene an wen puri,"
4381,True,6,2,5,5,0,,,"ene an wen katcam kor wa,"
4382,True,13,2,12,12,0,,,"sorekusu a= wenpakasnu etoko ta, a= unuutari oro ta ari hi ye kuskeraypo,"
4383,True,7,2,6,6,0,,,"a= unuutari sorekusu sinrit mintar opaye kuni,"
4384,True,7,2,6,6,0,,,"a= utari utar_ turano a= ye wa,"
4385,True,10,2,9,9,0,,,a= eramsinne wa onne =an pe ne kusu a= ye.
4386,True,5,2,4,4,0,,,sekor sino katkemat hawean sekor.
4387,True,11,2,10,10,0,,,"Penanpe pis ta san h_ine ciyehe turi a turi a akus,"
4388,True,4,2,3,3,0,,,pon kurmat utar ...
4389,True,13,2,12,12,0,,,"pon kurmat utar eun isatke wa poronno saranpe satke pa h_i kus_ ora,"
4390,True,3,2,2,2,0,,,tunasno ciyehe a=e...
4391,True,13,2,12,12,0,,,"ciye a= etaye hine a= epirka kor an =an akus_ Penanpe san h_ine,"
4392,True,16,2,15,15,0,,,"""a= kor Pananpe i= tura wen kur_ ne wa mak ne hine nispa ne ru an?"""
4393,True,7,2,6,6,0,,,"""tapne kane e= ki pekor a= epaskuma."""
4394,True,9,2,8,8,0,,,"sekor hawean kor soyne h_ine pis ta san h_ine,"
4395,True,11,2,10,10,0,,,"maciya or_ ta san h_ine ciyehe turi a turi a h_ine,"
4396,True,6,2,5,5,0,,,"eun pon kurmat utar isatke akus_,"
4397,True,7,2,6,6,0,,,"ohonno isatke hontom ta ciyehe moymoye yakun,"
4398,True,9,2,8,8,0,,,"""tan  wen kamuy te ta ka ikka a p,"
4399,True,6,2,5,5,0,,,"MATA suy ikka eek sir_ TANA."""
4400,True,7,2,6,6,0,,,"sekor hawean kor ciyehe a= tuypatuypa hine,"
4401,True,7,2,6,6,0,,,tu ray wen ray SITATTE SOOIUYOONA MIZIKAI...
4402,True,10,2,9,9,0,,,"a= unuhu an a= onaha an h_ine oka =an h_ike,"
4403,True,8,2,7,7,0,,,a= ona sorekus pakno nispa isam nispa ne.
4404,True,7,2,6,6,0,,,"pak ison kur isam kur_ ne wa,"
4405,True,15,2,14,14,0,,,nep a= e rusuy ka nep a= kor_ rusuy ka somo ki ayne poro =an.
4406,True,9,2,8,8,0,,,"hi orano a= ona ekimne kuni a= kokopan wa,"
4407,True,16,2,15,15,0,,,"sinen a= ne ekimne =an wa yuk ne ciki kamuy ne ciki nuwe a= koan korka,"
4408,True,6,2,5,5,0,,,"kuca or_ ta arpa =an rusuy,"
4409,True,6,2,5,5,0,,,"kuca or un ki hi kusu,"
4410,True,12,2,11,11,0,,,"kuca or_ ta arpa =an h_ine inawroski =an SITARI ki hine ora,"
4411,True,10,2,9,9,0,,,"ekimne =an ruwe ne akusu, orano konto ekimne =an wa,"
4412,True,5,2,4,4,0,,,"sirpirka hine soyne =an akus_,"
4413,True,7,2,6,6,0,,,orano konto niskur uekarpa. orano upas as.
4414,True,13,2,12,12,0,,,"eun arpa =an h_i ka a= erampewtek no hinak un arpa =an ayne,"
4415,True,9,2,8,8,0,,,"hinak ta hnta a= eokok humi as h_i kusu,"
4416,True,11,2,10,10,0,,,"a= otetterke kor a= pusu hine inkar =an ruwe ne akusu,"
4417,True,10,2,9,9,0,,,"pirka okere pon menoko tane ray kuni neno an h_ine,"
4418,True,7,2,6,6,0,,,"upas tum oma hine a= pa hine,"
4419,True,12,2,11,11,0,,,"orano konto neun arpa =an humi an h_i ka a= erampewtek no,"
4420,True,10,2,9,9,0,,,"kon ... sike ... citarpe sike ki p ne kusu,"
4421,True,5,2,4,4,0,,,"orano konto a= etapkokonnaracinracin h_ine,"
4422,True,9,2,8,8,0,,,hinak un arpa =an akusu hinak un upas tuy.
4423,True,11,2,10,10,0,,,"sorekusu upas poro p ne kusu hinak un arpa =an ayne,"
4424,True,6,2,5,5,0,,,hinak wa rawosma =an. a= eramutuy.
4425,True,15,2,14,14,0,,,nea pon menoko a= ani hine ... hi neno ... no an h_ine rawosma =an.
4426,True,8,2,7,7,0,,,"a= eramutuy hine inkar =an ruwe ne akusu,"
4427,True,11,2,10,10,0,,,"kuca or_ ta saramanto kari turse =an h_i ne an hine,"
4428,True,8,2,7,7,0,,,"ape etok ta turse =an ruwe ne akusu,"
4429,True,8,2,7,7,0,,,"pirka okere okkaypo ay kar kor an h_ine,"
4430,True,13,2,12,12,0,,,"kuca or_ ta turse =an pe ne kus_ earkinne eramutuy ruwe ne hine,"
4431,True,10,2,9,9,0,,,"ora a= ukoonkami kor sorekusu okkaypo nispa i= erampokiwen wa,"
4432,True,10,2,9,9,0,,,"""nep ka kamuy numa hene nep ne yakka pirka kusu,"
4433,True,10,2,9,9,0,,,i= erusa wa i= kore yak pon menoko a= siknure.
4434,True,12,2,11,11,0,,,"upas tum ta a= pa p ne wa ki ruwe ne na."""
4435,True,10,2,9,9,0,,,"sekor hawean =an kor ... hawean =an kor ki akusu,"
4436,True,9,2,8,8,0,,,ramyupkosanu hopuni hine kamuy numa sapte hine i= kore.
4437,True,12,2,11,11,0,,,"oro ta konto nea pon menoko a= atusare hine, rawpeka a= tumam."
4438,True,7,2,6,6,0,,,orano i= erampokiwen ne okkaypo nispa ki.
4439,True,9,2,8,8,0,,,"""ape ari. ape ruyka wa i= kore yak pirka."
4440,True,9,2,8,8,0,,,"nen poka pon menoko a= siknure kus ne kus."""
4441,True,6,2,5,5,0,,,sekor hawean =an kor a= tumam.
4442,True,8,2,7,7,0,,,a= kamtutanure a= tumam orano ki ayne hese.
4443,True,6,2,5,5,0,,,"siknu hine hese hi kusu ora,"
4444,True,12,2,11,11,0,,,hopuni =an h_ine ape sam ta ek =an h_ine mono a =an.
4445,True,6,2,5,5,0,,,"herikasi inkar =an ruwe ne akus_,"
4446,True,14,2,13,13,0,,,"emko cikuy pas or a= kuste emko cipor pe or a= kuste apekor an,"
4447,True,14,2,13,13,0,,,sorekusu poro kamuy nea oro wa rawosma =an saramanto or_ ta an ruwe ne.
4448,True,9,2,8,8,0,,,"sorekusu inkar_ ne wa a= ki p ne korka,"
4449,True,12,2,11,11,0,,,"sorekusu iruska =an korka iruska katun a= ki ka somo ki no,"
4450,True,9,2,8,8,0,,,"nea ay kar kor an okkaypo a= nusuye wa,"
4451,True,8,2,7,7,0,,,"""op kor ciki op nici kar yak pirka."""
4452,True,6,2,5,5,0,,,"a= tasiroho sayaha a= etaye hine,"
4453,True,11,2,10,10,0,,,"nicihi a= kar h_ine a= uhuyka sir_ nukar pe ne kusu,"
4454,True,9,2,8,8,0,,,"konto hopuni hine op sanke hine nici kar h_ine,"
4455,True,8,2,7,7,0,,,hoka eusi hine orano oka =an ruwe ne.
4456,True,9,2,8,8,0,,,"inkar =an ranke inkar =an ranke kor ki ayne,"
4457,True,8,2,7,7,0,,,nea kamuy osirpici hine ape etok ta citursere.
4458,True,6,2,5,5,0,,,eun sorekusu poro paroho a= sirkootke.
4459,True,12,2,11,11,0,,,nea okkaypo ne ya ki. a= kopasrota kor a= rayke ruwe ne.
4460,True,8,2,7,7,0,,,"""nep kusu ene ki hine e= an y_a?"""
4461,True,9,2,8,8,0,,,"sekor hawean =an kor a= kopasrota kor ki hine,"
4462,True,6,2,5,5,0,,,"sorekusu upas poro p ne kus,"
4463,True,7,2,6,6,0,,,"Iskar anak upas poro p ne kusu,"
4464,True,11,2,10,10,0,,,"orowa apa pa un a= ninpaninpa hine a= anu hine orano,"
4465,True,10,2,9,9,0,,,"konto nea pon menoko nea okkaypo eun a= ye hine,"
4466,True,13,2,12,12,0,,,"""nep ka sayo a= kar pe e= kor_ ciki nep i= kore yakne,"
4467,True,10,2,9,9,0,,,"sayokar =an paro a= atte usey hene ki kus ne."""
4468,True,6,2,5,5,0,,,"sekor hawean =an ruwe ne akusu,"
4469,True,7,2,6,6,0,,,"na ponno pirkep i= kore h_i kusu,"
4470,True,15,2,14,14,0,,,"sayo a= kar h_i yayteknata sayokar =an h_ine a= namte hine paro a= atte akusu,"
4471,True,8,2,7,7,0,,,"sampesituri ruwe ne noyne an hine iki ayne,"
4472,True,12,2,11,11,0,,,"a= kar ayne sirpeker kor easir siknu yayraman h_ine, kasi a= seske."
4473,True,8,2,7,7,0,,,"a= kamtutanure a= tumam wa siknu hi ora,"
4474,True,5,2,4,4,0,,,"hopuni =an pe ne kusu,"
4475,True,8,2,7,7,0,,,"esipinpap anak rupus wa okay pe ne kusu,"
4476,True,10,2,9,9,0,,,"citarpe or sorekusu cikemekarpe pirka hike o p ne kusu,"
4477,True,7,2,6,6,0,,,"a= mire hine a= anu hine ora,"
4478,True,11,2,10,10,0,,,"hopuni ruwe ne aku ... hopuni hine … ruwe ne akusu,"
4479,True,3,2,2,2,0,,,"nea okkaypo eun,"
4480,True,9,2,8,8,0,,,"""a= yupihi!"" sekor hawean kor koterke ruwe ne akus_,"
4481,True,8,2,7,7,0,,,"nea okkaypo, ""a= turesi!"" sekor hawean kor ukoterke."
4482,True,11,2,10,10,0,,,"ukoparaparak pa wa sorekusu umuraypa ki pa ruwe ne hine ora,"
4483,True,15,2,14,14,0,,,"""hinak wa a= kor okkaypo nispa ene a= turesi rupus wa pa ruwe ne ya?"""
4484,True,4,2,3,3,0,,,"i= kopisi hi kus_,"
4485,True,14,2,13,13,0,,,"""tapne kane a= kor Iskar emkoho kor_ nispa a= ona ne hine oka =an."
4486,True,10,2,9,9,0,,,"sine ipone p a= ne hine an =an a p,"
4487,True,8,2,7,7,0,,,"iraman... ku... kuca or un arpa =an h_ine,"
4488,True,8,2,7,7,0,,,"sirpirka p ne wa arpatunas =an h_i kusu,"
4489,True,6,2,5,5,0,,,"inawroski =an SITARI ki hine oraun,"
4490,True,15,2,14,14,0,,,orano upas ruy wa sorekusu eun arpa =an humi an h_i ka a= erampewtek no
4491,True,8,2,7,7,0,,,"apkas =an ruwe ne a p, a= eokok."
4492,True,5,2,4,4,0,,,"hemanta a= eokok hi kusu,"
4493,True,12,2,11,11,0,,,"sorekusu upas sirkuttek wa nep a= nukar ka somo ki a p,"
4494,True,6,2,5,5,0,,,"ene pon menoko a= pa wa,"
4495,True,10,2,9,9,0,,,"orano nen poka a= kar wa a= siknure rusuy kus,"
4496,True,4,2,3,3,0,,,ika aynu a= pa.
4497,True,13,2,12,12,0,,,"ene nispa kamuy kor ape etok ta turse =an ruwe ne hine orano,"
4498,True,9,2,8,8,0,,,konto rupus pe ka aynu kam situtanu wa ...
4499,True,17,2,16,16,0,,,"kor rupne wa a=... ape ani ne kor anakne ekot pe ne yak a= ye wa kusu,"
4500,True,12,2,11,11,0,,,"a= kamtutanure ani a= tumam a= siknure ruwe ne korka, yayerampewtek pe."
4501,True,14,2,13,13,0,,,"tapne ne sekor hene okkaypo nispa ka a= kowepekennu ka eaykap pe ne kusu,"
4502,True,12,2,11,11,0,,,somo no ene paro a= osuke wa paro a= otte p yayraman.
4503,True,5,2,4,4,0,,,"hosipi ho ... ne sinne."""
4504,True,15,2,14,14,0,,,"sekor kane hawean =an akus, sorekusu nea okkaypo i= koonkami a i= koonkami a hine,"
4505,True,15,2,14,14,0,,,"ora wentarap =an ruwe ne akusu, hure rek tanne rek rerar kasi seske kane an,"
4506,True,8,2,7,7,0,,,"sorekusu tup a= ukosina apekor an poro aynu,"
4507,True,5,2,4,4,0,,,"kamanata sitomus kane an aynu,"
4508,True,6,2,5,5,0,,,iruska h_aw ani ene hawean h_i.
4509,True,18,2,17,17,0,,,"""tan Iskar emko kor okkaypo nispa e= ne wa itak =an ciki e= nu katu ene an h_i."
4510,True,6,2,5,5,0,,,"ruyanpe kamuy sorekus_ upas kamuy sorekusu,"
4511,True,11,2,10,10,0,,,"nupuri kes un puri wen kur a= ne p ne kusu,"
4512,True,18,2,17,17,0,,,"sorekusu nep wen puri a= kor ka somo ki yakka, aekoentasiste p a= ne ruwe ne a p,"
4513,True,4,2,3,3,0,,,"`ruyanpe kamuy upas kamuy,"
4514,True,14,2,13,13,0,,,"tan Yupet emko kor pon menoko, tap pirka menoko isam, kewtumu tura ki kusu,"
4515,True,14,2,13,13,0,,,ruyanpe kamuy i= turay ...i= epunkine yak a= rayke yak mat ne a= kor.'
4516,True,14,2,13,13,0,,,"sekor hawean =an pe ne kusu, upas ruyanpe sorekusu a= nisuk pe ne kusu,"
4517,True,14,2,13,13,0,,,"ruyanpe ani sorekusu nen ka arpa kuni ramu ka somo ki no an pe,"
4518,True,13,2,12,12,0,,,"a= apkaste wa i= ekari ek yakne a= rayke wa a= e wa,"
4519,True,9,2,8,8,0,,,"ora ramaci a= uk kusu ki hine a p,"
4520,True,16,2,15,15,0,,,"ene i= etok peka e= san wa e= uk wa e= siknure ruwe ne a p,"
4521,True,11,2,10,10,0,,,"tane anak a= i= maketa wa a= i= rayke sinne kus_,"
4522,True,7,2,6,6,0,,,"wen kamuy ne eci= i= kar yakka,"
4523,True,8,2,7,7,0,,,"neun nani eci= epirka ka somo ki kusu,"
4524,True,16,2,15,15,0,,,canan no poka kamuy a= ewtanne a= ki kuni eci= ye wa eci= i= kore wa
4525,True,4,2,3,3,0,,,"kamuyewtanne =an yakun oraun,"
4526,True,11,2,10,10,0,,,sorekus_ a= eci= epunkine yakne nep eci= sitoma ka somo ki.
4527,True,7,2,6,6,0,,,ora eani ka kamuy sasimi e= ne.
4528,True,8,2,7,7,0,,,"tan pon menoko ka kamuy sasimi ne kus,"
4529,True,10,2,9,9,0,,,"eci= ukor atarimaene wa siran pe ne a= nu kusu,"
4530,True,11,2,10,10,0,,,"kamuy renkayne e= pa wa e= siknure hi ne aan kus"""
4531,True,5,2,4,4,0,,,sekor wentarap =an ruwe ne.
4532,True,10,2,9,9,0,,,oraun onkami =an SITARI iruska =an kor konto a= hopunire.
4533,True,6,2,5,5,0,,,"cananno poka sekor_ ne a korka,"
4534,True,13,2,12,12,0,,,"kamuy hopuni kuni okkasike ta a= hopunire ruwe ne akus, ora wentarap =an."
4535,True,6,2,5,5,0,,,"sorekusu asir sapa tuye kane an,"
4536,True,9,2,8,8,0,,,"kamuy kus koraci an kur mina kane an h_ine,"
4537,True,9,2,8,8,0,,,"""ineapkusun sorekus_ cananno poka sekor hawean =an a korka,"
4538,True,11,2,10,10,0,,,"sorekusu eci= ye itak e= kore. e= ye itak pirka kusu,"
4539,True,8,2,7,7,0,,,"tane kamuy, sapane kamuy ne an =an wa,"
4540,True,8,2,7,7,0,,,"sorekusu nep a= esirkirap ka somo ki kus_,"
4541,True,6,2,5,5,0,,,"a= eci= pirkare kus ne na."""
4542,True,7,2,6,6,0,,,"sekor wentarap =an ruwe ne hine ora,"
4543,True,8,2,7,7,0,,,"""nep ka wen puri h_ene a= kor yakka,"
4544,True,9,2,8,8,0,,,"nep ka a= e ka somo ki p kusu,"
4545,True,9,2,8,8,0,,,"upas poro h_i kusu a= kami eci= e yakka,"
4546,True,10,2,9,9,0,,,"neun ani eci= sitoma ka somo ki p ne na."""
4547,True,2,2,1,1,0,,,"sekor kane,"
4548,True,10,2,9,9,0,,,"ora,"" a= urihi anakne a= ninkehe turano eci= eyyok yakne,"
4549,True,7,2,6,6,0,,,"atayehe sorekusu eci= epirka p ne na."""
4550,True,7,2,6,6,0,,,"sekor wentarap =an ruwe ne hine ora,"
4551,True,14,2,13,13,0,,,"konto isimne nea nispa turano a= ri wa a= supa wa a= e SITARI,"
4552,True,7,2,6,6,0,,,konto ninkehe urihi anakne a= se ...
4553,True,6,2,5,5,0,,,"orano nea pon menoko ahup wa,"
4554,True,13,2,12,12,0,,,"cis a cis a kor ki ruwe ne hine ora ahup pa hine,"
4555,True,5,2,4,4,0,,,kuca or_ ta hosipi =an.
4556,True,8,2,7,7,0,,,konto sirpirka p ne kusu hosipi =an h_ine
4557,True,9,2,8,8,0,,,"kuca or_ ta ek =an h_ine, iramante =an hine,"
4558,True,13,2,12,12,0,,,"yuk ne ciki kamuy ne ciki nuwe a= koan h_ine ora, kucasanke =an."
4559,True,6,2,5,5,0,,,"nea kamuy ur a= se hine,"
4560,True,8,2,7,7,0,,,a= se hine kotan or_ ta hosipi =an.
4561,True,13,2,12,12,0,,,"a= ona ""makanak ne anakne? hine a= poho ene upas ne manu p,"
4562,True,7,2,6,6,0,,,"ene ruy siran pe makanak ne wa."""
4563,True,1,2,1,1,0,,,"sekor,"
4564,True,5,2,4,4,0,,,"""a= po a= epotara kus_."""
4565,True,6,2,5,5,0,,,"sekor a= ona hawean wa kus,"
4566,True,15,2,14,14,0,,,"""tapne kane ne ruwe ne wa yaykewkor =an kaspa hene ki ka somo ki korka,"
4567,True,4,2,3,3,0,,,"ki ruwe ne wa,"
4568,True,17,2,16,16,0,,,"hine ora kuca or_ ta hosipi =an h_ine ora yuk ka kamuy ka nuwe a= koan korka,"
4569,True,6,2,5,5,0,,,ene a= se h_i ka isam.
4570,True,16,2,15,15,0,,,"tan ninke, ur, nupuri kes un puri wen kur urihi patek ne yakka a= se kusu,"
4571,True,6,2,5,5,0,,,"orowa a= se wa san =an."""
4572,True,6,2,5,5,0,,,"sekor hawean =an ruwe ne akusu,"
4573,True,12,2,11,11,0,,,a= onaha ikopuntek ka i= kewehomsu ruwe ne hine ora oka =an.
4574,True,11,2,10,10,0,,,"ekimne =an ka somo ki no oka =an ruwe ne akus_,"
4575,True,8,2,7,7,0,,,"sineanta esoyne humas h_ine, a= unu soyene akusu,"
4576,True,10,2,9,9,0,,,"""tu okkaypo pon menoko sinep soy ta poro sike ki."
4577,True,7,2,6,6,0,,,"pon menoko tura ren oka ruwe ne."""
4578,True,4,2,3,3,0,,,"sekor kane hawean kus,"
4579,True,5,2,4,4,0,,,"ahuptere kusu a= ye h_ine,"
4580,True,4,2,3,3,0,,,iyupne utar an h_ine
4581,True,11,2,10,10,0,,,"""kiyanne kur anak Yupet ta ...Yupet un iwor or_ ta iramante."
4582,True,6,2,5,5,0,,,"asinuma poniwne kur a= ne p,"
4583,True,13,2,12,12,0,,,"makanak ne kusu tan Iskar ta ek =an wa ene iramante =an siri,"
4584,True,10,2,9,9,0,,,"kuca a= kar wa ki siri ene an h_i ne."""
4585,True,12,2,11,11,0,,,"sekor ne oro ta rewsi =an okkaypo hawean pe ne a p,"
4586,True,8,2,7,7,0,,,"a= ahuptere kusu a= ye ruwe ne akusu,"
4587,True,10,2,9,9,0,,,"nea okkaypo utar, poniwne okkaypo ... kiyanne hike hoski ahun."
4588,True,4,2,3,3,0,,,poniwne h_ike iyos ahun.
4589,True,9,2,8,8,0,,,"nea pon menoko os ahun hine ahup pa hine,"
4590,True,12,2,11,11,0,,,rok pa ruwe ne wa orano a= erankarap. a= onaha erankarap pa.
4591,True,11,2,10,10,0,,,"""sorekusu a= kor okkaypo nispa an kuskeraypo a= turesi siknu ora,"
4592,True,16,2,15,15,0,,,"a= turesihi sorekusu `makanak an =an wa ene i= siknure ruwe ne ya a= eramiskari kusu,"
4593,True,12,2,11,11,0,,,ne okkaypo ne yak easir_ turano an =an pe ne.' sekor hawean.
4594,True,6,2,5,5,0,,,orano a= kor okkaypo oro ...
4595,True,13,2,12,12,0,,,"oro ta an h_i i= ye p ne kusu arki =an ruwe ne."""
4596,True,9,2,8,8,0,,,sekor kane hawean orano haweoka kor ki ruwe ne.
4597,True,7,2,6,6,0,,,orano a= onaha onkami a onkami a.
4598,True,8,2,7,7,0,,,"asinuma ne yakka ki ruwe ne hine ora,"
4599,True,9,2,8,8,0,,,ne okkaypo utar sorekus_ i= kotoritori pa hine hosippa.
4600,True,9,2,8,8,0,,,"nea menoko hoppa hine hosippa pa ruwe ne hine,"
4601,True,5,2,4,4,0,,,orano a= ewtanne oka =an.
4602,True,14,2,13,13,0,,,sorekusu ineapkusun askay wa iki ya ka yuptek wa iki ya ka a= eramiskari.
4603,True,8,2,7,7,0,,,"sorekusu pak yuptek pe isam pe ne hine,"
4604,True,11,2,10,10,0,,,sirhanke kuni i= epakasnu p ne kusu ora a= tura h_ine
4605,True,12,2,11,11,0,,,"Yupet emko kor_ nispa utar_ ne yak ye pa p ne kus,"
4606,True,8,2,7,7,0,,,"Yupet emko ta paye =an ruwe ne hine,"
4607,True,10,2,9,9,0,,,"kotan kor kur_ ne yak ye pa p ne kusu,"
4608,True,6,2,5,5,0,,,"cise soy ta paye =an akusu,"
4609,True,4,2,3,3,0,,,"nani hoski awosma orano,"
4610,True,9,2,8,8,0,,,"""nea i= siknure okkaypo a= tura wa ek =an."""
4611,True,7,2,6,6,0,,,"sekor onautari eun hawean pe ne kusu,"
4612,True,6,2,5,5,0,,,"sorekus a= i= eyaykopuntek kor orano,"
4613,True,12,2,11,11,0,,,nea cise kor_ nispa ineapkusun pawetok kor hawean y_a ka a= eramiskari.
4614,True,9,2,8,8,0,,,"i= erankarap sorekusu ki pa ruwe ne hine orano,"
4615,True,8,2,7,7,0,,,"konto nea okkaypo utar ka iwak pa orano,"
4616,True,9,2,8,8,0,,,"""a= kor okkaypo nispa an kuskeraypo a= turesi siknu."
4617,True,12,2,11,11,0,,,"aoka orowa a= turesi a= hotanukar kunak a= ramu p, somo ayne,"
4618,True,7,2,6,6,0,,,"a= kor okkaypo nispa apkas sinne yakka,"
4619,True,8,2,7,7,0,,,"sorekusu kamuy renkayne sorekusu kamuy okkaypo sone kusu,"
4620,True,10,2,9,9,0,,,"sorekusu a= turesi siknu wa a= nukar siri ene an."""
4621,True,9,2,8,8,0,,,"sekor haweoka kor ki pa ruwe ne hine orano,"
4622,True,13,2,12,12,0,,,"toritori oka =an rapokke, mat sak no okay pa p ne kusu ora,"
4623,True,5,2,4,4,0,,,"pirka menoko etun pa wa,"
4624,True,4,2,3,3,0,,,kiyanne okkaypo onaha koyantone.
4625,True,9,2,8,8,0,,,"poniwne okkaypo sinna unihi a= kar SITARI ki wa,"
4626,True,11,2,10,10,0,,,"oro ta onaha kor wa okay pe upakno kane usaraypa wa,"
4627,True,10,2,9,9,0,,,usoy ta oka siri a= nukar kor orano arki =an.
4628,True,19,2,18,18,0,,,orano a= uni ta oka =an wa ekimne =an kor yuk ne ciki kamuy ne ciki nuwe a= koan.
4629,True,8,2,7,7,0,,,"a= unu apekes poka otke ka somo ki,"
4630,True,11,2,10,10,0,,,"wakka ne ciki ni ne ciki rura wa ki kor orano,"
4631,True,9,2,8,8,0,,,"oka =an rapokke honkor hine nuwap ruwe ne akus,"
4632,True,4,2,3,3,0,,,"okkayo tennep kor orano,"
4633,True,8,2,7,7,0,,,"""ene a= eykoytupa p iyomap ne rok kusu,"
4634,True,9,2,8,8,0,,,"a= unu ... a= kosmaci okkayo po kor siran."""
4635,True,11,2,10,10,0,,,sekor a= unuutari hawoka kor eyaykopuntek pa kor orano oka =an.
4636,True,12,2,11,11,0,,,"nep a= e rusuy nep a= kor_ rusuy somo ki korka ora,"
4637,True,8,2,7,7,0,,,"weyyuk at wa isitoma =an pe ne korka,"
4638,True,11,2,10,10,0,,,"Yupet emko un arparusuy =an kor sinen ne arpa =an SITARI,"
4639,True,12,2,11,11,0,,,konto pakkay =an wa utura =an wa Yupet ta paye =an SITARI.
4640,True,11,2,10,10,0,,,a= yuputari sine irwak a= ne p ne kusu i= kosinewpa.
4641,True,6,2,5,5,0,,,"irwak sinne sorekusu ikipa =an kor,"
4642,True,10,2,9,9,0,,,"sorekusu oka =an rapokkehe onne utar onne p ne kusu,"
4643,True,9,2,8,8,0,,,esipinpap a= macihi kar wa onautari kasi a= ose.
4644,True,12,2,11,11,0,,,"unu utar ka unuhu kasi a= ose kor orano oka =an kor,"
4645,True,10,2,9,9,0,,,arpa =an kor ekari no ne pekor onne kur isam.
4646,True,9,2,8,8,0,,,"ora hosipi =an wa suy iyoyapake arpa =an kor,"
4647,True,6,2,5,5,0,,,"ona rupnemat kamuy isam a yakka,"
4648,True,6,2,5,5,0,,,sorekusu a= yuputari ne yakka posiresitte.
4649,True,7,2,6,6,0,,,aoka ne yakka posiresitte =an pe ne.
4650,True,11,2,10,10,0,,,"a= poutari rupne pa h_i orano ukoapkas pa sorekusu ki wa,"
4651,True,11,2,10,10,0,,,"a= yuputari ka i= koapkas pa wa ki kor arki kor,"
4652,True,7,2,6,6,0,,,"poutari tane rupne pa p ne kusu,"
4653,True,5,2,4,4,0,,,toritori ka ohonno oka SITARI
4654,True,8,2,7,7,0,,,arpa =an kor_ neno utaspa uneno ukar =an.
4655,True,8,2,7,7,0,,,"rapok a= onautari ka isam pa okake ta,"
4656,True,8,2,7,7,0,,,"sorekus_ pakno nispa isam nispa a= ne wa,"
4657,True,15,2,14,14,0,,,"nep a= e rusuy ka nep a= kor_ rusuy ka somo ki no ki ayne,"
4658,True,9,2,8,8,0,,,"tane onne =an siri ene an h_i ne kusu,"
4659,True,12,2,11,11,0,,,"ora nupuri kes un puri wen kur a= nomi p ne kusu,"
4660,True,7,2,6,6,0,,,i= sermakus wa ne kuni a= ramu.
4661,True,15,2,14,14,0,,,"nep a= sitoma ka nep a= kor_ rusuy ka somo ki no oka =an ayne,"
4662,True,11,2,10,10,0,,,tane onne =an siri ene an h_i ne kus_ a= eysoytak.
4663,True,5,2,4,4,0,,,sekor sino nispa hawean sekor.
4664,True,3,2,2,2,0,,,OOCOOBA KOCOOBA KA?
4665,True,7,2,6,6,0,,,"poro compa, pon compa TTE ITTARA YAPPASI"
4666,True,14,2,13,13,0,,,"MUKASI WA SOOIU、 poro compa pon compa SONO COOBA YARU HITORA wen w_a ani,"
4667,True,6,2,5,5,0,,,"sorekusu yaywennukar aynu utar ki SITE,"
4668,True,11,2,10,10,0,,,"nep ka puma ka a= kore pa ka somo ki no,"
4669,True,8,2,7,7,0,,,"a= eywanke pa onne pakno ki pa SITE,"
4670,False,11,2,10,8,2,ja,"NO HITO || HITO TTEIU,","konto Iskar NO HITO TTEIU, SOREKARA SONO ekasi GA KODOMORA OITE,"
4671,False,9,2,8,7,1,ja,MO SINAIDE,"SOSITE CIKAWARETE NANMO a= kore MO SINAIDE hosipi SITE,"
4672,True,10,2,9,9,0,,,"ku= poutari MUSUKORA ITANO WAKARARETARA MATA KURUBE TTE ITTEIRU UCINI,"
4673,True,9,2,8,8,0,,,"SONO MATA KITE, SONO MUSUKORA CIRERARETE ITTA TOKI NI,"
4674,True,14,2,13,13,0,,,"SONO konto NANI hapo utar e kor oka. mici utar e kor oka TTE,"
4675,True,8,2,7,7,0,,,"yaynu pa SITE cep sinep eikka pa SITE,"
4676,True,6,2,5,5,0,,,"kunne mu... kor wa paye SITE,"
4677,True,11,2,10,10,0,,,"umma ATOSA ere SIRU CIMORIDE SOOYATTE eikka pa SITANO OBOERARETE, konto,"
4678,True,9,2,8,8,0,,,"ATOSA KORARERUKA SIRAN TTE, SONO ekasi WA SOO ITTE,"
4679,True,9,2,8,8,0,,,"ku= po utar, ""a= i= rayke kusu ne yakun,"
4680,True,11,2,10,10,0,,,"MINNA IPPENNI mici ATO TOMO ray =an SITA HOO II"" TTE,"
4681,True,6,2,5,5,0,,,"KODOMO ATO WA po ATO IUNONI,"
4682,False,8,2,7,5,2,hi,NAIBA DAMEDA || DAMEDA TTE,"santekehe NAIBA DAMEDA TTE SONO mici ATO ITTE,"
4683,True,10,2,9,9,0,,,"konto IMOOTO, matakihi turano ren ne SITE kira pa SITE"
4684,True,6,2,5,5,0,,,"COTTO mun tum ta paye SITAKE,"
4685,True,13,2,12,12,0,,,SUGU SONO unuhu ATO pewtanke ne ya humse ne ya ki pa SITE
4686,True,12,2,11,11,0,,,"MOO a= ronnu SITATTE yaynu pa kor orano kira wa payeoka ayne,"
4687,True,9,2,8,8,0,,,"hinak ta paye pa pet etok ta ki akusu,"
4688,True,13,2,12,12,0,,,"sorekusu kamuy ek … arki siri ne ruwe ne kuni ramu pa SITE,"
4689,True,6,2,5,5,0,,,"oro ta inaw roski pa SITE,"
4690,True,6,2,5,5,0,,,"""tapne ne wa Iskar wa kira,"
4691,True,13,2,12,12,0,,,"Iskar hontomo wa kira =an wa arki =an ruwe ne. kamuy i= epunkine."""
4692,True,6,2,5,5,0,,,TTE haweoka =an kor inawroski =an.
4693,True,9,2,8,8,0,,,"oro ta rewsi =an h_ine ora konto kuneywa konto,"
4694,True,12,2,11,11,0,,,"""a= opitta paye =an ora nen kane a= i= ronnu SITARA KOMARU."""
4695,True,12,2,11,11,0,,,"sekor yaynu =an kusu, a= matakihi ne to ... to sam ta,"
4696,True,10,2,9,9,0,,,"to kor kamuy eun a= ye wa a= hoppa hine,"
4697,True,14,2,13,13,0,,,"pet pes sap =an akus_, inne kotan an h_ine oro ta paye =an h_ine,"
4698,True,11,2,10,10,0,,,"ahup =an a ... a= i= ahupte hine ahup =an akus,"
4699,True,9,2,8,8,0,,,"Tokapci emkoho ne yak a= ye hine … sorekusu,"
4700,True,13,2,12,12,0,,,"eytasa SONO nispa MO ahup =an SITAKARATTE eyaykopuntek MO i= erampokiwen MO SINAIDE,"
4701,True,16,2,15,15,0,,,"konto po ATO onuman, tu po kor wa sine matnepo kor wa an. iwak pa akus_,"
4702,True,14,2,13,13,0,,,"""nisatta Tokapci putu un a= rura pa, KAYSHO or un ki pa yak pirka."""
4703,True,13,2,12,12,0,,,"sekor_ ne akusu ne... a= i= ipere anak pirkano a= i= ipere korka,"
4704,True,16,2,15,15,0,,,"ora konto kuneywa cip ani a= i= rura hine, KAYSHO or_ ta a= i= rura yakun,"
4705,True,18,2,17,17,0,,,"atayehe, aynu eyyok pa wa ataye uyna wa okay pa p ne rok wa an sinne noyne iki."
4706,True,17,2,16,16,0,,,sisam or_ ta oka =an pe ne kus sisamcarkor =an pa p ne kus ki ruwe ne.
4707,True,7,2,6,6,0,,,sekor_ ne kor konto MESITAKI okkaypo isoytak.
4708,True,15,2,14,14,0,,,"Tokapci emko kor utar aynu eyyok pa wa ataye uyna pa pe ne a p,"
4709,True,8,2,7,7,0,,,suy tu okkaypo rura pa hine sap pa.
4710,True,14,2,13,13,0,,,"sikpuye a= nukar akusu pirka okkaypo utar ne ya a= erampokiwen pa hi kusu,"
4711,True,15,2,14,14,0,,,"konto hankeno MUSIRO a= mire pa hine a= ipere pa hine ora a= hotkere korka,"
4712,True,8,2,7,7,0,,,"a= kirare rusuy kusu ... pa rusuy kusu,"
4713,True,12,2,11,11,0,,,"konto suke =an w_a amam poronno a= supa wa a= taktaku wa,"
4714,True,7,2,6,6,0,,,a= sere pa hine a= kirare pa.
4715,True,10,2,9,9,0,,,"""iteki iteki pet cicay peka payeoka wa … yak pirka."
4716,True,14,2,13,13,0,,,"mun tum peka paye pa wa ruwehe a= eraman yak kese a= anpa kusu."""
4717,True,13,2,12,12,0,,,sekor a= ye pa kor a= kirare pa hine ora konto suke =an.
4718,True,14,2,13,13,0,,,"konto kuneywa sorekusu suke ussiw ne an =an okkaypo a= ne p ne kusu,"
4719,False,12,2,11,10,1,haw,hem hem,"suke =an akus_ ... hem hem ki kusu, poro compa ek h_ine,"
4720,True,7,2,6,6,0,,,"""nerok aynu utar mak iki?"" sekor hawean."
4721,True,12,2,11,11,0,,,"""oka ruwe ne kunak a= ramu a p."" sekor hawean =an akusu,"
4722,True,6,2,5,5,0,,,"""isam pa ruwe ne."" sekor y_e,"
4723,True,8,2,7,7,0,,,"""yakun kese a= anpa p ne."" sekor haweoka."
4724,True,17,2,16,16,0,,,"orano konto suke =an pe ne kusu, su pop kor ape a= oyayetaye wa a= uska wa,"
4725,True,8,2,7,7,0,,,"suy ape a= ari ranke iki =an ayne,"
4726,True,13,2,12,12,0,,,"kira wa tuymano paye kuni a= ramu hi orano easir suke =an wa,"
4727,True,14,2,13,13,0,,,"konto cuwan a= kar SITARI ki wa a= se. cip or a= o wa,"
4728,True,15,2,14,14,0,,,"konto pon kampi poro ... poro kampi turano cip or a= o, orano rariw =an."
4729,True,13,2,12,12,0,,,"""esinki"" sekor hawean =an kor oyakoyak ta yan =an wa sini =an kor,"
4730,False,6,2,5,4,1,hi,hempara hempara,"hempara hempara sikopayeoka kor ki ayne,"
4731,True,12,2,11,11,0,,,"Tokapci emko ta paye =an a p hoyupu wa paye pa hine,"
4732,True,16,2,15,15,0,,,"ne Tokapci emko kor okkaypo utar ka oka wa oka hine cipo hine paye =an hine,"
4733,True,8,2,7,7,0,,,"Tokapci etoko ta paye =an ruwe ne hine,"
4734,True,14,2,13,13,0,,,"situ kari … cip a= yanke hine situ kari hemespa =an ruwe ne akusu,"
4735,True,9,2,8,8,0,,,aynu rewsi wa okay pe ne a noyne siran.
4736,True,11,2,10,10,0,,,to piskan ta inaw ka a= roski wa oka ruwe ne.
4737,True,20,2,19,19,0,,,"ora hinak un paye pa isam okake an ... oka ruwe ne a kuni a= ramu p ne kusu konto,"
4738,True,13,2,12,12,0,,,"""te ta sini =an wa ipe =an oraun ka a= hunara kusu ne."
4739,True,10,2,9,9,0,,,"inne =an pe ki kusu ne."" sekor hawean =an akusu,"
4740,True,15,2,14,14,0,,,orano konto paye pa rusuy pa yakka ki hine rok pa hine ipe =an pa.
4741,True,18,2,17,17,0,,,"orano pinuno kane kamuy ne manu p a= ye kor, sorekusu ki kor ki ayne ipe oka ne."
4742,True,15,2,14,14,0,,,"""hetak hetak kira pa p a= hunara kusu ne."" sekor hawean =an kor ki akus_,"
4743,True,12,2,11,11,0,,,"hopunpa pa akusu, konto osoroho toykotuk pa hine hopunpa pa ka eaykap."
4744,True,3,2,2,2,0,,,orano a= kopasrotatpa.
4745,True,10,2,9,9,0,,,"wen_ sampe kor pa wen kewtum kor pa wa kusu,"
4746,True,11,2,10,10,0,,,"kamuy koypak pa ne hi ne a= ye kor ki p,"
4747,True,8,2,7,7,0,,,"a= tasiro ani a= otoykomespa pa hine konto,"
4748,True,15,2,14,14,0,,,"ine … tu sisam tu aynu a= tuskote wa orano situ pes a= ninpaninpa wa,"
4749,True,13,2,12,12,0,,,san =an hine cip or a= o h_ine orano a= kusa. a= kopasrotatpa.
4750,True,5,2,4,4,0,,,"""sorekus_ wen_ sampe kor pa."
4751,True,9,2,8,8,0,,,"uneno aynu hunna ene iki pa h_i ne wa,"
4752,True,7,2,6,6,0,,,"ene okkaypo utar inunukas ene eyyok pa."""
4753,True,7,2,6,6,0,,,"sekor hawean =an kor a= kopasrotatpa kor,"
4754,True,11,2,10,10,0,,,"kor pa petaru or_ ta ne aynu utar a= osurpa hine,"
4755,True,8,2,7,7,0,,,orano sap =an h_ine Iskar putu ta ...
4756,True,10,2,9,9,0,,,"Tokapci putu ta KAYSHO pa ta cip a= yanke hine,"
4757,True,12,2,11,11,0,,,"orano kamuy tono oro ta arpa =an wa, a= tasiro a= etaye."
4758,True,7,2,6,6,0,,,"""nep kusu ene sorekusu sisam wen wa,"
4759,True,12,2,11,11,0,,,"sorekusu kampi utar, sorekusu pon kampi poro kampi utar ki pa wa,"
4760,True,15,2,14,14,0,,,"aynu eperay pa wa ki hine ne ya an wa pirka p ray ne yakne,"
4761,True,16,2,15,15,0,,,"sorekusu kamuy tono kor maciya sinen aynu sine okkayo a= ne yakka a= wente kusu ne."""
4762,True,12,2,11,11,0,,,"sekor hawean =an kor ki ruwe ne kor kamuy tono teksikewkaunuunu kor,"
4763,True,9,2,8,8,0,,,"""asinuma anakne a= eykosi wa an pe ne kusu,"
4764,True,13,2,12,12,0,,,"neun ne ya ka a= eramiskari no an =an pe ne a p,"
4765,True,9,2,8,8,0,,,"a= kor pon ottena neno hawean haw ne yakun,"
4766,True,6,2,5,5,0,,,"asinuma anak a= eramiskari p ne."""
4767,True,12,2,11,11,0,,,"sekor kamuy tono hawean h_i ora kaysio or_ ta arpa =an orano,"
4768,True,6,2,5,5,0,,,"pon kampi utar pon tunci utar,"
4769,True,12,2,11,11,0,,,"sorekusu poro kampi poro tunci cip or_ ta oka ruwe ne kusu,"
4770,True,6,2,5,5,0,,,"""hokure hokure nukar pa yak pirka."
4771,True,6,2,5,5,0,,,"an w_a ray pe ne yakun,"
4772,True,13,2,12,12,0,,,"unu kor ona kor yakun mat kor yakun ipere rusuy pe ne hike,"
4773,True,18,2,17,17,0,,,"nep ka ere pa ka somo ki. puma ka korpare ka somo ki no aynu eperay pa wa."""
4774,True,5,2,4,4,0,,,sekor hawean =an kor ki.
4775,True,16,2,15,15,0,,,"""te wano neno iki pa yakun, neno iki pa p anak opitta a= ronnu p ne."""
4776,True,8,2,7,7,0,,,"sekor hawean =an kor ki ruwe ne akusu,"
4777,True,15,2,14,14,0,,,"""a= eywanke wa oka sisam ne ya aynu ne ya a= kor okkaypo iyairaykere iyairaykere."""
4778,True,11,2,10,10,0,,,"sekor haweoka kor orano wen no a= eramuokay pa p anakne,"
4779,True,15,2,14,14,0,,,"sorekusu po neno kane a= kopasrota a= kikkik pa kor ki hine ora nani konto,"
4780,True,14,2,13,13,0,,,"""Iskar putu un cip ani a= i= rura yak pirka pirka."" sekor hawean =an."
4781,True,16,2,15,15,0,,,orano cip ani Iskar putu ta a= i= rura h_ine kamuy tono or_ ta awosma =an.
4782,True,8,2,7,7,0,,,"""an wa ray. pirka p ray ne yakun,"
4783,True,12,2,11,11,0,,,"kamuy tono hoski a= rayke yak, tono maciya a= wente kusu ne."""
4784,True,12,2,11,11,0,,,"sekor hawean =an kor orano horipiripi =an pe ne kusu, kamuy tono,"
4785,True,8,2,7,7,0,,,"""sorekusu asinuma anak a= eykosi p ne kusu,"
4786,True,11,2,10,10,0,,,"ratcitara siran wa ne ruwe ne kunak a= ramu a p,"
4787,True,15,2,14,14,0,,,"mat kor yakun macihi ipere. unu kor yakun ona kor yakun ipere p ne hike,"
4788,True,16,2,15,15,0,,,"nep kusu sorekusu nep ka ataye a= korpare pa ka somo ki no ki pa wa,"
4789,True,8,2,7,7,0,,,"oraun sorekusu aynu ronnu pa wa parkoat pa,"
4790,True,14,2,13,13,0,,,"sorekusu Tokapci putu kor compa utar_ ne yakka sorekusu ki ruwe ne kusu ki."""
4791,True,8,2,7,7,0,,,"sekor hawean kusu kamuy tono sietuuyna siparuyna kor,"
4792,True,14,2,13,13,0,,,"orano konto kayso or_ ta arpa =an orano siporapora =an aan pe ne kusu,"
4793,True,12,2,11,11,0,,,"""te wano anakne somo neno an sirki an pe ne ruwe ne."""
4794,True,8,2,7,7,0,,,sekor haweas ruwe ne hine ora hosipi =an.
4795,True,11,2,10,10,0,,,"orowano konto sisam puri an wa sorekusu sisam puri an wa,"
4796,True,13,2,12,12,0,,,"konto sisam ka aynu ka ne hi pakno anakne paha ka erampewtek wa,"
4797,True,8,2,7,7,0,,,"sorekusu ki pa no okay pe ne p,"
4798,True,10,2,9,9,0,,,orano easir sisam puri an w_a sorekusu paha ka eramuoka.
4799,True,7,2,6,6,0,,,asinuma ka a= paha ka a= eramuan.
4800,True,13,2,12,12,0,,,"ora konto Tokapci putu kor_ nispa tono po ka sak pe ne kus_,"
4801,True,17,2,16,16,0,,,"oro ta po ne an =an wa, konto kamuy tono poho ne an =an pe ne wa,"
4802,True,15,2,14,14,0,,,"kamuy tono neno kane a= i= kar wa, sorekusu kamuy tono sipine a= ki wa,"
4803,True,7,2,6,6,0,,,sorekusu nep a= esirkirap ka somo ki.
4804,True,10,2,9,9,0,,,orano easir Tokapci putu ka Iskar putuhu ka sisam ratci.
4805,True,19,2,18,18,0,,,"orano easir sisam puri an pe ne kus_, etarka sirki ka somo ki no ki wa ka ... akusu,"
4806,True,15,2,14,14,0,,,an =an kuskeraypo sisam puri an hi ne sekor a= i= ye kor sorekusu ki.
4807,True,11,2,10,10,0,,,"ora kuneywa tunasno hopuni =an wa maciya epitta apkas =an wa,"
4808,True,12,2,11,11,0,,,"apunno oka ya inkar =an pe i= sitoma pa p ne kusu,"
4809,True,12,2,11,11,0,,,"orano neno puri wen rok pa p ka konto i= nukar kor,"
4810,True,9,2,8,8,0,,,"orano i= kohepenpenu pa kor orano an =an wa,"
4811,True,10,2,9,9,0,,,sorekusu sisam mat a= kor. posiresitte =an. kamuy tono eyaykopuntek.
4812,True,6,2,5,5,0,,,"""a= kor pon ottena an kuskeraypo."""
4813,True,9,2,8,8,0,,,"sekor a= kor kamuy tono hawean kor ki kusu,"
4814,True,13,2,12,12,0,,,"ne ene iki wa an pe a= ne hi ka a= erampewtek no,"
4815,True,19,2,18,18,0,,,"pon =an h_i wano tono or peka iki =an wa, sisam itak a= easkay. samcarkor =an pe ne kus,"
4816,True,14,2,13,13,0,,,"sorekusu sisam itak ne ya aynu itak ne ya a= easkay pe ne kusu,"
4817,True,8,2,7,7,0,,,kamuy tono or_ ta sorekusu a= i= ukoaynukor.
4818,True,12,2,11,11,0,,,sorekus_ kamuy tono teeta kamuy tono akkari asuras tono a= ne wa
4819,True,7,2,6,6,0,,,"posiresitte. a= poutari etakasure pirka pa wa,"
4820,True,16,2,15,15,0,,,"sorekusu nep a= e rusuy ka nep a= kor_ rusuy ka somo ki no ki ayne,"
4821,True,6,2,5,5,0,,,tane kamuy tono ka a= pirkakuronnere.
4822,True,11,2,10,10,0,,,"asinuma ka tane a= poutari rupne wa sisam kurmat ne ya,"
4823,True,8,2,7,7,0,,,"tono ne ya ewtanne pa, sorekusu ki wa,"
4824,True,10,2,9,9,0,,,"orano easir Iskar putuhu Tokapci putu sinratci pe ne kusu,"
4825,True,5,2,4,4,0,,,sorekusu a= ye isoytak sekor
4826,True,6,2,5,5,0,,,"kamuy tono an hine siran akusu,"
4827,True,9,2,8,8,0,,,kamuy tono oro ta asinkaro utar a= eywanke yakka
4828,True,8,2,7,7,0,,,"atayehe ka a= korpare ka somo ki wa,"
4829,True,11,2,10,10,0,,,"cup pisno atayehe a= i= kore yak ani ipe =an pe,"
4830,True,11,2,10,10,0,,,"ataye ka a= i= kore ka somo ki p ne kusu,"
4831,True,8,2,7,7,0,,,earkinne ikoytupa =an pa hi kusu uptoomaptane kusu
4832,True,17,2,16,16,0,,,"ani OCA a= ku CAWAN sinep NAGASI corpok ta a= nuyna hine a= anu a p orano,"
4833,True,7,2,6,6,0,,,"""mak ne hine nea CAWAN isam isam?"""
4834,True,2,2,1,1,0,,,sekor hawas.
4835,True,5,2,4,4,0,,,"sekor hawas eytasa ki korka,"
4836,True,12,2,11,11,0,,,"a= sanke ka somo ki no a= nu ayne a= sanke akusu,"
4837,True,4,2,3,3,0,,,earkinne kamuy tono eyaykopuntek.
4838,True,9,2,8,8,0,,,"""a= kor asinkaro hinak wa a= sanke wa siran."
4839,True,11,2,10,10,0,,,"kamuy koraci ne wa kusu ney wa ka sanke sinne nankor."""
4840,True,10,2,9,9,0,,,"sekor hawean h_i orano kamuy tono ki p ne kusu,"
4841,True,8,2,7,7,0,,,"konto asuruhu tuyma h_i un asuru as h_ine,"
4842,True,6,2,5,5,0,,,"asinkaro sorekusu pirka asinkaro ne kusu,"
4843,True,14,2,13,13,0,,,"tap neno OCA a= ku KOPPU sanke sinne kusu sekor_ ne p ne kusu,"
4844,True,4,2,3,3,0,,,"konto tuyma hi wa,"
4845,True,11,2,10,10,0,,,"""makanak ne wa tuyma h_i un kamuy tono matnepoho siyeye wa,"
4846,True,11,2,10,10,0,,,"tane ray noyne an ruwe ne wa, motoho a= nu rusuy."""
4847,True,11,2,10,10,0,,,"sekor kane hawas ruwe ne yak a= ye hine, orano konto,"
4848,True,14,2,13,13,0,,,"""nep ka tusu hene nep ka nupur hene a= ki ka somo ki p,"
4849,True,11,2,10,10,0,,,"hemanta ne p ene hawas h_i an?"" sekor yaynu =an kus,"
4850,True,10,2,9,9,0,,,"konto asinkaro tup a= se hine ren a= ne orano,"
4851,True,10,2,9,9,0,,,"rewsi =an ranke rewsi =an ranke kor paye =an ayne,"
4852,True,12,2,11,11,0,,,"hinak ta maciya an h_ine oro ta paye =an akus_, YATOYA an."
4853,True,9,2,8,8,0,,,"earkinne wen, ne eyantone usi o cise an hine,"
4854,True,6,2,5,5,0,,,oro ta oyakoyak ta yayeyantoetun =an.
4855,True,8,2,7,7,0,,,"""a= i= rewsire ya?"" sekor haweoka =an y_akka,"
4856,True,10,2,9,9,0,,,"""earkinne tono at wa e= rewsi usi isam ruwe ne."""
4857,True,8,2,7,7,0,,,"sekor hawas kor, a= i= emakpa pa hine,"
4858,True,5,2,4,4,0,,,"hinak ta paye =an akusu,"
4859,True,6,2,5,5,0,,,"wen okere rewsi YADOYA an hine,"
4860,True,12,2,11,11,0,,,"oro ta yayeyantoetun =an akusu, a= i= rewsire kunak a= ye h_ine,"
4861,True,13,2,12,12,0,,,"oro ta CASIKI or_ ta paye =an h_ine rewsi =an ruwe ne akusu,"
4862,True,11,2,10,10,0,,,"onuman an akusu cise kor_ tono kampi kor hine ek h_ine,"
4863,True,4,2,3,3,0,,,a= rehe TANO nuye.
4864,True,7,2,6,6,0,,,"a= tura asinkaro utar_ TANO nuye hine,"
4865,True,11,2,10,10,0,,,""" ""hinak un paye =an?"" sekor kane i= kowepekennu hi kusu,"
4866,True,11,2,10,10,0,,,"""tan te wano paye =an kor a= kosirepa, maciya or un,"
4867,True,15,2,14,14,0,,,"kamuy tono matnepoho siyeye wa a= i= eteskar wa an h_ine paye =an h_i ne."""
4868,True,4,2,3,3,0,,,"sekor hawean =an akusu,"
4869,True,16,2,15,15,0,,,"""hawe ne yakun sorekusu teeta sorekusu INARI SAN a= onaha macittaro hine an pe a p,"
4870,True,12,2,11,11,0,,,"konto a= onaha ray akusu orano … a= ona ray akusu orano,"
4871,True,8,2,7,7,0,,,"mak ne wa ne ya OKIYAKU rewsi yakka,"
4872,True,19,2,18,18,0,,,"icen a= uk yakka ne icen utar ne ene ne wa isam hi ka a= erampewtek wa isam w_a,"
4873,True,13,2,12,12,0,,,"sorekusu tap neno a= ne wenkur a= ne oasi siri an h_i kusu,"
4874,True,6,2,5,5,0,,,"ottena sorekus_ ottena nen ka asinkaro,"
4875,True,10,2,9,9,0,,,"sorekusu i= or_ ta ka OGANDE i= kore yak pirka."""
4876,True,4,2,3,3,0,,,"sekor kane hawean kus,"
4877,True,7,2,6,6,0,,,"ene a= ramu hi ka isam korka,"
4878,True,12,2,11,11,0,,,"""tan ukuran sinki =an kusu nisatta motoho a= ye kusu ne wa."""
4879,True,9,2,8,8,0,,,"sekor hawean =an kor rewsi =an ruwe ne hine,"
4880,True,7,2,6,6,0,,,"ne ancikar wentarap =an ruwe ne akus,"
4881,True,5,2,4,4,0,,,"katu wen w_a okere okkaypo,"
4882,True,16,2,15,15,0,,,""" ""tan"" asinkaro e= ne wa itak =an ciki e= nu katu anak ene an h_i."
4883,True,14,2,13,13,0,,,"teeta tan YADOYANO kamuy tono sorekusu pak kewtum pirka p isam pe ne wa,"
4884,True,12,2,11,11,0,,,"i= macittaro wa a= pirkare kor oka =an pe ne a p,"
4885,True,6,2,5,5,0,,,"konto kamuy tono ray akusu orano,"
4886,True,8,2,7,7,0,,,"konto a= i= macittaro ka somo ki no,"
4887,True,9,2,8,8,0,,,"konto a= unihi ka horak wa an wa orano,"
4888,True,8,2,7,7,0,,,"iruska= an kusu konto OKIYAKU rewsi pa wa,"
4889,True,8,2,7,7,0,,,"icen a= ari kor opokin a= uk wa,"
4890,True,10,2,9,9,0,,,"konam tum a= omare wa sorekusu okay pe ne kusu,"
4891,True,6,2,5,5,0,,,ene ikoytupa pa ka okake ...
4892,True,11,2,10,10,0,,,"kamuy tono okake ta ipone kamuy tono ki ruwe ne kusu,"
4893,True,6,2,5,5,0,,,"nisatta an ciki e= ye wa,"
4894,True,15,2,14,14,0,,,"nea a= kor … a= unihi asinno a= kar wa sorekusu a= i= macittaro wa,"
4895,True,19,2,18,18,0,,,"sorekusu INARI a= ne p ne kusu, INARI KOHAN ne ya a= i= macittaro ani ki p ne akusu,"
4896,True,7,2,6,6,0,,,ki yakne sorekusu konto a= e= pirkare.
4897,True,12,2,11,11,0,,,"tan cise kor kamuy tono ne yakka a= pirkare kus ne kusu,"
4898,True,18,2,17,17,0,,,"neno e= iki wa oraun konam tum icen poronno a= rura wa a= ari ruwe ne kus ka,"
4899,True,11,2,10,10,0,,,"e= tura wa e= nukare wa e= hosipi e= etoko un,"
4900,True,18,2,17,17,0,,,"INARI cise ne yakka a= kar wa oro ta a= i= macittaro kuni e= ye yak pirka na."""
4901,True,9,2,8,8,0,,,"sekor kane wentarap =an. earkinne a= eyaykopuntek h_i kusu,"
4902,True,14,2,13,13,0,,,"konto kuneywa cise kor kamuy tono a= teke a= kikkik akus ek h_i kusu,"
4903,True,9,2,8,8,0,,,"INARI macittaro pa wa oka ya a= kopisi akus_,"
4904,True,18,2,17,17,0,,,"""a= onaha siknu hi ne anak a= macittaro p ne a p, somo no ta konto oka =an"""
4905,True,11,2,10,10,0,,,"SONO INARI cise an h_i neno an ya a= kopisi akus_,"
4906,True,11,2,10,10,0,,,"""horak wa an. horak wa an ruwe ne."" sekor hawean kusu,"
4907,True,7,2,6,6,0,,,"""a= easirkar wa pirkano a= kar wa,"
4908,True,15,2,14,14,0,,,"konto hosipi =an etok, i= etok un pirkano ne INARI cise ka kar pa wa,"
4909,True,5,2,4,4,0,,,"sorekusu KOTCO kar pa wa,"
4910,True,9,2,8,8,0,,,sorekus_ onaha siknu hi ne kamuy tono utar uekarire.
4911,True,11,2,10,10,0,,,"oro ta KOTCO e pa uskehe ne hawe ne kusu ki."""
4912,True,8,2,7,7,0,,,"""eun i= tura wa i= nukare yak pirka."""
4913,True,10,2,9,9,0,,,"sekor hawean =an akus_, a= i= nukare ruwe ne akusu,"
4914,True,11,2,10,10,0,,,"sonno ka INARI cise horak wa an ruwe ne hi kusu,"
4915,True,8,2,7,7,0,,,a= epuni hine ora corpokkehe konam a= ruturutu.
4916,True,5,2,4,4,0,,,poronno KANE oka ruwe ne.
4917,True,5,2,4,4,0,,,"""hetap umomarpare pa yak pirka."
4918,True,3,2,2,2,0,,,"oraun pirkano sorekusu,"
4919,False,11,2,10,9,1,ja,ABURAGE DANO,"KICINE anakne sorekusu ABURAGE DANO patek e rusuy pe ne kus,"
4920,False,16,2,15,13,2,ja,SUSI DEMO || DEMO NANDEMO,"INARI NO KOTCO SUSI DEMO NANDEMO poronno KOTCO kar pa i= etok un ki pa wa,"
4921,True,8,2,7,7,0,,,"CANTO cise ne yakka kar pa yak pirka."""
4922,True,4,2,3,3,0,,,"sekor hawean =an kor,"
4923,True,12,2,11,11,0,,,"konto hosipi =an w_a YADOYA or_ ta ipe =an pa hine orano,"
4924,True,12,2,11,11,0,,,"konto paye =an hine nea oro ta paye =an kusu ne no,"
4925,True,13,2,12,12,0,,,"orowano anakne maciya ka isam uske ne yak a= ye p ne kor,"
4926,True,7,2,6,6,0,,,kamuy tono oro ta siapamakayar =an hine
4927,True,5,2,4,4,0,,,"ahup =an ruwe ne hine,"
4928,True,9,2,8,8,0,,,"""tapne ne wa apkas pe a= ne ruwe ne."""
4929,True,5,2,4,4,0,,,"sekor kane hawean =an akusu,"
4930,True,14,2,13,13,0,,,"sorekusu kamuy tono utar i= koepunpa ne pa kor ki pa ruwe ne hine,"
4931,True,11,2,10,10,0,,,ne ancikar rewsi =an h_ine oraun ne INARI ene hawean h_i.
4932,True,10,2,9,9,0,,,"""SONO teeta kamuy tono tusirihi kasi ta cise as hine,"
4933,True,12,2,11,11,0,,,"ne tusir kasi ta ne YADOYA NO MUSUME a= hotkere wa kusu,"
4934,True,10,2,9,9,0,,,"ne wa an pe kusu YADOYA NO MUSUME PIYOKI MITAINI,"
4935,True,9,2,8,8,0,,,sorekusu oro arka hi ka erampewtek no katuhu wen.
4936,True,5,2,4,4,0,,,"sorekusu ki hine kusu ki."""
4937,True,9,2,8,8,0,,,"sekor kane ne INARISAN i= epakasnu p ne kusu,"
4938,True,7,2,6,6,0,,,"""SONO MUSUME NO NETEIRU TOKO NO SITANI"
4939,False,10,2,9,5,4,ja,"ARU HAZUDAKARA || HAZUDAKARA SOKO || SOKO HOTTEMIREBA || HOTTEMIREBA II.""","SENZONO kamuy tono NO OHAKA ARU HAZUDAKARA SOKO HOTTEMIREBA II."""
4940,True,6,2,5,5,0,,,"TE hawean =an ruwe ne akusu,"
4941,True,5,2,4,4,0,,,"SONO HEYANO SITA HOTTE MITAKKE,"
4942,True,7,2,6,6,0,,,"IKANIMO sorekusu TONOSAMANO KOTSU ATTE, HONE ATTE,"
4943,True,7,2,6,6,0,,,"konto sorekusu OTERA TANONDE RIPPANI OHAKA CIKUTTE,"
4944,False,7,2,6,5,1,ja,HITORAWA TAISITA,"OTERA NIMO SOREKUSU SONO HITORAWA TAISITA OREISITE,"
4945,False,11,2,10,8,2,ja,CIRETA HITORA || HITORA NIMO,"CIPUNMO TAISITA OREI MORATTE KONDO CIRETA HITORA NIMO OREI WAKETE YATTE,"
4946,True,9,2,8,8,0,,,"SOREKARA KITE KITE KITE SONO INARISAN NO TOKOSA KITE,"
4947,True,8,2,7,7,0,,,"INARISANNO TOKONI MATA TOMATTE AKURUHI KONDO OMACURI YATTE,"
4948,True,7,2,6,6,0,,,"sorekusu INARISAN sorekusu TAISITA KOREKARA sorekusu RIPPANNATTE,"
4949,False,8,2,7,5,2,ja,SONOYADOYANO HITORAMO || HITORAMO TAISITA,"RIPPANA INARISAN NATTE sorekus SONOYADOYANO HITORAMO TAISITA MOUKESASETARI,"
4950,False,7,2,6,4,2,ja,HITONI MAKENAIYOUNI || MAKENAIYOUNI SUREBA,"HITONI MAKENAIYOUNI SUREBA IITE CIBUN WA SOOYUTTE,"
4951,False,5,2,4,3,1,ja,TAISITA SOKODEMO,"KONDO TAISITA SOKODEMO OKANE MORATTE,"
4952,False,6,2,5,4,1,ja,SONOCIRETA HITORANIMO,"KONDO SONOCIRETA HITORANIMO KANE WAKETE YATTE,"
4953,False,12,2,11,10,1,ja,KITE JIBUN,"SOREKARA KAETTE KITE JIBUN NO kamuy tono NO TOKOSA KITE, KOOYUUWAKEDE ITTE"
4954,True,6,2,5,5,0,,,"KITATE IUKOTO kamuy tono NI YUTTE,"
4955,True,5,2,4,4,0,,,"KONDO KANE TAKUSAN MOTTEKITA MONDAKARA,"
4956,True,6,2,5,5,0,,,"RIPPANA UCI JIBUN NO UCI TATETE,"
4957,False,7,2,6,5,1,ja,SOKONI JIBUN,"SOKONI JIBUN NO KODOMORAMO OKUSANMO OYAMO OITE,"
4958,False,8,2,7,5,2,ja,CIRETA HITORA || HITORA NIMO,"KONDO SONO CIRETA HITORA NIMO UCI TATETE YATTE,"
4959,True,8,2,7,7,0,,,"sorekusu KONDO kamuy tono YORIMO OOKINA nispa NATTE,"
4960,True,14,2,13,13,0,,,"kamuy tono MO TAMAGETE KONDO SOREKARA MOU TOOKUTEMO SONO SONO KATATTE ITTA HITORA SA,"
4961,False,8,2,7,6,1,ja,"TOKOSAMO ITTEMITARI,","MATA SANNINCIRETE SONO YADOYANO INARISAN MACITTA TOKOSAMO ITTEMITARI,"
4962,True,5,2,4,4,0,,,"KONDO INARISAN JIBUNSA ARESURU MONDAKARA,"
4963,False,9,2,8,4,4,ja,"NANDEMO HITONO || HITONO SIRANAI || MIENAI KOTODE || JIBUN HANASISURUMONDAKARA,","NANDEMO HITONO SIRANAI MENI MIENAI KOTODE MO JIBUN HANASISURUMONDAKARA,"
4964,True,3,2,2,2,0,,,"TOOITOKOKARADEMO KIKINI KITARA,"
4965,False,11,2,10,6,4,ja,DEMO MOOKARANAI || MOOKARANAI WAKEDEMO || WAKEDEMO NANDEMO || NANDEMO HANASISIRU,"SONO WAKE BYOOKI NO WAKE DEMO MOOKARANAI WAKEDEMO NANDEMO HANASISIRU MONDAKARA,"
4966,True,5,2,4,4,0,,,"sorekusu OOKINA OOKINA nispa NATTE,"
4967,True,11,2,10,10,0,,,"SONO tuyma h_i un kamuy tono NO TOKOSA MO NISANKAI ITTE,"
4968,True,11,2,10,10,0,,,"SONO pon kurmat MO sorekusu RIPPANA TONOSAMA ewtanne SITE, RIPPAN NATTE,"
4969,False,9,2,8,7,1,ja,SOREDAKARA JIBUN,"SOREDAKARA JIBUN WA sorekus_ KIMOCI YOKU IROIRONA KOTO SITAMONDAKARA,"
4970,False,9,2,8,7,1,ja,MACITTE JIBUN,"INARISANNI SOOYATTE MACITTE JIBUN MO INARISAN NO KOYA CIKUTTE,"
4971,True,3,2,2,2,0,,,"RIPPANI INARISAN MACITTAMONDAKARA,"
4972,False,9,2,8,6,2,ja,NATTA MONDAKARAYO || MONDAKARAYO HU,sorekus_ OO nispa NATTA MONDAKARAYO HU HU HU ....
4973,True,10,2,9,9,0,,,"Yupet un Ikuresuye nispa a= ne hine an =an hike,"
4974,True,18,2,17,17,0,,,"makanak an h_i kusu ekimne =an kor nep ka wen puri ka a= kor ka somo ki p,"
4975,True,8,2,7,7,0,,,"a= utarihi utar i= keske wa hene ya,"
4976,True,5,2,4,4,0,,,"rep ta iramante =an yakka,"
4977,True,7,2,6,6,0,,,yaykewkorsak no a= rayke ka somo ki.
4978,True,13,2,12,12,0,,,"ya ta iramante =an yakka yaykewkorsak no iramante =an ka somo ki hikeka,"
4979,True,10,2,9,9,0,,,sine to mosir okari apkas pakno nitan kur a= ne.
4980,True,7,2,6,6,0,,,sorekusu pakno nispa isam nispa a= ne.
4981,True,10,2,9,9,0,,,"Ikuresuye a= ne hine an =an pe ne a p,"
4982,True,12,2,11,11,0,,,"sineanta hinak un kuca or un arpa =an kunak a= ramu kusu,"
4983,True,15,2,14,14,0,,,"ikayop or poronno sat aep a= o hine a= se hine soyene =an a p,"
4984,True,11,2,10,10,0,,,"orano eun arpa =an humi an h_i ka a= erampewtek no,"
4985,True,11,2,10,10,0,,,"hoyupu =an wa hinak ta arpa =an ayne inkar =an akusu,"
4986,True,6,2,5,5,0,,,"Iskar a= oran hine aan hine,"
4987,True,12,2,11,11,0,,,"Iskar situ pes ran =an h_ine Iskar iwori a= oran h_i ora,"
4988,True,7,2,6,6,0,,,"Iskar_ turasi arpa =an ruwe ne akusu,"
4989,True,8,2,7,7,0,,,"sine cise neno si poro cise an h_ine,"
4990,True,8,2,7,7,0,,,"eun pan supuya at kor siran h_ine ora,"
4991,True,13,2,12,12,0,,,"nea sine cise imakakehe ekimne wa inne kotan an siri a= nukar kor_,"
4992,True,8,2,7,7,0,,,"nea sine cise soy ta arpa =an akus_,"
4993,True,6,2,5,5,0,,,cise soy ka wen wa okere.
4994,True,7,2,6,6,0,,,"ora nusa or un inkar =an akusu,"
4995,True,13,2,12,12,0,,,"huskotoywa nep ka nusa or_ ta anak a= hopunire ruwe ka isam yakun,"
4996,True,12,2,11,11,0,,,"okkayo ka isam pe ne ruwe ne kuni a= ramu h_ine ora,"
4997,True,9,2,8,8,0,,,"simusiska =an akusu pirka okere katkemat ne korka ora,"
4998,True,7,2,6,6,0,,,cis kor patek an pe ne aan.
4999,True,9,2,8,8,0,,,otop ne kor pe tapsutu kasi eociw kane an.
5000,True,7,2,6,6,0,,,sikrap emko kootukutke kane an menoko soyne.
5001,True,9,2,8,8,0,,,"i= nukar hine ora ni temkorani hine ahun akus_,"
5002,True,9,2,8,8,0,,,"i= ahunte kusu iki sinne noyne iki hi kusu,"
5003,True,8,2,7,7,0,,,"os askehe a= ani hine ahun =an hine,"
5004,True,13,2,12,12,0,,,"ape etok ta a= sike ... sisam ta a= sike anu h_ine ora,"
5005,True,9,2,8,8,0,,,"apekes utur_ ta sipita =an ruwe ne hine ora,"
5006,True,11,2,10,10,0,,,nea a= sikehe ape etok un anu. oharkiso un a =an.
5007,True,12,2,11,11,0,,,"ape ruyruyka kor an h_ine ora, a= erankarap SITARI ki hine ora,"
5008,True,12,2,11,11,0,,,"""mak ki hine ene sinen ne ene an ruwe an h_i an?"""
5009,True,8,2,7,7,0,,,"sekor a= eoripak korka, sekor hawean =an akusu,"
5010,True,7,2,6,6,0,,,cis kor an ayne ene hawean h_i.
5011,True,14,2,13,13,0,,,"""pakno nispa isam nispa a= hekote nispa ne hine oka =an ruwe ne akus_,"
5012,True,16,2,15,15,0,,,"po ka a= sak hine ora po nu koan iorunkur a= kor_ ruwe ne a p,"
5013,True,8,2,7,7,0,,,"orano po nu kookay pa p ne kus_,"
5014,True,7,2,6,6,0,,,"po ka a= sak pe ne kus_,"
5015,True,7,2,6,6,0,,,"a= koyyomap pa kor oka =an rapokke,"
5016,True,12,2,11,11,0,,,"konto a= hekote nispa nep ka wen kamuy kononnoytak wa ne noyne,"
5017,True,7,2,6,6,0,,,"a= kor iorunkur ki wa ne noyne,"
5018,True,6,2,5,5,0,,,"ney ta yaykewkorsak yak no ...,"
5019,True,9,2,8,8,0,,,"orano cis =an kor an =an ruwe ne akusu,"
5020,True,16,2,15,15,0,,,"konto tan kotan kim un kotan tupte wa, orano sorekusu sikesar kur an ruwe ne wa,"
5021,True,10,2,9,9,0,,,"sorekusu cis patek a= ki kor an =an ruwe ne."""
5022,True,2,2,1,1,0,,,sekor hawean.
5023,True,10,2,9,9,0,,,ineapkusun yuptek menoko ne wa siran y_a ka a= eramiskari
5024,True,10,2,9,9,0,,,oharkiso un cise sikkew or_ ta poro toma tuna an.
5025,True,9,2,8,8,0,,,"coypep ne manu p tu ikir_ ne an wa,"
5026,True,13,2,12,12,0,,,sorekusu kamuy kor pe sintoko paruru are ratki etor sintoko asama a= koetuye.
5027,True,13,2,12,12,0,,,sintoko paruru etoko he ... etor sintoko paruru a= koetuye pa kane oka.
5028,True,13,2,12,12,0,,,"patci ne yakka sorekusu kamuy kor pe patek siresik ruwe a= okunnure kor,"
5029,True,13,2,12,12,0,,,"konto asie ... ne a= e kor siran pe ka a= erampewtek wa,"
5030,True,13,2,12,12,0,,,"""a= sikehe pita wa supa yakun ukasuy a= e"" sekor hawean =an akusu,"
5031,True,10,2,9,9,0,,,"earkinne eyaykopuntek kor a= sikehe pita hine etuhu karkar kor,"
5032,True,9,2,8,8,0,,,"konto pirka suke ki hine ukasuy ipe =an h_ine,"
5033,True,11,2,10,10,0,,,"orano nennen i= koytak, nennen a= koytak kor oka =an ayne,"
5034,True,7,2,6,6,0,,,"a= ehotkey kar_ noyne iki hi kusu,"
5035,True,9,2,8,8,0,,,"""sama ta hotke =an ciki wen ruwe an?"" sekor,"
5036,True,2,2,1,1,0,,,"""yakka pirka."""
5037,True,7,2,6,6,0,,,"sekor hawean =an ... hawean h_ine ora,"
5038,True,6,2,5,5,0,,,"utumam =an h_ine hotke =an h_ine,"
5039,True,10,2,9,9,0,,,"orano e p ka isam ruwe a= erampokiwen kusu, orano,"
5040,True,9,2,8,8,0,,,"""kuneywa tunasno hopuni wa suke yakne ipe =an ora,"
5041,True,10,2,9,9,0,,,"e kuni p a= kar wa a= hoppa kusu ne."""
5042,True,8,2,7,7,0,,,"sekor hawean =an kor ki p ne kusu,"
5043,True,10,2,9,9,0,,,"kuneywa tunasno hopuni wa suke wa ipe =an kor ora,"
5044,True,16,2,15,15,0,,,"ekimne =an wa kim ta yuk anakne yuk ne yakka kamuy ne yakka a= ronnu kor,"
5045,True,15,2,14,14,0,,,"kim ta a= hopunire wa kamihi patek pone turano a= se wa iwak =an wa,"
5046,True,7,2,6,6,0,,,"""nuyna wa e kor an yak pirka."""
5047,True,4,2,3,3,0,,,"sekor hawean =an kor,"
5048,True,10,2,9,9,0,,,orano hempak to ka hempak to ka turano an =an.
5049,True,15,2,14,14,0,,,"nep ka a= macihi hene neno kane ukar =an kor oka =an ruwe ne ayne,"
5050,True,10,2,9,9,0,,,"ora eytasa ohonno hosipimoyre =an yak wen h_i kusu ora,"
5051,True,10,2,9,9,0,,,"""suy ek =an kusu ne kusu apunno an yak pirka."""
5052,True,13,2,12,12,0,,,"sekor hawean =an kor hosipi =an h_ine kuca or_ ta ek =an h_ine,"
5053,True,14,2,13,13,0,,,"orano ekimne =an wa sorekusu yuk ka kamuy ka a= ronnu p ne kusu,"
5054,True,11,2,10,10,0,,,"poro sike a= ki hine a= uni ta hosipi =an h_ine,"
5055,True,4,2,3,3,0,,,"orano oka =an akus_,"
5056,True,5,2,4,4,0,,,konto arpa =an ka koeramewnin.
5057,True,9,2,8,8,0,,,a= oyra a a= oyra ki ayne arpa =an.
5058,True,17,2,16,16,0,,,suy a= eyaykosiramsuye. nea menoko nen ka a= kar a= tura wa a= uni ta a= tura.
5059,True,18,2,17,17,0,,,"po ka a= sak kusu a= tura kunak a= ramu kor an pe a= ne p ne kus_,"
5060,True,7,2,6,6,0,,,suy kasi a= osike hine arpa =an.
5061,True,9,2,8,8,0,,,ohonno e pakno anakne iramante '=an wa a= hoppa
5062,True,11,2,10,10,0,,,"""nuyna no supa wa satsatu wa nuyna wa e yak pirka."""
5063,True,11,2,10,10,0,,,"sekor a= ye kor ki p ne a p, arpa =an."
5064,True,6,2,5,5,0,,,"konto siramkir =an pe ne kusu,"
5065,True,11,2,10,10,0,,,"arkuwanno arpa =an h_ine nea cise or_ ta arpa =an akus,"
5066,True,6,2,5,5,0,,,cise soy ka aynu ka isam.
5067,True,9,2,8,8,0,,,"tane ohonno ki ruwe ne noyne siran hine ora,"
5068,True,10,2,9,9,0,,,soy un apa ka makke puyar ka makke wa oka.
5069,True,10,2,9,9,0,,,"cise onnay wa an apa ka makke wa an h_ine,"
5070,True,13,2,12,12,0,,,makanak ne konto ene an oka sintoko utar ka opitta sinep ka isam.
5071,True,5,2,4,4,0,,,toma ka sinep ka isam.
5072,True,12,2,11,11,0,,,"sorekusu usa macikor_ nuwe koan ruwe a= nukar pe ne a p,"
5073,True,4,2,3,3,0,,,nep ka oar isam.
5074,True,7,2,6,6,0,,,"heru toy onne cise onnay siran h_ine,"
5075,True,8,2,7,7,0,,,"soy un apa pa ta as =an h_ine,"
5076,True,12,2,11,11,0,,,makanak ne hine ene ne ruwe an h_i an sekor yaynu =an.
5077,True,5,2,4,4,0,,,as =an h_ine an =an.
5078,True,7,2,6,6,0,,,"ekesinne siruwante =an kor an =an akus,"
5079,True,12,2,11,11,0,,,sem sikkew or un nea menoko itak hawe a= kir h_ine an.
5080,True,16,2,15,15,0,,,"""a= kor_ nispa a= e= tere wa an =an ru ... katu anak ene an h_i."
5081,True,12,2,11,11,0,,,"nea iorunkur san wa orano i= koramkor wa a= kopan kor orano,"
5082,True,14,2,13,13,0,,,"nep ka hoku a= kor wa ne nankor sekor hawean kor i= kopasrota kor,"
5083,True,7,2,6,6,0,,,"a= uni o p opitta soyo hine,"
5084,True,15,2,14,14,0,,,"a= kor_ toma utar ka a= kor wa okay pe opitta rura hine okere akusu,"
5085,True,13,2,12,12,0,,,konto i= rayke hine tan sem so kisar_ ta toy tum i= omare.
5086,True,9,2,8,8,0,,,"haru ka a= sak no ki p ne kusu,"
5087,True,7,2,6,6,0,,,"haru ka a= sak pe ne kusu,"
5088,True,5,2,4,4,0,,,"kamuyoroarpa =an ka eaykap korka,"
5089,True,6,2,5,5,0,,,ora a= ossike ta an ...
5090,True,10,2,9,9,0,,,"konto honkor =an h_ine an =an pe ne a p,"
5091,True,13,2,12,12,0,,,"konto a= ossike ta an iwatarap anak siknu wa an pe ne kusu,"
5092,True,14,2,13,13,0,,,"konto kamuy or wa ... a= hekote nispa ka haru sak pe ne kusu,"
5093,True,12,2,11,11,0,,,"kamuyoarpa ka somo ki no an pe ne kusu, ora ek wa,"
5094,True,5,2,4,4,0,,,"""ayay ciresu kusu ne kusu,"
5095,True,11,2,10,10,0,,,"nen poka e= honi oma p e= kor wa ne yakne,"
5096,True,6,2,5,5,0,,,"Ikuresuye nispa resu wa ne yakne,"
5097,True,6,2,5,5,0,,,e= santeke a= kor kusu ne.'
5098,True,11,2,10,10,0,,,"sekor a= hekote nispa hawean kor_ ray or wa ek wa,"
5099,True,9,2,8,8,0,,,i= ka oyki wa a= kor son a= enuwap.
5100,True,17,2,16,16,0,,,orano turano an =an wa a= e= tere wa an =an ruwe ne kusu a= e= kore.
5101,True,22,2,21,21,0,,,"somo neno a= i= kar yakun a= i= tura wa e= maci ne an =an kunak a= ramu kor an =an a,"
5102,True,7,2,6,6,0,,,"ene a= i= rayke ruwe ne yakka,"
5103,True,9,2,8,8,0,,,"tap neno ne wa ray =an ruwe ne kusu,"
5104,True,13,2,12,12,0,,,"tanto e= hosipi ciki nisatta hene oyasim hene e= aynutura e= ek wa,"
5105,True,6,2,5,5,0,,,e= icarpa yak easir kamuyoropaye =an.
5106,True,14,2,13,13,0,,,a= hekote nispa ne yakka asinuma ne yakka ki p ne ruwe ne na.
5107,True,9,2,8,8,0,,,neno e= iki wa i= kore p ne na.
5108,True,6,2,5,5,0,,,"i= erampokiwen ki p ne na."""
5109,True,12,2,11,11,0,,,"sekor hawean kor ... akusu nea tusiri hinak or suy makke hine,"
5110,True,10,2,9,9,0,,,oro wa okkayo iwatarap a= i= koturiri hine a= uk.
5111,True,7,2,6,6,0,,,"sorekusu pirka okere okkayo iwatarap ne hine,"
5112,True,3,2,2,2,0,,,aoka a= eyaykopuntek.
5113,True,16,2,15,15,0,,,"ene a= hekote katkemat, ene eykoytupa p iyomap ne manu p, asinuma ne yakka ki p,"
5114,True,4,2,3,3,0,,,"sekor yaynu =an kusu,"
5115,True,14,2,13,13,0,,,nani rawpeka a= kay hine ora a= sike anak umamki ka ta a= anu.
5116,True,10,2,9,9,0,,,"nani hosipi =an pe sekor yaynu =an kusu, ki hine,"
5117,True,12,2,11,11,0,,,"itto nani tono noski pak ki peka sirepa =an pe ne kus_,"
5118,True,8,2,7,7,0,,,"hosipi =an hine, a= uni ta hosipi =an."
5119,True,8,2,7,7,0,,,"pakkay =an kane ahun =an pe ne kusu,"
5120,True,12,2,11,11,0,,,"a= hekote katkemat, ""a= hekote nispa hinak un soyne a p ora,"
5121,True,13,2,12,12,0,,,"ene a= eykoytupa p iyomap ne manu p, pakkay wa ahun ruwe an?"""
5122,True,2,2,1,1,0,,,sekor hawean.
5123,True,6,2,5,5,0,,,a= ranke hine temnikoro a= omare
5124,True,3,2,2,2,0,,,"orano eyaykopuntek korka,"
5125,True,12,2,11,11,0,,,"""tapne tapne ne ruwe ne kusu, yaykata a= yaykosanke p ne. sekor,"
5126,True,13,2,12,12,0,,,"haweoka =an kusu ... ruwe ne kusu, iteki e= ye yak pirka na."""
5127,True,3,2,2,2,0,,,sekor a= ye.
5128,True,13,2,12,12,0,,,"orano nani usey kar hine huraye a huraye a nea iwatarap ki hine,"
5129,True,9,2,8,8,0,,,orano konto mi wa okay pe pirka hike kokarkari.
5130,True,7,2,6,6,0,,,"""aoka renkayne ne kusu eci= parkoinunnunte yakka,"
5131,True,10,2,9,9,0,,,nep eciw ka somo ki no hetuku p ne na.
5132,True,6,2,5,5,0,,,"neno eci= iki p ne na."""
5133,True,6,2,5,5,0,,,"sekor hawean pe ne a p,"
5134,True,8,2,7,7,0,,,"parkoinunnunte a p cis ka somo ki no,"
5135,True,5,2,4,4,0,,,"parkoinunnun ruwe ne h_ine orano,"
5136,True,8,2,7,7,0,,,"konto onuman tunasno a= ki p ne kusu,"
5137,True,7,2,6,6,0,,,soyne =an h_ine kotan epitta apkas =an.
5138,True,11,2,10,10,0,,,"""tapne kane ne ruwe ne kusu wentarap =an ruwe ne kus_,"
5139,True,11,2,10,10,0,,,"a= utari utar i= tura wa ... yakne yayeymontasa =an h_ine,"
5140,True,8,2,7,7,0,,,Iskar emkoho ta tapne nispa kamuy i= wentarapte.
5141,True,9,2,8,8,0,,,"Iskar emko kor_ nispa ki ruwe ne kusu ki."""
5142,True,10,2,9,9,0,,,"sekor hawean =an kor a= utari utar eyaykopuntek pa kor,"
5143,True,4,2,3,3,0,,,kunneywano orano uekarpa pa.
5144,True,14,2,13,13,0,,,"""menoko ne yakka okkayo ne yakka yayotuwas pa p i= tura pa yak pirka."""
5145,True,6,2,5,5,0,,,"sekor hawean =an pe ne kus,"
5146,True,5,2,4,4,0,,,"inne utar i= tura hine,"
5147,True,7,2,6,6,0,,,orano paye =an h_ine aynu tura ...
5148,True,14,2,13,13,0,,,"sinen a= ne anak, to noski pakno ne wa sirepa =an uske ne korka,"
5149,True,8,2,7,7,0,,,rewsi =an. riturorewsi =an h_ine isimne paye =an.
5150,True,9,2,8,8,0,,,"tunasno sirepa =an h_ine orano, konto suke =an pa."
5151,True,11,2,10,10,0,,,"a= utari utar haru ukase asinuma ka ki p ne kusu,"
5152,True,5,2,4,4,0,,,"suke =an wa sorekusu yayteknata,"
5153,True,12,2,11,11,0,,,Iskar emko kor_ nispa ne yakka katkemat ne yakka kamuy or opaye
5154,True,12,2,11,11,0,,,"te wano poka kamuy or_ ta iteki ikoytupa no ki pa yakne,"
5155,True,15,2,14,14,0,,,"sorekusu ney ta ne yakka a= nurappa pa yak somo ikoytupa pa kusu ne kusu."""
5156,True,9,2,8,8,0,,,"sekor hawean =an kor yayteknata ki ruwe ne h_ine,"
5157,True,11,2,10,10,0,,,"rewsioka =an h_ine ora isimne a= utari utar i= tura wa,"
5158,True,9,2,8,8,0,,,"""ene iki wa an siri nukar pa yak pirka."""
5159,True,10,2,9,9,0,,,"sekor hawean =an h_ine a= utari utar i= tura hine,"
5160,True,6,2,5,5,0,,,nea kotan or_ ta paye =an.
5161,True,8,2,7,7,0,,,"kotan noski ta mosir pak cise an hine,"
5162,True,15,2,14,14,0,,,"at apaotki apa noski a= tuye ... a= tuye h_ine awosma =an ruwe ne akus,"
5163,True,7,2,6,6,0,,,nea cise kor kur eronne no mehuntokiki.
5164,True,9,2,8,8,0,,,"matnepoutari, poutari cise sikno okay pa p ne kusu,"
5165,True,8,2,7,7,0,,,"""sorekusu a= wenonaha kor wen puri an kusu,"
5166,True,10,2,9,9,0,,,"ray ne yakka ray sinnaysam a= ki pa oasi siran."""
5167,True,7,2,6,6,0,,,"""asinuma yaykata iki =an h_i somo ne."
5168,True,13,2,12,12,0,,,"tapne Iskar emko kor_ nispa i= wentarapte wa iki =an h_i ne kusu,"
5169,True,2,2,1,1,0,,,"a= eramante."""
5170,True,7,2,6,6,0,,,"sekor a= ye kor sorekusu ki wa,"
5171,True,9,2,8,8,0,,,"""ayapo oyoyo a= ki katu wen pe ne yakka,"
5172,True,17,2,16,16,0,,,"a= kor_ nispa kor wa okay pe sinep ka a= isamka ka somo ki ruwe ne kusu,"
5173,True,5,2,4,4,0,,,"siknu poka a= i= kire."""
5174,True,4,2,3,3,0,,,"sekor hawean korka, sorekusu,"
5175,True,10,2,9,9,0,,,"""ene oka ... ene an iki ki hi ne p."""
5176,True,4,2,3,3,0,,,"sekor yaynu =an kusu,"
5177,True,13,2,12,12,0,,,"a= rayke pa, hoski no unuhu ne ya ona ne ya ki pa."
5178,True,6,2,5,5,0,,,"orano ne ipone utar matnepo utar,"
5179,True,10,2,9,9,0,,,"sorekusu arukaukomomse pa kor a= ronnu pa ruwe ne hine,"
5180,True,11,2,10,10,0,,,"ora soyosma =an h_ine kotan epitta hoyupu =an ruwe ne akusu,"
5181,True,8,2,7,7,0,,,"sinen tun i= ekohopi kira pa an h_ine,"
5182,True,4,2,3,3,0,,,"aynu nimara ukoparaparak kor,"
5183,True,9,2,8,8,0,,,"""na te wano poka apunno ratcitara oka =an kusu"
5184,True,13,2,12,12,0,,,"a= kor nispa asuru a= nu. a= kor_ nispa ne haw ek h_ine,"
5185,True,9,2,8,8,0,,,sorekus_ ene sorekusu turano oka =an humi wen pe
5186,True,8,2,7,7,0,,,"sorekusu nep a= ronnu pa ruwe ene an."""
5187,True,9,2,8,8,0,,,sekor haweoka kor i= hekote kira pa p oka
5188,True,14,2,13,13,0,,,"i= ekohopi tun ren kira pa p a= ronnu ruwe ne hine orano sorekusu,"
5189,True,9,2,8,8,0,,,"""hokure hokure kotan apa pa un rura pa wa,"
5190,True,10,2,9,9,0,,,"usa mun usa munin ni kouhuyka pa yak pirka pirka."""
5191,True,9,2,8,8,0,,,"sekor hawean =an kor ki p ne kusu oraun,"
5192,True,11,2,10,10,0,,,"""taoka sintoko utar_ ne yakka kotan kor utar eramuoka nankor kusu,"
5193,True,8,2,7,7,0,,,"opitta usa toma ne ya usa okay pe,"
5194,True,12,2,11,11,0,,,ne Iskar emko kor_ nispa uni un rura pa yak pirka pirka.
5195,True,3,2,2,2,0,,,"aynu nimara ki."""
5196,True,6,2,5,5,0,,,"sekor hawean =an pe ne kus_,"
5197,True,16,2,15,15,0,,,"aynu nimara Iskar emko kor_ nispa eun nea nispa kor pa p opitta rura pa ora,"
5198,True,14,2,13,13,0,,,"tan kotan kor wen kur kor wa okay pe semas okay pa p anakne,"
5199,True,8,2,7,7,0,,,sinep tup ne yakka kotan kor utar ukousaraypa.
5200,True,6,2,5,5,0,,,"oraun ""cise a= kouhuyka pa yak,"
5201,True,9,2,8,8,0,,,"cise turano ney ta paye yakka ki pa kusu,"
5202,True,14,2,13,13,0,,,"cise anak… cise anak a= hecawere wa umamkihi turano uhuyka pa somo ki no,"
5203,True,15,2,14,14,0,,,"ene oka wen sampe kor pa p okake ta nen ka oka yakka wen kusu,"
5204,True,5,2,4,4,0,,,"humneani oari pa yak pirka."""
5205,True,7,2,6,6,0,,,"sekor hawean =an ruwe ne hine orano,"
5206,True,9,2,8,8,0,,,"nea toma ne yakka opitta rura pa h_i oraun,"
5207,True,8,2,7,7,0,,,konto i= tura pa utar a= pumakore pa.
5208,True,12,2,11,11,0,,,nea katkemat kor macikor ne yakka asinuma a= uk h_ine a= se.
5209,True,8,2,7,7,0,,,"sorekusu nispa kor pe a= se a p,"
5210,True,12,2,11,11,0,,,konto kotan kor utar_ ne yakka a= pumakore pa wa irura pa.
5211,True,15,2,14,14,0,,,"inne =an wa arki =an h_ine ritur_ ta rewsi =an pa ruwe ne h_ine ora,"
5212,True,9,2,8,8,0,,,"a= uni ta arki =an ruwe ne h_ine ora,"
5213,True,11,2,10,10,0,,,"konto nea nispa kor pe nea tennep a= koresu rusuy kusu,"
5214,True,7,2,6,6,0,,,oharkisoun puyar harkiso wa ikirihi a= kar
5215,True,12,2,11,11,0,,,"iyoykir a= kar, ne kamuy kor pe ki pa ruwe ne wa,"
5216,True,15,2,14,14,0,,,"kotan kor utar ne yakka irura utar_ ne yakka a= korpare pa p ne kusu,"
5217,True,5,2,4,4,0,,,"ki pa ruwe ne hine,"
5218,True,11,2,10,10,0,,,"orano ""iteki i= kopayeoka yakka weyyuk at wa isitoma =an kus_,"
5219,True,12,2,11,11,0,,,"iteki i= kopayeoka no ki yak arpa =an ranke kusu ne kus."""
5220,True,5,2,4,4,0,,,"sekor hawean =an hikeka orano,"
5221,True,9,2,8,8,0,,,a= kor son anakne a= kor son a= kore.
5222,True,13,2,12,12,0,,,"orano anakne kim un kuca or_ ta arpa =an ka somo ki no,"
5223,True,11,2,10,10,0,,,"yaykata a= yaykosanke pe ne kunak a= utari utar ramu kor,"
5224,True,13,2,12,12,0,,,ineapkusun a= utari utar i= koyyomap wa iki pa ya ka a= eramiskari.
5225,True,14,2,13,13,0,,,ora a= utari utar sake kor kor Iskar emko kor_ nispa eun sinnurappa pa.
5226,True,11,2,10,10,0,,,"asinuma ne yakka sake a= kar wa Iskar emko kor_ nispa,"
5227,True,10,2,9,9,0,,,"nea katkemat ne yakka a= nurappa kor oka =an ayne,"
5228,True,12,2,11,11,0,,,"ene a= kor son poro h_i orano i= tura wa ekimne kor,"
5229,True,8,2,7,7,0,,,ineapkusun ison wa iki ya ka a= eramiskari.
5230,True,7,2,6,6,0,,,"asinuma ka ison kur a= ne yakka,"
5231,True,9,2,8,8,0,,,"ne kuni an sirki ya ka a= eramiskari ayne,"
5232,True,14,2,13,13,0,,,"itto hetuku kunak nea katkemat ye p ne a kus_ hetuku wa poro wa,"
5233,True,14,2,13,13,0,,,"orano pirka menoko a= etun h_ine a= ewtannere hine orano oka =an a p,"
5234,True,8,2,7,7,0,,,"""hoskino okkayo po kor_ ciki ... kor_ ciki,"
5235,True,9,2,8,8,0,,,"a= hekote nispa kor pe ne eci= ye wa,"
5236,True,10,2,9,9,0,,,oraun matkaci kor ciki a= kor pe ne eci= ye.
5237,True,8,2,7,7,0,,,"a= kor macikor eci= eresu p ne na."""
5238,True,11,2,10,10,0,,,"sekor nea katkemat tusir or wa i= ye p ne kusu,"
5239,True,15,2,14,14,0,,,nea hoski okkayo kor h_i ora Iskar emko kor nispa kor pe ne a= ye.
5240,True,16,2,15,15,0,,,"matkaci kor h_i ora nea Iskar emko kor katkemat kor pe ne a= ye a p,"
5241,True,11,2,10,10,0,,,"sekor a= i= ye p ne kus_, nea a= po anak,"
5242,True,13,2,12,12,0,,,"""hemanta ne kus_ a= onaha ene sinna iyoykir kar_ ru an h_i an?"""
5243,True,3,2,2,2,0,,,"sekor hawean korka,"
5244,True,7,2,6,6,0,,,"""tapne ne."" sekor hawean ka =an ka,"
5245,True,9,2,8,8,0,,,"""itekike? kunak anaysir ye p ne kusu tapne ne."""
5246,True,7,2,6,6,0,,,"sekor hawean =an ka somo ki no,"
5247,True,9,2,8,8,0,,,sorekusu ineapkusun arikiki wa iki ya ka a= eramiskari.
5248,True,16,2,15,15,0,,,"nep a= ri wa a= kar siri isam no, nep ne yakka kosmat ne yakka ki."
5249,True,10,2,9,9,0,,,"nep a= eykoytupa nep a= kor_ rusuy somo ki ora,"
5250,True,11,2,10,10,0,,,"neun at yakka eomuken utar anak eomuken pe cikoykip ne kusu,"
5251,True,14,2,13,13,0,,,"sorekusu maratto kor wa onne utar_ ne yakka uekarire wa maratto kor_ ne ya,"
5252,True,16,2,15,15,0,,,"cep koyki wa yapte kor, onne utar_ ne ya eykoytupa utar a= korpare p ne kusu,"
5253,True,3,2,2,2,0,,,"kotan kor utar,"
5254,True,11,2,10,10,0,,,"""a= kor kamuy okkaypo kamuy okkaypo"" sekor haweoka kor ki rapokkehe,"
5255,True,15,2,14,14,0,,,"na pewre =an wa a= poho a= tura wa nepki =an easkay pe, a= poho,"
5256,True,14,2,13,13,0,,,"""a= ona anakne somo ekimne no i= etoko oyki yak pirka."" sekor i= ye."
5257,True,13,2,12,12,0,,,i= enupitara p ne kusu orano asinuma anakne cise or_ ta an =an.
5258,True,12,2,11,11,0,,,nina ne ya nep ne yakka a= poho etoko un a= kar.
5259,True,12,2,11,11,0,,,"sorekus_ nep a= eykoytupa nep a= kor_ rusuy somo ki no ora,"
5260,True,11,2,10,10,0,,,matkaci anakne nea Iskar emko kor katkemat kor macikor a= eresu.
5261,True,17,2,16,16,0,,,"ora okkayo anakne Iskar emko kor_ nispa poho ne a= ye wa oka =an ruwe ne wa,"
5262,True,13,2,12,12,0,,,"sorekusu itto hetukpa pa a= matnepoutari a= poutari ki pa p ne kusu,"
5263,True,15,2,14,14,0,,,"ne Iskar emko kor poho ne yak a= ye p ne yakka hetuku tunas wa,"
5264,True,9,2,8,8,0,,,sorekusu kar pe ka a= e pakno siknu =an.
5265,True,6,2,5,5,0,,,pakno nispa isam nispa a= ne.
5266,True,7,2,6,6,0,,,pak ison kur isam kur a= ne.
5267,True,12,2,11,11,0,,,"ora Iskar emkoho kor okkaypo utar i= amkir pa p ne kusu,"
5268,True,10,2,9,9,0,,,"sake kor pa kor i= tak kusu arki pa kor,"
5269,True,10,2,9,9,0,,,"asinuma anak itto apkas ne a= ki p ne kus_,"
5270,True,6,2,5,5,0,,,a= utari utar_ turano ikutaspa =an.
5271,True,6,2,5,5,0,,,Iskar emko wa i= koykutaspa pa.
5272,True,9,2,8,8,0,,,sorekus sine apa ne sine utar_ ne yaykar =an.
5273,True,15,2,14,14,0,,,"tuyma yakka ""a= kor_ nispa a= eniste."" sekor hawoka kor ki pa p ne kusu,"
5274,True,15,2,14,14,0,,,tapne iki =an pe ne kusu apkas pa yakka nep eranak pa ka somo ki.
5275,True,10,2,9,9,0,,,"sinewpa pa kusu ne ya sap wa arki pa kor,"
5276,True,12,2,11,11,0,,,nep eranak pa ka somo ki no arki pa. rapok ukoapkas =an.
5277,True,15,2,14,14,0,,,haruhu ka pirka h_i orano anakne sorekusu itto apkas ne ki pa wa arki pa.
5278,True,8,2,7,7,0,,,"asinuma ka uturu isam no arpa =an wa,"
5279,True,12,2,11,11,0,,,"sorekusu onne utar kasi a= osike wa arpa =an pe ne kus,"
5280,True,7,2,6,6,0,,,"sorekusu a= i= koonkami kor ki ayne,"
5281,True,10,2,9,9,0,,,"asinuma ka tane neun nitan kur a= ne a korka,"
5282,True,5,2,4,4,0,,,tane asinuma ka onne =an.
5283,True,8,2,7,7,0,,,"a= poho po nu koan sorekusu ki wa,"
5284,True,10,2,9,9,0,,,"a= mippoutari sinna sinna oka wa po kor pa wa,"
5285,True,11,2,10,10,0,,,"oro peka ka apkas =an pa a= macihi turano ki ayne,"
5286,True,11,2,10,10,0,,,tane onne =an siri ene an h_i ne kus_ a= eysoytak.
5287,True,5,2,4,4,0,,,sekor Ikuresuye nispa hawean sekor.
5288,True,10,2,9,9,0,,,a= saha an. a= yupihi tun an hine oka =an.
5289,True,12,2,11,11,0,,,pak katkemat isam katkemat a= saha ne wa ne kuni a= ramu.
5290,True,19,2,18,18,0,,,"a= yuptarihi a= saha ye p nu pa wa nennen iki pa kor oka =an pe ne a p,"
5291,True,6,2,5,5,0,,,a= sa ... a= sa ...
5292,True,12,2,11,11,0,,,a= yuputari rupne pa h_i orano yuk cikoykip kamuy cikoykip nuwe kooka.
5293,True,11,2,10,10,0,,,"nep a= e rusuy nep a= kor_ rusuy somo ki no,"
5294,True,15,2,14,14,0,,,siporo cise or_ ta ineapta nispa an usi ne wa siran y_a ka a= eramiskari.
5295,True,15,2,14,14,0,,,coypep ne manu p sorekusu tu ikir_ ne ka usoskamu no siran ruwe ne ...
5296,True,9,2,8,8,0,,,"ruwe ne hine oka =an ruwe ne a p,"
5297,True,5,2,4,4,0,,,a= saha ene hawean h_i.
5298,True,11,2,10,10,0,,,"""a= akutari eci= ne wa tan a= kor Iskar putu ta,"
5299,True,15,2,14,14,0,,,tanepo atuy or ahup cep a= rayke kor iyotta piye wa keraan pe ne na.
5300,True,9,2,8,8,0,,,"episne eci= sap wa eci= cepkoyki p ne na."""
5301,True,12,2,11,11,0,,,sekor ki akus a= yuputari eyaykopuntek kor_ nani episne sap w_a isam.
5302,True,8,2,7,7,0,,,okake ta anak a= saha poro su atte.
5303,True,7,2,6,6,0,,,corpokke ... eun wakkata ... wakka rura.
5304,True,9,2,8,8,0,,,"re kisar us su atte hine ki hine orano,"
5305,True,10,2,9,9,0,,,"cep ne ciki kam ne ciki tatatata tuypa tuypa wa,"
5306,True,6,2,5,5,0,,,"nea su sikno kane supa orano,"
5307,True,2,2,1,1,0,,,corpokke eusieusi.
5308,True,7,2,6,6,0,,,"""hemanta ne enepo easir suke h_i an?"""
5309,True,8,2,7,7,0,,,"sekor yaynu =an kor an =an a p,"
5310,True,10,2,9,9,0,,,"tane konto nea poro su yanke eaykap pe ne kusu,"
5311,True,12,2,11,11,0,,,"mosma su or un nimara yanke hine ape etok ta anu hine,"
5312,True,10,2,9,9,0,,,"ora patci huraye hine ape etok ta anu hine ora,"
5313,False,12,2,11,10,1,ja,… MAKIGOYANIIRUKARA,“soyne wa kim un aca niot cise or_ ta an … MAKIGOYANIIRUKARA
5314,True,9,2,8,8,0,,,"kim un aca niot cise or_ ta an na,"
5315,True,9,2,8,8,0,,,"soyne wa ahun wa ipe kusu ye"" TTE hawean."
5316,True,16,2,15,15,0,,,"hemanta kim un aca ene a= ye? isitoma =an kus soyne =an ka somo ki akus,"
5317,True,10,2,9,9,0,,,"a= saha soyne hine, “kim un aca ahun wa ipe."""
5318,True,6,2,5,5,0,,,"sekor hawean h_ine ora ahun h_ine,"
5319,True,19,2,18,18,0,,,"ora isitoma =an pe ne kus osisoun a= sa rorke wa a =an hine an =an ruwe ne akusu,"
5320,True,11,2,10,10,0,,,"sorekusu tu aynu ka re aynu ka a= ukoseske apekor an,"
5321,True,5,2,4,4,0,,,"siporo aynu hure tompuku ikakuste,"
5322,True,13,2,12,12,0,,,"hure rek tanne rek rerar kasi seske kane an siporo aynu ahun hine,"
5323,True,9,2,8,8,0,,,"a= sa erankarap hene ki ka somo ki no,"
5324,True,7,2,6,6,0,,,"nani ape etok ta arpa hine orano,"
5325,True,13,2,12,12,0,,,"“nen ka kim un aca koypuni kur ka isam na, yaykoypuni wa ipe."""
5326,True,5,2,4,4,0,,,"sekor a= sa hawean akus,"
5327,True,11,2,10,10,0,,,orano yaykoypuni wa ipe a ipe a nea poro su ohare.
5328,True,11,2,10,10,0,,,"ruri unno e wa isam hine soyne hine isam okake ta,"
5329,True,10,2,9,9,0,,,a= saha suke hine ipe =an hine oraun rewsioka =an.
5330,True,10,2,9,9,0,,,"kuneywa suy a= saha suke hine ipe =an akusu ora,"
5331,True,9,2,8,8,0,,,"""episne e= yuputari os sap =an pe ne na."""
5332,True,15,2,14,14,0,,,sekor a= sa hawean h_ine cip i= ore hine orano apa seskeseske hine sap =an.
5333,True,11,2,10,10,0,,,"pis ta ki ruwe ne akusu, sorekus a= yuputari cep yaokuta."
5334,True,14,2,13,13,0,,,oro ta a= sa san orano konto niumomare. orano a= saha ka a= kasuy.
5335,True,10,2,9,9,0,,,"niumomare =an kunak ye p ne kusu netumomare =an orano,"
5336,True,11,2,10,10,0,,,"a= saha san kar wa cep mike kar wa ma wa,"
5337,True,8,2,7,7,0,,,"sorekusu ci kor opokin yapte wa mikekar wa,"
5338,True,14,2,13,13,0,,,a= yuputari anakne cep yaokuta kor ki ayne poronno a= saha cep mike satke.
5339,True,9,2,8,8,0,,,"sat cep kar ruwe ne hine rewsioka =an. kuneywa,"
5340,True,9,2,8,8,0,,,"""a= akutari nisatta anakne eci= hosippa p ne na."""
5341,True,6,2,5,5,0,,,"sekor kane a= sa hawean kor,"
5342,True,14,2,13,13,0,,,konto nea cep cip or a= o h_ine orano cip sapa ka ta an.
5343,True,11,2,10,10,0,,,ineapkusun a= saha cipo ruy humi an y_a ka a= eramiskari.
5344,True,5,2,4,4,0,,,"rariw hine arki =an h_ine,"
5345,True,11,2,10,10,0,,,"sorekusu siporo cikuni ranko onisippakor_ ne toska ka wa ki hine,"
5346,True,7,2,6,6,0,,,ouse kuma ne uske corpokke a= kus.
5347,True,14,2,13,13,0,,,"tumamaha pet or oma wa ki corpokke a= kus h_ine arki =an a p,"
5348,True,11,2,10,10,0,,,"nea ni corpok ta ouse kuma ne ni toska pok ta,"
5349,True,6,2,5,5,0,,,"cip yanke hine cip sirkote hine,"
5350,True,12,2,11,11,0,,,ora toska ka un hemesu a p orano ran ruwe ka isam.
5351,True,10,2,9,9,0,,,"a= saha ki kusu a= tere yakka wen h_i kusu,"
5352,True,15,2,14,14,0,,,"toska ka ta hemesu =an akusu poro yayni samam ni, sikotankonni horak. poro yay ..."
5353,True,6,2,5,5,0,,,"samam ni an pe osmake ta,"
5354,True,17,2,16,16,0,,,"a= saha sorekus poro kinasut ruki wa, ruki a ruki a ruki a pekor iki kor an,"
5355,True,9,2,8,8,0,,,"rapokke nea ni sempir wa hemanta sorekusu hoyupu wa,"
5356,True,12,2,11,11,0,,,"suma cari nitay kekkekekke kor pet turasi hoyupu wa arpa humas akusu,"
5357,True,9,2,8,8,0,,,ora siri a= nukar h_i kusu ora a= eoaysitoma.
5358,True,13,2,12,12,0,,,"""a= saha aynu ne wa turano an =an humi ne kunak a= ramu."""
5359,True,14,2,13,13,0,,,"sekor yaynu =an kus ora ran =an h_ine cip or_ ta an =an akus,"
5360,True,13,2,12,12,0,,,"i= os a= saha ran h_ine cip o hine orano arki =an h_ine,"
5361,True,17,2,16,16,0,,,a= uni ta a= kor petaru or_ ta cip yanke hine orano cise or un cep rura.
5362,True,9,2,8,8,0,,,"cise tom peka tuna or peka ka ki ayne,"
5363,True,8,2,7,7,0,,,"ora suke hine ipe =an. rewsioka =an h_ine,"
5364,True,15,2,14,14,0,,,kuneywa isimne an akus a= yuputari sorekusu cip sikno kane cep kor wa arki pa.
5365,True,13,2,12,12,0,,,"ma pa p ne ya mikekar somo ki p ne ya ki orano,"
5366,True,16,2,15,15,0,,,"a= sa suy mikekar wa cise or_ ta ma ne ya satke ne ya ki ayne,"
5367,True,12,2,11,11,0,,,"""a= akutari eci= ne wa itak =an ciki eci= i= nu katu,"
5368,True,11,2,10,10,0,,,"asinuma anakne ponram wano ueinkar pe a= ne ruwe ne h_ine,"
5369,True,12,2,11,11,0,,,"kotan rerakar h_ine kotan a= arustekka h_i ta a= ona i= koytaksura,"
5370,True,12,2,11,11,0,,,"'a= matnepo e= ne wa eani anak kamuy sasimi e= ne p,"
5371,True,7,2,6,6,0,,,"sorekusu ueinkar pe e= ne nankor kusu,"
5372,True,16,2,15,15,0,,,"e= akutari e= mataki pirkano e= resu wa, i= okake supuya eci= otte yak pirka na.'"
5373,True,11,2,10,10,0,,,"sekor a= ona i= koytakmuye kor i= hoppa p ne wa,"
5374,True,15,2,14,14,0,,,"sonno ka inen a= ne wa onunpospa =an wa oka =an ruwe ne a p,"
5375,True,12,2,11,11,0,,,kim un aca i= kateomare wa san kusu ne siri a= nukar.
5376,True,6,2,5,5,0,,,"eci= oka yak wen wa kusu,"
5377,True,18,2,17,17,0,,,"episne … tane a= kor petaru or_ ta a= rayke h_ike, isam pe cep ka somo ne korka,"
5378,True,7,2,6,6,0,,,"episne a= eci= sapte ruwe ne hine,"
5379,True,11,2,10,10,0,,,"eci= okake ta suke =an wa a= ipere yak yaykotuyas kusu,"
5380,True,11,2,10,10,0,,,"iperuy SIREBA a= okunnure. a= turesi ka okunnure ruwe ne h_ine,"
5381,True,11,2,10,10,0,,,"oraun pis ta sap =an suy ki a ruwe ne akus,"
5382,True,14,2,13,13,0,,,"suy i= etok kus wa an ruwe ne wa kusu, cip a= yanke hine,"
5383,False,13,2,12,11,1,ja,kinasut sitoma,"orano kim un kamuy pakno kinasut sitoma p isam pe ne wa kusu,"
5384,True,10,2,9,9,0,,,kinasut a= ruki sinne pekor iki =an ... a= inkare.
5385,True,6,2,5,5,0,,,a= ruki hi ka somo ne.
5386,True,13,2,12,12,0,,,"sorekusu kamuy a= ne kusu ene a= inkare p ne kusu nukar wa,"
5387,True,12,2,11,11,0,,,`tane anakne ene iki menoko tane mat ne a= kor pe an?'
5388,True,11,2,10,10,0,,,"sekor yaynu kusu onne samamni osmak ta nuynak wa an pe,"
5389,True,11,2,10,10,0,,,kira siri ... kira humi a= turesi nu wa i= eohaysitoma.
5390,True,5,2,4,4,0,,,a= ruki ka somo ki.
5391,True,16,2,15,15,0,,,"ene ne pekor a= inkare wa a= turesi i= eohaysitoma kor arki =an ruwe ne kus,"
5392,True,9,2,8,8,0,,,te wano anakne nep a= sitoma p ka isam.
5393,True,13,2,12,12,0,,,"tane kimun kamuy ka i= sitoma wa neno yaynu ka somo ki yakun,"
5394,True,13,2,12,12,0,,,ki yakun orano te wano a= yaynure yaynu ani sorekusu aynu payeoka wa
5395,True,8,2,7,7,0,,,asinuma ka a= ewtanne. ecioka ka eci= aynuewtanne.
5396,True,11,2,10,10,0,,,"sorekusu kem sawot pe ka oka, tumi sawot pe ka oka."
5397,True,7,2,6,6,0,,,"utureskor pa p ka, umurek utar ka,"
5398,True,17,2,16,16,0,,,"sinen ne ... matnepo tura p ka payeoka ruwe ne kusu, ki p ne ruwe ne na."
5399,True,7,2,6,6,0,,,"eci= i= nu p ne na."" sekor."
5400,True,6,2,5,5,0,,,"orano a= yuputari iokunnure pa iokunnure,"
5401,True,17,2,16,16,0,,,"“hinaktaepak a= saha ne p kusu."" sekor haweoka kor ki hine, orano oka =an ruwe ne akusu,"
5402,True,3,2,2,2,0,,,sineanta esoyne humas.
5403,True,7,2,6,6,0,,,"a= saha soyne akus aynu ka utarpake,"
5404,True,16,2,15,15,0,,,"neun ka arpa ka somo ki no an h_ine, ora a= saha ewtanne hine oka =an,"
5405,True,13,2,12,12,0,,,rapokke menoko ne ya hinak wa ka arki p arki wa sini pa.
5406,True,13,2,12,12,0,,,ipe ani ikor ani a= sa eham wa poro a= yupi ka yayramekote.
5407,True,10,2,9,9,0,,,pon a= yupi ka yayramekote hine cise harkiso wa …
5408,True,9,2,8,8,0,,,cise siso wa poro a= yupihi unihi a= kar.
5409,True,14,2,13,13,0,,,"cise harkiso wa pon a= yupi a= kar hine oro ta yayramekotpa hine oka,"
5410,True,8,2,7,7,0,,,rapokke kem sawot pe tumi sawot pe payeoka.
5411,True,9,2,8,8,0,,,"umurek utar_ ne yakka pewre utar, matnepo tura ka,"
5412,True,13,2,12,12,0,,,"nep ka payeokay pa p ne kusu ki pa hine oka =an orano,"
5413,True,14,2,13,13,0,,,"sorekusu coypep ne manu p aep ne manu p nuwe a= koan pa p,"
5414,True,10,2,9,9,0,,,"a= sautari ne p ne kusu ani sikotouska? pa wa,"
5415,True,8,2,7,7,0,,,"moyono kotan a= ne hine oka =an rapok,"
5416,True,13,2,12,12,0,,,asinuma ka poro =an h_ine pirka okkaypo hinak wa ek pe a= ewtanne.
5417,True,7,2,6,6,0,,,"asinuma ka sinna an =an h_i orano,"
5418,True,16,2,15,15,0,,,sorekusu ora easir a= yuputari ka pokor. a= saha ka pokor wa oka =an ruwe ne.
5419,True,8,2,7,7,0,,,"kotan kor utar sukup utar patek ne kusu,"
5420,True,12,2,11,11,0,,,"pokor pa wa inne aynu a= ne pa hine oka =an rapok,"
5421,True,5,2,4,4,0,,,"asinuma ka pokor =an wa,"
5422,True,7,2,6,6,0,,,"a= saha hoskino pokor pe ne kus,"
5423,True,8,2,7,7,0,,,"a= saha poho sorekusu pakno nispa isam nispa,"
5424,True,11,2,10,10,0,,,a= saha ne a= yuputari ne yakka poutari ki pa ...
5425,True,8,2,7,7,0,,,hoski a= saha ... a= saha poho yayramekote.
5426,True,8,2,7,7,0,,,"po ka kor siri a= saha nukar kor,"
5427,True,16,2,15,15,0,,,"a= saha pa poro p ne kusu na poutari eytasa rupne pa ka somo ki p,"
5428,True,7,2,6,6,0,,,"matnepoutari ka yayramekotpa ka somo ki rapok,"
5429,True,15,2,14,14,0,,,poro poho patek yayramekote siri nukar kor a= saha ihoppa wa isam. ene hawean h_i.
5430,True,18,2,17,17,0,,,"""eani iyotta e= pon pe ne. ne e= karkuutari ene iki pa siri e= nukar pe ne na."""
5431,True,13,2,12,12,0,,,sekor a= sa i= ye kor ihoppa ruwe ne hine orano oka =an.
5432,True,11,2,10,10,0,,,a= yuputari ne yakka sorekusu pak ison kur isam kur_ ne.
5433,True,3,2,2,2,0,,,matnepoutari poutari yayramekotpa.
5434,True,18,2,17,17,0,,,po ka kor pa mippo kar pe ka a= yupihi utar e pa pakno a= yupihi ka siknu.
5435,True,16,2,15,15,0,,,"poro a= yupi hoskino ihoppa wa, okake ta oka =an ayne pon a= yupihi ihoppa korka,"
5436,True,16,2,15,15,0,,,sorekus asir aynu patek okay pe ne kus uoewtanne wa inne kotan poro kotan a= ne.
5437,True,13,2,12,12,0,,,"nep a= e rusuy nep a= kor_ rusuy somo ki no ki rapokke,"
5438,True,11,2,10,10,0,,,"asinuma ka a= poutari rupne pa yayramekotpa ne ya ki rapokke,"
5439,True,11,2,10,10,0,,,"poro a= yupi ... pon a= yupi ka ihoppa okake ta,"
5440,True,7,2,6,6,0,,,"asinuma iyotta pon =an pe ne kusu,"
5441,True,5,2,4,4,0,,,"ohonno an =an nankor kus,"
5442,True,14,2,13,13,0,,,"a= matkarkuutari a= mippoutari ene iki pa hi a= nukar wa mosirhoppa =an yakne,"
5443,True,11,2,10,10,0,,,"""kamuy or_ ta suy humnean ta oka =an pe ne na."""
5444,True,10,2,9,9,0,,,"sekor a= yuputari i= ye kor ihoppa p ne kus,"
5445,True,9,2,8,8,0,,,asinuma anak ohonno aynu mosir ka ta an =an.
5446,True,13,2,12,12,0,,,a= mippoutari a= poutari sorekusu a= karkuutari ene iki pa h_i a= nukar.
5447,True,9,2,8,8,0,,,"ineapkusun a= utari utar pirka sorekus utasaroski isam no,"
5448,True,10,2,9,9,0,,,"a= utari utar sorekusu i= koyayowpekare a= koyayowpekare pa wa,"
5449,True,14,2,13,13,0,,,"ipe ne yakka nep ne yakka sorekusu a= eutasaroski somo ki no ki ayne,"
5450,True,13,2,12,12,0,,,tane onne =an siri ene an h_i ne kus a= poutari a= epaskuma.
5451,True,5,2,4,4,0,,,sekor sino katkemat hawean sekor.
5452,True,9,2,8,8,0,,,a= onaha an. a= unuhu an h_ine oka =an.
5453,True,14,2,13,13,0,,,"a= onaha sorekus_ pakno nispa isam nispa ne hine oka =an pe ne hike,"
5454,True,19,2,18,18,0,,,"pe ne hike sorekusu, pon =an h_i anakne a= onaha, apkas =an easkay orano i= tura kane ekimne wa,"
5455,True,8,2,7,7,0,,,yuk ne ciki kamuy ne ciki nuwe koan.
5456,True,9,2,8,8,0,,,"ora a= kuwe ne yak ye kor kuwari kor,"
5457,True,6,2,5,5,0,,,"a= kuwe ne yak ye p,"
5458,True,9,2,8,8,0,,,po hene yuk ka kamuy ka osma kor orano
5459,True,6,2,5,5,0,,,"""tap a= kor son kar pe"""
5460,True,5,2,4,4,0,,,"sekor hawean kor marattokor wa,"
5461,True,6,2,5,5,0,,,a= utariutar uekarire wa marattokor pa.
5462,True,8,2,7,7,0,,,"marattokor =an patek ki kor oka =an pe,"
5463,True,9,2,8,8,0,,,"orano makanak ne wa ne ya, somoytak =an wa,"
5464,True,8,2,7,7,0,,,"sorekusu hemtomaniwa konto a= enonnoytak wa ne noyne,"
5465,True,14,2,13,13,0,,,ney ta a= rayke kus ne kor yaykewkor sakno a= rayke ka somo ki.
5466,True,6,2,5,5,0,,,"a= rayke ka somo ki hikeka,"
5467,True,7,2,6,6,0,,,marattokor =an wa a= utariutar a= ipere.
5468,True,10,2,9,9,0,,,"nen nen ki kor oka =an pe ne a p,"
5469,True,8,2,7,7,0,,,iwor or_ ta retar pon_ seta a= pa.
5470,True,14,2,13,13,0,,,orano sorekusu ene a= kar wa kira =an hi ka isam no a= omap.
5471,True,14,2,13,13,0,,,"poro hekaci a= ne h_i orano ki kor oka =an pe ne a p,"
5472,True,9,2,8,8,0,,,"poro h_i orano a= tura wa ekimne =an kor,"
5473,True,7,2,6,6,0,,,"yuk ka kamuy ka okkewehe kekke wa,"
5474,True,5,2,4,4,0,,,"iri takup kusu ki h_ikeka,"
5475,True,6,2,5,5,0,,,"""a= utariutar, tap a= kar pe."""
5476,True,5,2,4,4,0,,,"sekor a= ona hawean kor,"
5477,True,18,2,17,17,0,,,"sorekusu pirka =an siri i= ekeske pa a= utariutar ki pa ne hi ne kuni a= ramu hikeka,"
5478,True,8,2,7,7,0,,,"a= ona anakne i= eyam pe ne kus,"
5479,True,8,2,7,7,0,,,"neno ne yak sekor yaynu kus ne noyne,"
5480,True,14,2,13,13,0,,,"uturu isam no marattokor wa … kor patek oka =an pe ne a p,"
5481,True,12,2,11,11,0,,,"sineani ekimne =an akusu, a= kor pon_ seta suy i= tura wa,"
5482,True,3,2,2,2,0,,,i= piskani ehoyupu.
5483,True,6,2,5,5,0,,,"hoyupu … arpa kor hosipi wa,"
5484,True,9,2,8,8,0,,,i= koterke ora suy arpa ranke kor oka =an.
5485,True,6,2,5,5,0,,,"sine situ turasi hemespa =an akusu,"
5486,True,10,2,9,9,0,,,"pirka wa okere pero, as ru pirka pero an pe,"
5487,True,5,2,4,4,0,,,"""eun hemesu =an yak pirka."""
5488,True,4,2,3,3,0,,,"sekor iki sinne noyne,"
5489,True,7,2,6,6,0,,,ni ka un inkar wa i= nukar.
5490,True,13,2,12,12,0,,,"a= cinkihi ekupa hine corpok un i= siren sinne noyne iki wa kusu,"
5491,True,6,2,5,5,0,,,"ni corpok ta arpa =an akus_,"
5492,True,4,2,3,3,0,,,"""nimu =an yak pirka."""
5493,True,6,2,5,5,0,,,sekor iki sinne noyne herikasi inkar.
5494,True,6,2,5,5,0,,,asinuma ka i= nukar h_i kusu
5495,True,15,2,14,14,0,,,"a= kor pon_ seta ye p ehayta iki =an yak a= sitoma p ne kus,"
5496,True,5,2,4,4,0,,,ni ka ta hemesu =an.
5497,True,4,2,3,3,0,,,"as ru pirka cikuni,"
5498,True,12,2,11,11,0,,,"rep ne … ni ka ta mono a =an easkay kuni ne,"
5499,True,6,2,5,5,0,,,"rep ne ni tekehe an cikuni,"
5500,True,10,2,9,9,0,,,"niawkonta or_ ta mono a =an h_ine an =an akusu,"
5501,True,13,2,12,12,0,,,"oraun situ turasi inkar h_ine orano ok wose a ok wose a hine,"
5502,True,14,2,13,13,0,,,"ora ni corpok ta arpa hine i= corpokke ta mun tum ta heanu hine,"
5503,True,5,2,4,4,0,,,"an =an ruwe ne akus_,"
5504,True,11,2,10,10,0,,,hoskino tokap racici poro horkew ran hine ni corpok ta hotke.
5505,True,11,2,10,10,0,,,"os suy ionane kamuy ne noyne an poro horkew ran hine,"
5506,True,5,2,4,4,0,,,suy ni corpok ta hotke.
5507,True,13,2,12,12,0,,,"os suy ipone kamuy ne noyne an poro horkew, pinne horkew ran hine,"
5508,True,11,2,10,10,0,,,suy ni corpok ta hotke hine oka ruwe ne akusu ...
5509,True,6,2,5,5,0,,,"ruwe ne akusu oro ta suy,"
5510,True,13,2,12,12,0,,,"sorekus kamuy sekor a= ye yakka si pase kamuy ne noyne an kamuy,"
5511,True,7,2,6,6,0,,,ran hine suy ni corpok ta hotke.
5512,True,6,2,5,5,0,,,"hotke hine oka ruwe ne akusu,"
5513,True,12,2,11,11,0,,,"hemanta situ pes sorekusu nitek kekke kekke kor ran humi as hine,"
5514,True,5,2,4,4,0,,,"ni corpok ta ran akusu,"
5515,True,14,2,13,13,0,,,"somo a= nukar kur ne yakka cicikew-nitney sekor a= ye p ne noyne an,"
5516,True,4,2,3,3,0,,,sorekusu noskikehe cikir us.
5517,True,9,2,8,8,0,,,"ure ne epakkehe eas kor ehorakhorak hemanta ki akusu,"
5518,True,8,2,7,7,0,,,"nea matne poro horkew soyne hine arpa hine,"
5519,True,4,2,3,3,0,,,hankeno ukoyki kor paye.
5520,True,8,2,7,7,0,,,"sorekusu horkew ne kus seta haw karikari ayne,"
5521,True,11,2,10,10,0,,,"nea menoko horkew os ran a kamuy suy os hemesu hine,"
5522,True,8,2,7,7,0,,,"arpa ...arpa hine orano ukoyki kor paye ayne,"
5523,True,9,2,8,8,0,,,suy nea pinne horkew a= maketa wa hawe isam.
5524,True,10,2,9,9,0,,,"os suy nea hemanta ciraekatta hine ran ruwe ne akus_,"
5525,True,16,2,15,15,0,,,"os nea iyupne noyne an horkew suy arpa hine ukoyki kor paye p haw as akusu,"
5526,True,11,2,10,10,0,,,orano suy iruka ne kor hawe isam akus nea kamuy ...
5527,True,10,2,9,9,0,,,kamuy netopa suy siukoraye hine hemesu arpa h_ine situ ...
5528,True,8,2,7,7,0,,,"na situ ka ta hemespa somo ki hine,"
5529,True,6,2,5,5,0,,,"suy nea kamuy hawe isam akus_,"
5530,True,18,2,17,17,0,,,"i= corpokke ta mintuci tono pon ku pon ay kor astek hine oraun … ruwe ne a p,"
5531,True,14,2,13,13,0,,,"hemesu siri ka a= nukar ka somo ki no ki ruwe ne a p,"
5532,True,9,2,8,8,0,,,nea wen kamuy situ ka un orarpare haw as.
5533,True,13,2,12,12,0,,,"hine ora ran =an ka somo ki no an =an ruwe ne akus_,"
5534,True,11,2,10,10,0,,,"kawkaw noka o kosonte mi kamuy ne kus koraci an kur,"
5535,True,5,2,4,4,0,,,i= corpokke ta an h_ine
5536,True,7,2,6,6,0,,,"""aynu a= poho ni ka wa ran"""
5537,True,7,2,6,6,0,,,"sekor hawean h_i kusu ran =an h_ine,"
5538,True,9,2,8,8,0,,,a= sapa uk h_ine a= erankarap i= erankarap hine
5539,True,4,2,3,3,0,,,ora ene hawean h_i.
5540,True,14,2,13,13,0,,,"""tan aynu a= po e= ne wa itak =an ciki e= inu katu an."
5541,True,10,2,9,9,0,,,asinuma anak nep aynu a= ne ruwe ka somo ne.
5542,True,8,2,7,7,0,,,"teeta kane irawketupa kusu apkas =an h_i ta,"
5543,True,9,2,8,8,0,,,"eci= uni kasi ta rewsi =an ruwe ne akusu,"
5544,True,17,2,16,16,0,,,"kamuy ne yakka aynu ne yakka, ene siretokkor kewtum pirka p isam pe e= onaha e= unuhu."
5545,True,8,2,7,7,0,,,"""kor siretok kamuy anakun ene oka siretokkor h_i?"""
5546,True,3,2,2,2,0,,,sekor yaynu =an.
5547,True,16,2,15,15,0,,,"ne okay pe ne ora ukoposak wa po eykoytupa kor oka ruwe a= nukar h_i kusu,"
5548,True,13,2,12,12,0,,,"kamuy or_ ta tu po a= kor tu matnepo ramat a= kor pe,"
5549,True,13,2,12,12,0,,,"pon a= poho aynu mosir ka ta a= ekasnukar_ ruwe ne a p,"
5550,True,11,2,10,10,0,,,"kamuy anakne yaykoeramewnin kor ohor pe ne p yaykoeramewnin =an h_ine,"
5551,True,11,2,10,10,0,,,"ene a= itakte ka somo ki no ene e= yayramsitne hine,"
5552,True,8,2,7,7,0,,,ora e= kotanu ta neun eci= ipere ka
5553,True,5,2,4,4,0,,,"e= pirka siri nukar aynu,"
5554,True,9,2,8,8,0,,,"re aynu sorekus usa wen kamuy e= kononnoytak wa,"
5555,True,8,2,7,7,0,,,"tan cicikew-nitney a= e= kononnoytak ruwe ne wa,"
5556,True,9,2,8,8,0,,,"sorekus_ e= kor pon_ seta eramuan pe ne kus,"
5557,True,11,2,10,10,0,,,nep nep e= kor pon_ seta ni ka un e= hemesure
5558,True,8,2,7,7,0,,,"ora konto kamuy unu utari eun asurani hine,"
5559,True,5,2,4,4,0,,,"kamuy unuhu utar ikaopas kor,"
5560,True,7,2,6,6,0,,,"kamuy onaha kimun kamuy eun asurani hine,"
5561,True,10,2,9,9,0,,,"kimun kamuy nupuri kor kamuy ka san ruwe ne korka,"
5562,True,5,2,4,4,0,,,"a= maketa noyne siran h_ine,"
5563,True,12,2,11,11,0,,,"sorekusu hine ora kamuy or wa kimun kamuy, nupuri kor kamuy sorekusu"
5564,True,12,2,11,11,0,,,"`oripak kamuy erampewtek pe kamuy … aynu poho sorekusu a= pakkar wa,"
5565,True,10,2,9,9,0,,,a= maketa noyne siran pe ene katki ka somo ki?'
5566,True,7,2,6,6,0,,,"sekor nupuri kor kamuy i= koasurani kor,"
5567,True,16,2,15,15,0,,,"oraun … hine ora inkar =an akusu aoka ne yakka a= koyayatte ruwe ne wa kusu,"
5568,True,6,2,5,5,0,,,mintuci tono a= tanontaro hine an.
5569,True,12,2,11,11,0,,,"mintuci tono ran h_ine rayke ruwe ne, nea wen kamuy ki wa,"
5570,True,12,2,11,11,0,,,"atteyne mosir a= kooterke, ne wen kamuy anakne ki ruwe ne kusu,"
5571,True,6,2,5,5,0,,,"tewano anak e= itak ka ki,"
5572,True,13,2,12,12,0,,,"tane a= i= nukar … imakake ta anak i= nukar somo ki yakka,"
5573,True,11,2,10,10,0,,,oraun kamuy or_ ta kamuy e= unuhu tu matnepo kor yakka
5574,True,12,2,11,11,0,,,kor … mat e= kor yakun pirka maci ...tamasay e= kore nankor.
5575,True,4,2,3,3,0,,,e= macihi ekasnukar nankor.
5576,True,10,2,9,9,0,,,"asinuma anak sine po kamuy or_ ta a= kor kusu,"
5577,True,9,2,8,8,0,,,"aynu mosir ka ta e= an ruwe ne kusu,"
5578,True,6,2,5,5,0,,,"a= pirkakor pe a= usaraye wa,"
5579,True,10,2,9,9,0,,,tun eci= ne kus ki wa a= e= kore nankor.
5580,True,9,2,8,8,0,,,"ora tewano anak e= wenkar_ ne ya ki wa,"
5581,True,12,2,11,11,0,,,"ney ta okay pe e= esiknak ka somo ki ruwe ne kus,"
5582,True,13,2,12,12,0,,,"tewa tanto anakne iteki e= ekimne no kotan or_ ta e= san wa,"
5583,True,6,2,5,5,0,,,"e= ona eun e= ye ora,"
5584,True,9,2,8,8,0,,,"nisatta an ciki kotan kor utar e= siren wa,"
5585,True,13,2,12,12,0,,,"ne horkew kamuy utar anak kotan or un a= sapte ka eaykap kusu,"
5586,True,5,2,4,4,0,,,"kim ta eci= hopunire ora,"
5587,True,13,2,12,12,0,,,"kimun kamuy anakne kotan or_ ta eci= sanke, e= uni ta ki wa,"
5588,True,14,2,13,13,0,,,"sake eci= kar wa kimun kamuy anak eci= hopunire, nupuri kor kamuy ki wa,"
5589,True,8,2,7,7,0,,,"sorekusu an kusu siknu =an pe ne kusu,"
5590,True,12,2,11,11,0,,,"mintuci tono anak wakkauskamuy koirwakkor pe ne ... ne ruwe ne kusu,"
5591,True,13,2,12,12,0,,,"mintuci tono anakne e= onaha yayteknata pet or_ ta sorekusu inaw roski wa,"
5592,True,3,2,2,2,0,,,"mintuci tono koyairayke,"
5593,True,3,2,2,2,0,,,"wakkauskamuy koyairayke hi,"
5594,True,4,2,3,3,0,,,"e= onaha ye wa,"
5595,True,10,2,9,9,0,,,"oraun iku or_ ta eci= marattokor orano e= ye wa,"
5596,True,16,2,15,15,0,,,"ramante sake pirka rapokkehe ki wa, kamuy e= rayke ciki marattoho ne ya sorekusu ki wa,"
5597,True,13,2,12,12,0,,,"eci= marattokor wa ne hi ta e= utari eun e= ye yak anakne,"
5598,True,6,2,5,5,0,,,tewano anakne e= sitoma somo ki.
5599,True,7,2,6,6,0,,,"sorekusu e= wenkar_ ne ya ki wa,"
5600,True,10,2,9,9,0,,,ene kamuy or_ ta iki p an h_i e= nukar.
5601,True,11,2,10,10,0,,,"sorekusu e= onaha sorekusu potara ne ya nen nen ki yakne,"
5602,True,12,2,11,11,0,,,sorekusu pakno nispa isam nispa e= ne p ne ruwe ne na.
5603,True,9,2,8,8,0,,,"tan i= nukar h_i imakake ta anak ki ora,"
5604,True,5,2,4,4,0,,,oripak kamuy anakne inaw ...
5605,True,5,2,4,4,0,,,"inaw eyayepataraye p ne kusu,"
5606,True,5,2,4,4,0,,,inaw somo i= kore yakka
5607,True,10,2,9,9,0,,,"e= pirkakar pe, nusaha kes ta san e= kar wa,"
5608,True,4,2,3,3,0,,,kasi ta e= ari.
5609,True,9,2,8,8,0,,,"sake ne p wenno ki wa a= uk wa,"
5610,True,12,2,11,11,0,,,"kamuy or_ ta sakekar =an yakka sake i= eikra kor ki wa,"
5611,True,4,2,3,3,0,,,ene kamuy or_ ta
5612,True,18,2,17,17,0,,,kamuy e= unu kamuy e= saha kamuy e= yupi ene iki pa h_i e= nukar pe ne na.
5613,True,6,2,5,5,0,,,neno e= iki p ne na.
5614,True,15,2,14,14,0,,,tewano anak tane i= nukar … imakake ta anak somo i= nukar pe ne na.
5615,True,6,2,5,5,0,,,"neno e= iki p ne na"""
5616,True,1,2,1,1,0,,,sekor
5617,True,6,2,5,5,0,,,"""iteki iramante tanto anak ki no,"
5618,True,12,2,11,11,0,,,hokure iwak wa e= onaha eun e= ye wa … yak pirka.
5619,True,5,2,4,4,0,,,"tane pakno e= yaykewkor h_i,"
5620,True,8,2,7,7,0,,,"e= ona eun e= eyayerap yak pirka na."""
5621,True,11,2,10,10,0,,,"sekor kane ne a= onaha ne yak ye p hawean kor,"
5622,True,2,2,1,1,0,,,i= yaykomuraypa.
5623,True,11,2,10,10,0,,,"""aynu a= poho hetap ene setakko itak ramaci somo a= kore."
5624,True,2,2,1,1,0,,,"ora yayramsitne."""
5625,True,5,2,4,4,0,,,sekor hawean kor i= yaykomuraypa.
5626,True,5,2,4,4,0,,,asinuma ka cis =an kor
5627,True,5,2,4,4,0,,,"""a= onaha. kamuy a= onaha"""
5628,True,6,2,5,5,0,,,"sekor hawean =an kor ki wa,"
5629,True,7,2,6,6,0,,,ora rapokke kuri pan tek hine isam.
5630,True,18,2,17,17,0,,,"ruwe ne hine oraun iteki iramante =an no nani iwak =an kunak a= ona ye p ne kus,"
5631,True,10,2,9,9,0,,,iwak =an orano a= kor pon_ seta i= sam euneun.
5632,True,10,2,9,9,0,,,"siknu =an pe ne kus i= sam euneun kor orano,"
5633,True,15,2,14,14,0,,,arukesanpa =an h_ine iwak =an h_ine apa or_ ta hoskino a= kor pon_ seta awosma.
5634,True,4,2,3,3,0,,,"os ahun =an akus_,"
5635,True,2,2,1,1,0,,,"a= onautari,"
5636,True,12,2,11,11,0,,,"""a= po mak ki hine tanto or_ ta iwak tunas siri an?"""
5637,True,2,2,1,1,0,,,sekor hawean.
5638,True,9,2,8,8,0,,,"""tapne kane"" … apa a= maka h_i orano …"
5639,True,11,2,10,10,0,,,apaotki a= maka h_i orano sorekus_ a =an etok wano sorekus
5640,True,2,2,1,1,0,,,"""tapne tapne"
5641,True,18,2,17,17,0,,,"tanto ne a= kor pon_ seta an kuskeraypo siknu =an wa hosipi =an siri ene an h_i ne."""
5642,True,4,2,3,3,0,,,"sekor hawean =an. orano,"
5643,True,7,2,6,6,0,,,"""kamuy a= onaha ne yakka a= nukar."
5644,True,8,2,7,7,0,,,"sorekusu a= kor pon_ seta kamuy onaha utari,"
5645,True,6,2,5,5,0,,,kamuy yupihi sorekus i= ka opiwki.
5646,True,12,2,11,11,0,,,"nupuri kor kamuy eun a= kor pon_ seta kamuy unuhu utar asurkor,"
5647,True,13,2,12,12,0,,,"ora nupuri kor kamuy oripak kamuy kamuy a= ona eun asuru arpare wa,"
5648,True,7,2,6,6,0,,,oripak kamuy kamuy a= ona ne yakka
5649,True,12,2,11,11,0,,,"ne cicikew-nitney ne yakka eturpak kamuy epetturasi p isam pe ne wa,"
5650,True,8,2,7,7,0,,,mintuci tono kamuy a= onaha nisuk wa kusukeraypo
5651,True,6,2,5,5,0,,,"ne cicikew-nitney ka a= rayke korka,"
5652,True,3,2,2,2,0,,,sorekus_ cicikew-nitney anakne
5653,True,19,2,18,18,0,,,"mintuci tono oro wano kamuy a= ona oro wano atteyne mosir a= kooterke ruwe ne yak a= ye korka,"
5654,True,8,2,7,7,0,,,ne i= ka opiwki horkew kamuy utar anakne
5655,True,6,2,5,5,0,,,nisatta iwor or_ ta a= hopunpare.
5656,True,9,2,8,8,0,,,inaw a= ke wa aep a= se wa ki.
5657,True,16,2,15,15,0,,,"ora nupuri kor kamuy anakne cise or a= osanke wa cise or_ ta a= hopunire wa,"
5658,True,12,2,11,11,0,,,"sorekusu a= pasekurhopunire yak pirka sekor kamuy a= onaha i= ye wa,"
5659,True,4,2,3,3,0,,,"iwak =an ruwe ne."""
5660,True,11,2,10,10,0,,,orano sorekus_ a= onautari cis kor sorekus_ a= kirkewkasi i= koruyruypa.
5661,True,14,2,13,13,0,,,a= ona a= unuhu ror peka utur peka harkiso turasi ek wa i= yaykoruyruypa.
5662,True,6,2,5,5,0,,,"sorekus itak =an pe ne kusu,"
5663,True,16,2,15,15,0,,,"nani a= onaha a= nukar kamuy a= onaha a= nukar_ nani itak =an pe ne kus_,"
5664,True,2,2,1,1,0,,,itak =an.
5665,True,9,2,8,8,0,,,"""ene makanak ne a= po ene somo itak korka,"
5666,True,15,2,14,14,0,,,"sorekus kamuy kocikasnukar wa an pe ne wa a= kor pe a= po ne kus,"
5667,True,7,2,6,6,0,,,"moyre yakka sekor yaynu =an a p,"
5668,True,5,2,4,4,0,,,"po a= esatsampene a kus."""
5669,True,14,2,13,13,0,,,"sekor kane a= ona hawean kor sorekus a= onautari ki kor ki hine ora,"
5670,True,9,2,8,8,0,,,"sakekar =an kuni kamuy ye hi a= ye akusu,"
5671,True,22,2,21,21,0,,,a= uni ta ka kiorio sitoho a= kar kuni p ne yakka ranke wa atce peka ka kiorio hine ora oka =an.
5672,True,7,2,6,6,0,,,isimne sorekusu kotan epitta apkas =an hine
5673,True,12,2,11,11,0,,,"""tapne ne ruwe ne kusu nisatta a= utariutar i= tura yak pirka."""
5674,True,7,2,6,6,0,,,"sekor hawean =an ruwe ne a p,"
5675,True,9,2,8,8,0,,,earkinne eyaykopuntek pa kor konto isimne i= tura pa.
5676,True,14,2,13,13,0,,,pon menoko utar pon okkaypo utar i= tura somo ki pa p uekarpa pa.
5677,True,16,2,15,15,0,,,"upopo kor iyuta pa siri a= nukar kor ekimne =an h_ine kim ta paye =an orano,"
5678,True,11,2,10,10,0,,,a= utariutar ne horkew kamuy sapaha ri pa wa hopunpare pa.
5679,True,7,2,6,6,0,,,"kami anakne niska pa p ne kusu,"
5680,True,7,2,6,6,0,,,"kamihi seta horkew kamuy kapuhu ne yakka,"
5681,True,10,2,9,9,0,,,kor_ rusuy utar umomarpare pa. kamihi ne yakka ki pa.
5682,True,4,2,3,3,0,,,sapaha anak a= pirkakohopunire.
5683,True,13,2,12,12,0,,,asinuma anak nupuri kor kamuy a= ri wa sorekusu sapaha urihi a= kosos
5684,True,10,2,9,9,0,,,ora i= tura pa utar kimun kamuy kamihi se pa.
5685,True,16,2,15,15,0,,,"horkew kamuy anakne kamihi, urihi se pa ka eaykap wa kor_ rusuy pa p ne kusu,"
5686,True,3,2,2,2,0,,,"ki pa hine,"
5687,True,7,2,6,6,0,,,"isimne tak pa ruwe ne hine ora,"
5688,True,10,2,9,9,0,,,ekimne =an h_ine suy si poro kamuy a= rayke hine
5689,True,7,2,6,6,0,,,"turano tu kamuy konto uerpak a= hopunire,"
5690,True,5,2,4,4,0,,,"sake pirka ruwe ne hine,"
5691,True,8,2,7,7,0,,,sake ... iyuta pa iki pa sake pirka.
5692,True,15,2,14,14,0,,,"sitokar ne ya ki pa a= utari ki pa hine, sitokar ne ya ki hine,"
5693,True,3,2,2,2,0,,,iku =an pa.
5694,True,10,2,9,9,0,,,"sorekusu marattokor =an wa sorekus_ itak =an pe ne kus_,"
5695,True,16,2,15,15,0,,,a= utari utar naa … konto yayteknata a= onaha a= kosi somo ki no marattokor =an.
5696,True,15,2,14,14,0,,,"pewre utar_ ne yakka hekattar_ ne yakka onne utar_ ne yakka opitta a= takar hine,"
5697,True,13,2,12,12,0,,,"apkas eaykap pe a= kay wa arki pa wa, ki pa orano sorekus_"
5698,True,4,2,3,3,0,,,"""a= kor kamuy okkaypo."""
5699,True,4,2,3,3,0,,,sekor hawoka sonno ki.
5700,True,7,2,6,6,0,,,kamuy a= ona ye p ne kusu
5701,True,5,2,4,4,0,,,"""a= utariutar ponno i= tere."
5702,True,5,2,4,4,0,,,"a= ye p an na."""
5703,True,5,2,4,4,0,,,"sekor hawean =an a p,"
5704,True,5,2,4,4,0,,,opitta rok wa okay kusu
5705,True,5,2,4,4,0,,,"""tapne kane nep kusu …."
5706,True,14,2,13,13,0,,,"sorekus somo itak =an a hike anakun a= pirkakar pe somo itak =an_ y_akka,"
5707,True,12,2,11,11,0,,,a= utari a= emarattokor pe nep kusu i= keske pa inonnoytak pa.
5708,True,7,2,6,6,0,,,"nanihonko sorekus a= i= rayke a yakka,"
5709,True,12,2,11,11,0,,,"kamuy a= ona i= ka opiwki hine ora itak =an ka ki,"
5710,True,9,2,8,8,0,,,sorekusu kamuy a= ona ene iki hi a= nukar.
5711,True,9,2,8,8,0,,,sorekusu mintuci tono ne yakka sorekus_ i= ka opiwki.
5712,True,7,2,6,6,0,,,"horkew kamuy utar_ ne yakka ki wa,"
5713,True,7,2,6,6,0,,,siknu =an wa iwak =an ruwe ne.
5714,True,16,2,15,15,0,,,"tewano neno iki pa yak anakne sorekusu sarak rorunpe ne somo a= ki p ne kusu,"
5715,True,16,2,15,15,0,,,"a= utariutar nep kusu ene sorekus_ a= ipere pa a= ikorpare pa yakka ki hi an?"""
5716,True,6,2,5,5,0,,,"sekor hawean =an ruwe ne akus_,"
5717,True,5,2,4,4,0,,,"""aynu opitta ka somo ne."
5718,True,3,2,2,2,0,,,"ren pakno ne."""
5719,True,8,2,7,7,0,,,"sekor a= onaha hawean pe ne a p,"
5720,True,15,2,14,14,0,,,"sonno ka ren pakno hepunpa pa ka somo ki no hepokiki wa oka rok ayne,"
5721,True,8,2,7,7,0,,,sinen po hene a= ramuewen h_ikehe hepuni hine
5722,True,16,2,15,15,0,,,"""hemanta kus ohayne a= kor kamuy okkaypo, ene sorekus pirka kar pe a= e p ora,"
5723,True,17,2,16,16,0,,,"nep kusu ene a= kor okkaypo utar a= sikatkore wa ene oka iki a= ki pa kus_,"
5724,True,12,2,11,11,0,,,"tewano anakne somo neno oka iki a= ki pa kusu ne kusu,"
5725,True,10,2,9,9,0,,,"a= kor okkaypo ikia ciwennoramu h_i ka i= ekarkar_ na."""
5726,True,11,2,10,10,0,,,sekor kane kiyanne noyne an okkaypo ne hike hawean ruwe ne.
5727,True,4,2,3,3,0,,,mosma oka h_ike anak
5728,True,14,2,13,13,0,,,"""hemanta kusu atce wa a= yupihi ne a h_ike anakun ene i= sikatkore wa"
5729,True,7,2,6,6,0,,,ene oka iki p a= ki .
5730,True,19,2,18,18,0,,,"ene a= kor okkaypo pirka kar pe somo ney ta an kor a= i= ere pa wa ki yan."""
5731,True,7,2,6,6,0,,,sekor kane haweoka kor i= koonkami pa.
5732,True,11,2,10,10,0,,,"""tewano anakne somo neno oka wen kewtum a= kor kus ne."""
5733,True,10,2,9,9,0,,,"sekor hawoka kor sorekusu ki pa ruwe ne hine ora,"
5734,False,3,2,2,1,1,ja,marattoho ???,sorekusu marattoho ???
5735,True,9,2,8,8,0,,,"a= onaha mintuci tono etok ta inaw asi wa,"
5736,True,10,2,9,9,0,,,"""sorekusu wakkauskamuy koirwakkor pe mintuci tono ne ruwe ne kusu,"
5737,True,7,2,6,6,0,,,"sorekus_ wakkauskamuy mintuci tono a= nomi sinne."""
5738,True,12,2,11,11,0,,,"sekor a= ona hawean kor inonnoytak ruwe ne hine orano oka =an,"
5739,True,12,2,11,11,0,,,orano ekimne =an kor sorekus_ yuk ne ciki kamuy ne ciki ...
5740,True,7,2,6,6,0,,,ne ancikari nani kamuy a= onaha …
5741,True,19,2,18,18,0,,,"sake ne p ueunno nusa or_ ta a= pirkakar pe turano sankar =an wa a= ari ruwe ne akus_,"
5742,True,10,2,9,9,0,,,"oar isam h_ine ora ioyaancikari inkar =an ruwe ne akus_,"
5743,True,16,2,15,15,0,,,"kamuy a= onaha utasa oro ta sorekusu sake ne p poronno paye wa sake ki wa,"
5744,True,8,2,7,7,0,,,sorekusu a= onautari marattokor kamuy uekarpa wa marattokor.
5745,True,23,2,22,22,0,,,"mina kane wa kamuy a= unu kamuy a= sa kamuy a= yupihi kamuy a= saha mina kane wa oka ruwe a= nukar ora,"
5746,True,2,2,1,1,0,,,a= siokunnure.
5747,True,5,2,4,4,0,,,orano sorekusu ekimne =an h_i
5748,True,4,2,3,3,0,,,nep a= kor_ rusuy.
5749,True,13,2,12,12,0,,,"ineapkusun ne menoko ne yakka pak katkemat isam katkemat a= macihi ne wa,"
5750,True,9,2,8,8,0,,,"po ...okkayo po hoski a= kor orano a= ona,"
5751,True,8,2,7,7,0,,,"""ene a= ikoytupa p iyomap ne a p."""
5752,True,6,2,5,5,0,,,sekor haweoka kor orano i= koiyomap.
5753,True,9,2,8,8,0,,,"a= macihi heru tononte takup tokap an kor ki,"
5754,True,10,2,9,9,0,,,orano sorekus nina ciki nep ne ciki sorekus nuwe koan.
5755,True,16,2,15,15,0,,,"ponno nep a= kar uturu an kor_ nani kemeyki ne ya sorekusu menoko kar pe ne,"
5756,True,14,2,13,13,0,,,nep ne yakka sorekus_ a= eykoytupa ka somo ki no ki ruwe ne ...
5757,True,3,2,2,2,0,,,"ruwe ne korka,"
5758,True,15,2,14,14,0,,,ne tumunci kamuy sekor a= ye p anakne sorekus_ umama kamuy epetturasi p somo ne.
5759,True,15,2,14,14,0,,,"mintuci tono ne yak easir a= otuwasi wa ne yak a= ona ye kor kane,"
5760,True,12,2,11,11,0,,,"ne wa an wen kamuy anak a= nukar ka somo ki korka,"
5761,True,5,2,4,4,0,,,nokaha poka somo a= nukar.
5762,True,13,2,12,12,0,,,"nani mukka neno a= sirkooterke wa isam pe ne yak a= ye p,"
5763,True,7,2,6,6,0,,,"nep a= nukar ka somo ki korka,"
5764,True,9,2,8,8,0,,,orano nupuri kor kamuy ne yakka sorekusu a= nomi.
5765,True,12,2,11,11,0,,,"a= kor pon_ seta ona utarihi yupihi ne yakka, sorekus_ a= koinawepunpa."
5766,True,17,2,16,16,0,,,sakekor =an … a= ona sakekar h_i ta ... ta sake a= kar h_i ta a= koinawepunpa.
5767,True,6,2,5,5,0,,,"sake ne yakka ki pa wa,"
5768,True,7,2,6,6,0,,,"ne wa an pe kusu hene ya,"
5769,True,12,2,11,11,0,,,"sorekus nep a= sitoma ka a= kor_ rusuy ka somo ki no,"
5770,True,11,2,10,10,0,,,"kamuy a= onaha sorekusu a= nomi ne ya wakkauskamuy a= nomi,"
5771,True,7,2,6,6,0,,,"mintuci tono a= nomi p ne kus,"
5772,True,11,2,10,10,0,,,nep a= sitoma ka nep a= kor_ rusuy ka somo ki.
5773,True,6,2,5,5,0,,,pet or_ ta iramante =an yakka
5774,True,11,2,10,10,0,,,sorekusu isitoma =an ka somo ki no sorekus cep yaokuta wa
5775,True,11,2,10,10,0,,,"pet or_ ta irama ... pet or_ ta cepkoyki =an yakka,"
5776,True,7,2,6,6,0,,,"nep a= sitoma ka somo ki no,"
5777,True,11,2,10,10,0,,,sorekus_ cepyaokuta =an wa ene iki pa hike somo a= korpare.
5778,True,6,2,5,5,0,,,"""a= kor kamuy okkaypo kamuy okkaypo."""
5779,True,6,2,5,5,0,,,sekor hawoka kor ora ueinkar =an.
5780,True,9,2,8,8,0,,,ney ta okay pe a= esiknak ka somo ki.
5781,True,15,2,14,14,0,,,"mun ne yakka kikir_ ne yakka ukoytak h_awe a= nu p ne kusu ki ora,"
5782,True,12,2,11,11,0,,,"nep ka a= eranak pe an kor a= utariutar i= kopisi wa,"
5783,True,17,2,16,16,0,,,"ora ne hi neno a= ye kor neno a= ona inonnoytak kor pirka kor orano ki orano,"
5784,True,10,2,9,9,0,,,sine ancikar nusa or un iyoykir kar humi a= nu.
5785,True,10,2,9,9,0,,,"ora kunneywa hopuni =an akus nusa or_ ta sipuyne korka,"
5786,True,11,2,10,10,0,,,"sorekus kamuy kor pe oripak kamuy i= ekasnukar pe ne kusu,"
5787,True,15,2,14,14,0,,,"kawkaw noka o sintoko ne ya suwop ne ya patci ne ya otcike ne ya,"
5788,True,5,2,4,4,0,,,"a= macihi … kamuy unuhu,"
5789,True,14,2,13,13,0,,,"""re matnepo a= kor kusu aynu a= matnepoho ne yakka a= kore kus ne."""
5790,True,9,2,8,8,0,,,"sekor kane hawean wa a= nu p ne akus_,"
5791,True,10,2,9,9,0,,,"kusu an pe ne ruwe ne kuni a= ramu wa,"
5792,True,6,2,5,5,0,,,"a= macihi kosinninu ruwe ne ora,"
5793,True,12,2,11,11,0,,,"sorekusu nep a= sitoma nep a= kor_ rusuy ka somo ki no,"
5794,True,6,2,5,5,0,,,kamuy or un inkar =an kor
5795,True,6,2,5,5,0,,,a= yuputari ene iki pa hi
5796,True,14,2,13,13,0,,,a= yupihi a= sautari a= unuutari ki siri a= nukar kor orano oka =an.
5797,True,8,2,7,7,0,,,sorekus_ posiresitte =an wa a= unuutari i= kouerayninne.
5798,True,8,2,7,7,0,,,pakkay kane wa kotan uturu peka sinewpa pa.
5799,True,10,2,9,9,0,,,uturu ta a= poutari sorekusu kotan uturu a= eapkaste pa.
5800,True,7,2,6,6,0,,,sorekus_ pakno nispa isam nispa a= ne.
5801,True,8,2,7,7,0,,,"pak ison kur isam kur a= ne wa,"
5802,True,14,2,13,13,0,,,"sorekus_ nep a= sitoma ka a= kor_ rusuy ka somo ki no ki rapokke,"
5803,True,6,2,5,5,0,,,a= onautari onne wa a= pirkakuronnere.
5804,True,10,2,9,9,0,,,"okake ta sorekus pakno nispa isam nispa a= ne wa,"
5805,True,12,2,11,11,0,,,"tapne ne wa kusu pirka =an siri ene an h_i ne kus_,"
5806,True,11,2,10,10,0,,,ikiankunak a= poutari nupuri kor kamuy ne yakka nomi oyra na.
5807,True,16,2,15,15,0,,,"horkew kamuy … kamuy a= kor pon_ seta ne yakka a= pirkaonnere wa isam okake ta,"
5808,True,10,2,9,9,0,,,`tapne ne wa horkew kamuy kamuy ekasi utar a= nomi.'
5809,True,3,2,2,2,0,,,"sekor hawoka kor,"
5810,True,12,2,11,11,0,,,"sake ne yakka inaw ne yakka nusa or_ ta ari pa yakne,"
5811,True,12,2,11,11,0,,,"horkew kamuy utar kamuy ekasi kamuy utari uyna wa eyaykamuynere pa yak,"
5812,True,16,2,15,15,0,,,"kamuy or wa sorekusu sermak a= us wa nep sitoma ka somo ki ruwe ne kus_,"
5813,True,5,2,4,4,0,,,neno iki pa yak pirka.
5814,True,8,2,7,7,0,,,"orano mintuci tono anak kosne kamuy ne p,"
5815,True,12,2,11,11,0,,,"eytasa ohonno a= nomi ka etoranne kor asinuma ka a= nomi yakun,"
5816,True,10,2,9,9,0,,,okake ta anak a= poutari somo nomi yakka pirka kusu
5817,True,7,2,6,6,0,,,wakkauskamuy anakne ika nomi oyra pa na.
5818,True,5,2,4,4,0,,,wakkauskamuy an kuskeraypo wakkaku =an.
5819,True,6,2,5,5,0,,,"nep ne yakka wakkauskamuy an kuskeraypo,"
5820,True,9,2,8,8,0,,,cep ne yakka nep ne yakka nuwe a= koan.
5821,True,14,2,13,13,0,,,"kotan uturu sorekus_ a= kor son utar a= apkaste sinne kusu ki pa wa,"
5822,True,10,2,9,9,0,,,a= utari utar_ ne yakka iteki neno oka wen kewtum.
5823,True,7,2,6,6,0,,,pak a= sitoma p isam pe ne.
5824,True,16,2,15,15,0,,,"ora sorekusu pet epitta a= kor Iskar tumam anakne nep ka a= eranak pe an kor,"
5825,True,8,2,7,7,0,,,"menoko ne yakka okkayo ne yakka ki kor,"
5826,True,8,2,7,7,0,,,"koaskay kur_ neno koaykap kur_ neno ne hikeka,"
5827,True,6,2,5,5,0,,,atay a= uk ka somo ki.
5828,True,1,2,1,1,0,,,"sorekus,"
5829,True,11,2,10,10,0,,,kusu menoko se wa payeoka kur anak macikor kor wa sap.
5830,True,6,2,5,5,0,,,"a= maci a= kore hi kus_,"
5831,True,8,2,7,7,0,,,"a= macihi pak katkemat isam katkemat ne wa,"
5832,True,10,2,9,9,0,,,"tane onne =an pa siri ene an h_i ne kus_,"
5833,True,9,2,8,8,0,,,"tanpe kusu V, punkar sinta V a= yaykosina2 V"
5834,True,3,2,2,2,0,,,a= yaykoyupu V
5835,True,4,2,3,3,0,,,"hoyupu =an w_a, V"
5836,True,4,2,3,3,0,,,"arpa =an awa, V"
5837,True,8,2,7,7,0,,,"kotan kor kur soyke ta arpa =an na,"
5838,True,6,2,5,5,0,,,"V ki p ne kusu, V"
5839,True,7,2,6,6,0,,,"puyar or wa hehewpa =an na, V"
5840,True,7,2,6,6,0,,,kotan kor kur iruyke kor an V
5841,True,13,2,12,12,0,,,"“korka, asinuma anakne aynu kotan a= nukar_ rusuy kusu, arpa =an pe ne”"
5842,True,9,2,8,8,0,,,"sekor yaynu =an w_a kusu, hoyupu =an w_a, V"
5843,True,7,2,6,6,0,,,"aynu kotan ta arpa =an awa, V"
5844,True,3,2,2,2,0,,,nepenepo iranmakaka V
5845,True,7,2,6,6,0,,,"pirka cise V poronno an w_a, V"
5846,True,6,2,5,5,0,,,as ru konna V mewnatara V
5847,True,9,2,8,8,0,,,"a= erayap kor, V hosipi =an na, V suy,"
5848,True,10,2,9,9,0,,,kotan kor kur soyke ta ek =an ruwe ne V
5849,True,9,2,8,8,0,,,"inkar =an awa, V tu menoko an w_a, V"
5850,True,7,2,6,6,0,,,sine menoko V itese kor an V
5851,True,7,2,6,6,0,,,sine menoko V kemeyki kor an V
5852,True,10,2,9,9,0,,,"ki akusu kotan kor kur V ene hawean h_i, V"
5853,True,7,2,6,6,0,,,"“menokoutar, V kamuy payokay noyne humas na,"
5854,True,4,2,3,3,0,,,"oripak ki yan”, V"
5855,True,6,2,5,5,0,,,"sekor, kotan kor kur hawean awa,"
5856,True,6,2,5,5,0,,,"etoko ta sapaha uk wa, V"
5857,True,12,2,11,11,0,,,"kar pe makoraye, V oripak ki wa okay ruwe a= nukar na"
5858,True,8,2,7,7,0,,,"V “nepenepo uitaknu ruwe” sekor yaynu =an w_a,"
5859,True,9,2,8,8,0,,,a= erayap kor hosipi =an ruwe ne na V
5860,True,6,2,5,5,0,,,"sekor, kanna kamuy isoytak ruwe ne"
5861,True,7,2,6,6,0,,,"a= unuhu an, a= akihi an w_a"
5862,True,9,2,8,8,0,,,"ren a= ne wa oka =an pe ne hike,"
5863,True,4,2,3,3,0,,,"a= unuhu soyne kor,"
5864,True,6,2,5,5,0,,,"“eci= acaha an ruwe ne na,"
5865,True,9,2,8,8,0,,,"nep ka a= ep kor wa ek, nankor na,"
5866,True,3,2,2,2,0,,,"asinuma isam rapok,"
5867,True,8,2,7,7,0,,,"iteki e yan” sekor hawean kor patek soyne,"
5868,True,4,2,3,3,0,,,"kor okay =an akusu,"
5869,True,6,2,5,5,0,,,"sonno poka, poro aynu ek wa,"
5870,True,6,2,5,5,0,,,"yuk tapkiri sinep ani kane wa,"
5871,True,9,2,8,8,0,,,"ek wa, “e yan, haa, eci= poro ruwe an,"
5872,True,10,2,9,9,0,,,"tane nepki, ... nepki easkay pak, eci= poro ruwe an,"
5873,True,6,2,5,5,0,,,"nisatta nepkiepaye =an kus ne na,"
5874,True,8,2,7,7,0,,,"eci= ekanok kus ne na”, sekor hawean kor,"
5875,True,7,2,6,6,0,,,"hosipi wa isam, a= unuhu ek wa"
5876,True,5,2,4,4,0,,,"a= ye akusu, “isenram” sekor,"
5877,True,6,2,5,5,0,,,"“eci= onaha ka, ene hawean kor,"
5878,True,4,2,3,3,0,,,"tura wa arpa wa,"
5879,True,10,2,9,9,0,,,"eci= onaha ka hosipi ka somo ki ruwe ne no,"
5880,True,5,2,4,4,0,,,"akusu, suy ene hawean h_i”,"
5881,True,3,2,2,2,0,,,sekor hawean kor
5882,True,8,2,7,7,0,,,"a= unuhu iruska kor an a p ne,"
5883,True,4,2,3,3,0,,,"“nisatta” sekor haw’as yakka,"
5884,True,9,2,8,8,0,,,"“sirpeker wa haw’as, nisatta ne” kunak a= ramu akusu,"
5885,True,10,2,9,9,0,,,"naa nisat ka ek ka somo ki, sirkunne hi ta,"
5886,True,8,2,7,7,0,,,"”haa, eci= ekanok kusu ek =an ruwe ne”,"
5887,True,4,2,3,3,0,,,"sekor hawean wa, kusu,"
5888,True,6,2,5,5,0,,,"sipine =an kor an =an akusu,"
5889,True,13,2,12,12,0,,,"a= unuhu retar katak sinep, kunne katak sinep i= kore wa ek wa,"
5890,True,6,2,5,5,0,,,"“nep ka e= sitoma an yakun,"
5891,True,6,2,5,5,0,,,"oro un kunne katak e= osura,"
5892,True,10,2,9,9,0,,,"retar katak anak siyoka un e= osura yak, pirka na”,"
5893,True,3,2,2,2,0,,,"sekor hawean kor,"
5894,True,6,2,5,5,0,,,"katak tup i= kore wa kusu,"
5895,True,7,2,6,6,0,,,"a= upsoro a= omare wa, arpa =an"
5896,True,9,2,8,8,0,,,"ne a= acaha kor cip a= i= ore wa,"
5897,True,5,2,4,4,0,,,"arpa =an ayne, sirpeker wa,"
5898,True,9,2,8,8,0,,,"inkar =an akusu, haa, a= sitoma no okay pe"
5899,True,8,2,7,7,0,,,"poronno okay, “te ta nepki =an usi ne”,"
5900,True,6,2,5,5,0,,,"sekor, hawean kor, cipeyaotke wa kusu,"
5901,True,10,2,9,9,0,,,"cip or wa heyasi terke =an w_a, inkar =an akusu,"
5902,True,7,2,6,6,0,,,"haa, a= sitoma no okay pe poronno"
5903,True,3,2,2,2,0,,,"ukomoyoyke kor okay,"
5904,True,7,2,6,6,0,,,"akusu, kunne katak eun a= osura wa,"
5905,True,7,2,6,6,0,,,"retar katak siyoka un a= osura wa,"
5906,True,8,2,7,7,0,,,"orowa, hoyupu =an ma siyoka un hosipi =an,"
5907,True,11,2,10,10,0,,,"retar katak karkarse hi neno, retar katak kese a= anpa wa,"
5908,True,10,2,9,9,0,,,"hoyupu =an w_a hosipi =an korka, i= yos nep ka"
5909,True,8,2,7,7,0,,,"ek humi ka, ek hawe ka isam no,"
5910,True,12,2,11,11,0,,,"hoyupu =an w_a, retar katak kese a= anpa wa, arpa =an ayne,"
5911,True,13,2,12,12,0,,,"a= unihi soyke ta arpa =an ruwe ne wa, kusu a, au …"
5912,True,9,2,8,8,0,,,"“a= unuhu, hosipi =an na” sekor hawean =an akusu"
5913,True,7,2,6,6,0,,,"“haa, neun ne korka” sekor hawean kor,"
5914,True,9,2,8,8,0,,,"apa caka wa i= kore wa, ahup =an korka,"
5915,True,11,2,10,10,0,,,"nep ka i= yos ek hawe ka isam pe ne kusu,"
5916,True,6,2,5,5,0,,,"a= eramusinne wa okay =an, orowano,"
5917,True,6,2,5,5,0,,,"tane poro =an pe ne kusu,"
5918,True,7,2,6,6,0,,,"a= akihi turano ekimne arpa =an w_a,"
5919,True,12,2,11,11,0,,,"yuk ne yakka, isepo ne yakka a= rayke wa ek =an w_a,"
5920,True,7,2,6,6,0,,,a= unuhu a= ere kor okay =an
5921,True,8,2,7,7,0,,,"a= unuhu pirkareska =an kor okay =an ayne,"
5922,True,6,2,5,5,0,,,"tane poro =an pe ne kusu,"
5923,True,10,2,9,9,0,,,"poro kamuy ka a= osikoni ka ki p ne kusu,"
5924,True,6,2,5,5,0,,,"a= unuhu pirka a= reska ki,"
5925,True,9,2,8,8,0,,,"pirka a= ep a= ere kor okay =an ayne,"
5926,True,7,2,6,6,0,,,"a= unuhu ka onne wa isam korka,"
5927,True,10,2,9,9,0,,,"a= akihi turano ekimne ne yakka, nep a= ki yakka"
5928,True,6,2,5,5,0,,,a= akihi turano patek an nankor
5929,True,8,2,7,7,0,,,"asinuma ka tane poro =an pe ne kusu,"
5930,True,8,2,7,7,0,,,"pirka menoko a= etun w_a a= kor wa,"
5931,True,3,2,2,2,0,,,a= akihi ka
5932,True,8,2,7,7,0,,,"pirka menoko a= etun w_a a= kore wa,"
5933,True,15,2,14,14,0,,,"a= akihi turano, nep a= ki yakka, a= kar kor okay =an ruwe ne se"
5934,True,4,2,3,3,0,,,sakehe ci= kar V
5935,True,7,2,6,6,0,,,"kamuy opitta V c= etakkar na, V"
5936,True,8,2,7,7,0,,,"eyami okkayo ka V c= etakkar na, V"
5937,True,8,2,7,7,0,,,"paskur okkayo ka V c= etakkar na, V"
5938,True,5,2,4,4,0,,,"tutko rerko ne wa, V"
5939,True,9,2,8,8,0,,,"“sake p ... ka pirka” sekor hawas wa, V"
5940,True,5,2,4,4,0,,,"iku =an ki na, V"
5941,True,5,2,4,4,0,,,kamuy opitta V eukoyaykopuntek V
5942,True,5,2,4,4,0,,,"iku =an ki na, V"
5943,True,5,2,4,4,0,,,"iku kes an kor, V"
5944,True,3,2,2,2,0,,,eyami okkayo V
5945,True,5,2,4,4,0,,,tapkartapkar V esoyne soyne V
5946,True,4,2,3,3,0,,,"iruka an kor, V"
5947,True,7,2,6,6,0,,,"sinen ne hosipi wa ek na, V"
5948,True,6,2,5,5,0,,,sine nisew num V ekupa kane
5949,True,6,2,5,5,0,,,"V hosipi wa ek na, V"
5950,True,5,2,4,4,0,,,kamuy opitta V eminare V
5951,True,8,2,7,7,0,,,"ki akusu, V paskur okkayo V inkarinkar, V"
5952,True,2,2,1,1,0,,,cisoynaraye V
5953,True,6,2,5,5,0,,,"nani hosipi wa ek na, V"
5954,True,4,2,3,3,0,,,"inkar =an awa, V"
5955,True,7,2,6,6,0,,,"poro si taktak V ekupa kane, V"
5956,True,7,2,6,6,0,,,"ek ... hosipi wa ek na, V"
5957,True,7,2,6,6,0,,,"kamuy opitta V iruska ki wa, V"
5958,True,7,2,6,6,0,,,"paskur okkayo V a= ukokikkik na, V"
5959,True,5,2,4,4,0,,,"a= rayke wa isam, V"
5960,True,7,2,6,6,0,,,"esoyne a= osura wa an na, V"
5961,True,7,2,6,6,0,,,"kamuy opitta iruska wa, “te wano anak"
5962,True,9,2,8,8,0,,,ene an icakkere ikoysanpa anak somo an nankor_ na”
5963,True,6,2,5,5,0,,,sekor hawean kor ... haweoka kor
5964,True,5,2,4,4,0,,,hosippa ruwe ne na V
5965,True,9,2,8,8,0,,,mus a= ne wa an =an pe ne hike
5966,True,8,2,7,7,0,,,sineanpeta ... poro cise or_ ta an =an
5967,True,11,2,10,10,0,,,poro cise or_ ta sinen ne an pe an =an ruwe
5968,True,1,2,1,1,0,,,sineanpeta
5969,True,12,2,11,11,0,,,"cise, cise ka peka heman ... nep ka omanan pekor yaynu =an"
5970,True,7,2,6,6,0,,,w_a soyne =an w_a inkar =an akusu
5971,True,8,2,7,7,0,,,"topattumi kuni p poronno ek ... arki wa,"
5972,True,3,2,2,2,0,,,as wa okay
5973,True,11,2,10,10,0,,,nimaraha cise ka peka omanan kor an hi a= eramuan wa
5974,True,3,2,2,2,0,,,a= eramutuy kusu
5975,True,7,2,6,6,0,,,hoyupu =an wa Urayusnay un arpa =an
5976,True,5,2,4,4,0,,,a= easurani kusu arpa =an
5977,True,6,2,5,5,0,,,hoyupu =an w_a arpa =an w_a
5978,True,8,2,7,7,0,,,kotan kor kur oro ta arpa =an w_a
5979,True,2,2,1,1,0,,,"“tapne tapne,"
5980,True,6,2,5,5,0,,,topattumi kuni p utar poronno arki
5981,True,4,2,3,3,0,,,wa okay ruwe ne”
5982,True,6,2,5,5,0,,,humse kor as tek a korka
5983,True,3,2,2,2,0,,,a wa orowa
5984,True,4,2,3,3,0,,,yayutar oro pawetenke wa
5985,True,4,2,3,3,0,,,kotan epitta easurani wa
5986,True,4,2,3,3,0,,,kotan kor utar poronno
5987,True,4,2,3,3,0,,,nispa utar uwekarpa wa
5988,True,2,2,1,1,0,,,orowano tuminonnoitakpa
5989,True,2,2,1,1,0,,,tuminonnoitakpa ayne
5990,True,8,2,7,7,0,,,kotan pa wa poro kem tak hopuni wa
5991,True,5,2,4,4,0,,,kotan kes wa hacir na
5992,True,7,2,6,6,0,,,"“wen ruwe ne wa” sekor_ ne, suy"
5993,True,4,2,3,3,0,,,kamuy’oroitak kor okay akusu
5994,True,8,2,7,7,0,,,kotan kes wa poro kem tak hopuni wa
5995,True,5,2,4,4,0,,,kotan pa un hacir na
5996,True,6,2,5,5,0,,,“wen ruwe ne” sekor haweoka kor
5997,True,5,2,4,4,0,,,"inonnoitak a inonnoitak a ayne,"
5998,True,13,2,12,12,0,,,kotan noski wa poro kem tak hopuni wa kotan enka ta yaske wa
5999,True,6,2,5,5,0,,,"kotan pa un sine p hacir,"
6000,True,6,2,5,5,0,,,sine p kotan kes un hacir
6001,True,7,2,6,6,0,,,"akusu “tane pirka siri ne” sekor ne,"
6002,True,4,2,3,3,0,,,"orowano, tumihayokpa ki kor"
6003,True,6,2,5,5,0,,,"nispa utar tumihayokpa kor okay, wa"
6004,True,3,2,2,2,0,,,tumihayokpa wa orowa
6005,True,7,2,6,6,0,,,kunne tere wa okay akusu sirkunne akusu
6006,True,8,2,7,7,0,,,sonno poka topattumi kuni p utar poronno arkiarki
6007,True,8,2,7,7,0,,,"opitta a= tuye wa a= rayke wa isam,"
6008,True,4,2,3,3,0,,,sinep ka isam no
6009,True,8,2,7,7,0,,,"opitta a= rayke wa isam, akusu nispa utar"
6010,True,3,2,2,2,0,,,sakekar =an w_a
6011,True,9,2,8,8,0,,,mus kamuy a= nomi kus ne” sekor haweoka kor
6012,True,3,2,2,2,0,,,"sakekar kur sakekar,"
6013,True,3,2,2,2,0,,,inawke kur inawke
6014,True,4,2,3,3,0,,,"usa sito kar, hene"
6015,True,10,2,9,9,0,,,usa a= ep pirka a= ep poronno a= kar wa
6016,True,10,2,9,9,0,,,sake ka tutko rerko ne wa pirka sekor ne wa
6017,True,6,2,5,5,0,,,"orowa, “mus kamuy a= nomi” sekor"
6018,True,4,2,3,3,0,,,a= i= nomi wa
6019,True,13,2,12,12,0,,,"usa a= ep hene, inaw hene, sake hene poronno a= i= kore korka"
6020,True,10,2,9,9,0,,,yaykata a= kor wa hosipi ka a= eaykap pe ne
6021,True,5,2,4,4,0,,,kusu a= i= erura wa
6022,True,3,2,2,2,0,,,a= unihi ta
6023,True,18,2,17,17,0,,,"usa a= ep, usa inaw, sake hene, nep ne yakka poronno a= uni ta a= i= erura wa"
6024,True,4,2,3,3,0,,,"a= eyaykamuynere kor an,"
6025,True,5,2,4,4,0,,,mus a= ne ruwe ne
6026,True,8,2,7,7,0,,,a= hokuhu an w_a okay =an pe ne
6027,True,6,2,5,5,0,,,hike ukoposak pe a= ne wa
6028,True,8,2,7,7,0,,,mismu =an kor okay =an pe ne akusu
6029,True,8,2,7,7,0,,,"ehempak, ... hempak, okkayo hekaci a= kor wa"
6030,True,3,2,2,2,0,,,a= nukar wa
6031,True,11,2,10,10,0,,,a= hokuhu arke a= yasa apekor an hekaci a= kor wa
6032,True,5,2,4,4,0,,,a= hokuhu po anakne eyaykopuntek
6033,True,5,2,4,4,0,,,wa pokor =an akusu orowano
6034,True,5,2,4,4,0,,,ekimne ka somo ki no
6035,True,6,2,5,5,0,,,cise or_ ta patek an w_a
6036,True,5,2,4,4,0,,,hekaci nanuhu patek nukar kor
6037,True,6,2,5,5,0,,,"kestoankor an w_a ayn ... ayne,"
6038,True,8,2,7,7,0,,,re pa ka ekimne ka somo ki no
6039,False,11,2,10,8,2,ja,KONDO DANNASANNO || DANNASANNO IUKOTODE,"poho epunkine wa an ruwe ne wa, akusu KONDO DANNASANNO IUKOTODE"
6040,True,8,2,7,7,0,,,"haa, a= macihi pokor wa a= nukar akusu"
6041,True,15,2,14,14,0,,,aa ... “a= arkehe a= yasa apekor an hekaci ne” sekor aynu opitta haweokay koraci
6042,True,8,2,7,7,0,,,i= neno an hekaci ne noyne an w_a
6043,True,7,2,6,6,0,,,a= eyaykopuntek wa a= ukoterkere kor an
6044,True,15,2,14,14,0,,,ayne re pa ka ekimne =an ka somo ki no an =an anan wa kusu
6045,True,12,2,11,11,0,,,ekimne =an sekor ... ekimne =an w_a inkar =an sekor yaynu =an
6046,True,5,2,4,4,0,,,w_a ekimne arpa =an w_a
6047,True,3,2,2,2,0,,,sanke kuca ka
6048,True,8,2,7,7,0,,,kimun kuca ka a= kor pe ne kusu
6049,True,7,2,6,6,0,,,"kimun kuca or_ ta arpa =an w_a,"
6050,True,7,2,6,6,0,,,sanke kuca or_ ta arpa =an w_a
6051,True,6,2,5,5,0,,,rewsi =an w_a yayeynonnoitak =an w_a
6052,True,7,2,6,6,0,,,inaw a= roski wa suke =an w_a
6053,True,6,2,5,5,0,,,ipe =an w_a hotke =an w_a
6054,True,7,2,6,6,0,,,kuneywa hopuni =an w_a inkar =an akusu
6055,True,5,2,4,4,0,,,a= roski a inaw opitta
6056,True,3,2,2,2,0,,,kuca o ... 
6057,True,6,2,5,5,0,,,"i= hekota, hacir wa okay korka"
6058,True,9,2,8,8,0,,,"neun a= ramu ka somo ki no a= nukar,"
6059,True,8,2,7,7,0,,,orowa kimun kuca or_ ta suy arpa =an
6060,True,4,2,3,3,0,,,w_a rewsi =an w_a
6061,True,4,2,3,3,0,,,suy yayeynonnoitak =an wa
6062,True,6,2,5,5,0,,,suke =an w_a ipe =an w_a
6063,True,6,2,5,5,0,,,hotke =an w_a kuneywa hopuni =an
6064,True,4,2,3,3,0,,,w_a inkar =an akusu
6065,True,7,2,6,6,0,,,"a= roski inaw opitta horak wa an,"
6066,True,8,2,7,7,0,,,korka te pakno ek =an ruwe ne kusu
6067,True,11,2,10,10,0,,,neun ka apkas =an w_a inkar =an sekor yaynu =an w_a
6068,True,10,2,9,9,0,,,kuca soy ta pon nay pirka pon nay ka an
6069,True,6,2,5,5,0,,,w_a nay turasi arpa =an akusu
6070,True,3,2,2,2,0,,,"nupuri poronno an,"
6071,True,8,2,7,7,0,,,ne nupuri a= nukar kor an =an akusu
6072,True,14,2,13,13,0,,,nupuri kes ta ponpon nupuri onnay ta nep ka an w_a a= nukar akusu
6073,True,4,2,3,3,0,,,arke ciporpe a= ota
6074,True,10,2,9,9,0,,,arke cikuy pas a= kuste apekor an pe an w_a
6075,True,12,2,11,11,0,,,"i= nukar akusu mina tek pekor iki siri a= nukar wa, kusu"
6076,True,6,2,5,5,0,,,nani hosipi =an ak ... korka
6077,True,5,2,4,4,0,,,i= kes anpa wa ek
6078,True,5,2,4,4,0,,,wa i= yos i= haypahaypa
6079,True,5,2,4,4,0,,,"a= sapaha haypahaypa kor ek,"
6080,True,6,2,5,5,0,,,wa kusu tasiro a= etaye wa
6081,True,7,2,6,6,0,,,a= tuye kor hoyupu =an ke? ka
6082,True,8,2,7,7,0,,,"i= risparispa kor i= yokake, i= yokake ..."
6083,True,9,2,8,8,0,,,kese anpa wa ... i= kes anpa wa ek
6084,True,5,2,4,4,0,,,neun poka iki =an w_a
6085,True,9,2,8,8,0,,,"kuca soy pakno arpa =an sekor yaynu =an w_a,"
6086,True,8,2,7,7,0,,,a= tawki ranya ... a= tawki ranke kor
6087,True,7,2,6,6,0,,,kuca soy pak arki =an a korka
6088,True,7,2,6,6,0,,,"neun iki =an y_a ka a= eramuskari,"
6089,True,4,2,3,3,0,,,"orowa oyak ta terke,"
6090,True,8,2,7,7,0,,,a= hokuhu an w_a okay =an pe ne
6091,True,6,2,5,5,0,,,akusu hentomani ta pokor =an akusu
6092,True,10,2,9,9,0,,,a= hokuhu a= yasa apekor an hekaci a= kor wa
6093,True,2,2,1,1,0,,,eyaykopuntek wa
6094,True,5,2,4,4,0,,,a= kor hekaci epunkine wa
6095,True,5,2,4,4,0,,,ekimne ka somo ki no
6096,True,6,2,5,5,0,,,re pa ka an w_a orowa
6097,True,9,2,8,8,0,,,“ekimne wa inkar sek ... inkar =an kusu ne”
6098,True,3,2,2,2,0,,,sekor hawean kor
6099,True,6,2,5,5,0,,,"soyne akusu, ek siri ka isam"
6100,True,9,2,8,8,0,,,w_a orowa sepa ... seta patek hosipi wa ek
6101,True,8,2,7,7,0,,,wa seta hemuymuye wa an ruwe a= nukar
6102,True,11,2,10,10,0,,,akusu pirka ... “nep pirka pi an ruwe ka somo ne”
6103,True,4,2,3,3,0,,,sekor yaynu =an kusu
6104,True,8,2,7,7,0,,,kotan kor kur oro ta arpa =an w_a
6105,True,4,2,3,3,0,,,“tapne tapne ne wa
6106,True,6,2,5,5,0,,,a= hokuhu ekimne kusu arpa a
6107,True,5,2,4,4,0,,,korka hosipi ka isam no
6108,True,6,2,5,5,0,,,seta patek hosipi wa ek wa
6109,True,7,2,6,6,0,,,"hemuymuye wa an ruwe a= nukar_ ruwe,"
6110,True,3,2,2,2,0,,,a= nukar kor
6111,True,8,2,7,7,0,,,‘nep pirka pi an ruwe ka somo ne’
6112,True,4,2,3,3,0,,,sekor yaynu =an w_a
6113,True,7,2,6,6,0,,,ekimne arpa =an w_a inkar =an rusuy”
6114,True,8,2,7,7,0,,,sekor kotan kor kur oro ta itak =an
6115,True,6,2,5,5,0,,,akusu “pirka hawe ne” sekor hawean
6116,True,7,2,6,6,0,,,w_a su ... sito ka a= kar
6117,True,11,2,10,10,0,,,usa a= ep poronno pirka a= ep a= kar wa orowa
6118,True,5,2,4,4,0,,,nispautar katkemat'utar i= tura wa
6119,True,4,2,3,3,0,,,ekimne paye =an w_a
6120,True,3,2,2,2,0,,,inkar =an akusu
6121,True,4,2,3,3,0,,,sonno poka a= hokuhu
6122,True,6,2,5,5,0,,,kamuyasi oro wa kese anpa wa
6123,True,5,2,4,4,0,,,kamiyasi ka ray wa an
6124,True,7,2,6,6,0,,,"a= hokuhu ka ray wa an w_a,"
6125,True,6,2,5,5,0,,,"sonno a= hokuhu a= kemnu wa,"
6126,True,6,2,5,5,0,,,ne kamuyasi anakne a= tuypatuypa wa
6127,True,4,2,3,3,0,,,wa a= kopasirota kor
6128,True,4,2,3,3,0,,,a= kopuni ruwe ne
6129,True,4,2,3,3,0,,,wa hosipi =an korka
6130,True,7,2,6,6,0,,,neun ne yakka a= hokuhu a= kemnu
6131,True,8,2,7,7,0,,,wa ene a= ye hi ka isam no
6132,True,9,2,8,8,0,,,"cis =an, cis =an kor patek an =an ayne,"
6133,True,3,2,2,2,0,,,a= wenekot wa
6134,True,6,2,5,5,0,,,ray =an w_a isam ruwe ne
6135,True,4,2,3,3,0,,,"sekor, sine menoko itak"
6136,True,4,2,3,3,0,,,a= ekasi an w_a
6137,True,6,2,5,5,0,,,a= ekasihi turano an =an w_a
6138,True,7,2,6,6,0,,,a= ekasihi suke wa i= ipere kor
6139,True,6,2,5,5,0,,,orowa easir yaykata ka ipe wa
6140,True,3,2,2,2,0,,,kuneywa soyne kor
6141,True,5,2,4,4,0,,,"onuman easir hosipi wa ek,"
6142,True,7,2,6,6,0,,,hosipi wa ek kor suy suke wa
6143,True,7,2,6,6,0,,,a= ekasihi suke wa ipe =an kor
6144,True,6,2,5,5,0,,,a= ekasihi upsor a= oahun w_a
6145,True,8,2,7,7,0,,,hotke =an kor okay =an pe ne akusu
6146,True,8,2,7,7,0,,,"sineanpeta a= ekasihi hopuni ka somo ki no,"
6147,True,5,2,4,4,0,,,ney pakno hotke wa an
6148,True,6,2,5,5,0,,,a= ekasihi makanak ki ruwe an
6149,True,7,2,6,6,0,,,sekor yaynu =an kor an =an akusu
6150,True,5,2,4,4,0,,,"hopuni wa as, apkas kor"
6151,True,7,2,6,6,0,,,"sirak ... sirappa mawehe ene an h_i,"
6152,True,5,2,4,4,0,,,"“taan hekaci, itak =an ciki"
6153,True,6,2,5,5,0,,,"pirkano e= nu kus ne na,"
6154,True,7,2,6,6,0,,,"asinuma anakne ekasi ka somo a= ne,"
6155,True,10,2,9,9,0,,,"kapatcir sekor a= ye, cikap kamuy a= ne ruwe ne"
6156,True,9,2,8,8,0,,,"kusu, ke ... ruwe ne korka paykar an kor"
6157,True,5,2,4,4,0,,,pis ta sap =an w_a
6158,True,5,2,4,4,0,,,sinot =an pe ne kusu
6159,True,7,2,6,6,0,,,suy arki =an w_a sinot =an w_a
6160,True,6,2,5,5,0,,,hosipi =an sekor yaynu =an w_a
6161,True,6,2,5,5,0,,,hosipi =an w_a ek =an akusu
6162,True,5,2,4,4,0,,,ponpe cis hawe as wa
6163,True,4,2,3,3,0,,,“hunak un ne ya”
6164,True,4,2,3,3,0,,,sekor yaynu =an w_a
6165,True,5,2,4,4,0,,,pirka pirka inkar =an akusu
6166,True,9,2,8,8,0,,,"e= cis kor cise ekopas, cisetumam ekopas-ekopas e= ki"
6167,True,6,2,5,5,0,,,kor an w_a a= nukar akusu
6168,True,6,2,5,5,0,,,"ran =an w_a inkar =an akusu,"
6169,True,8,2,7,7,0,,,naa e= apkas ka eaykap ponpe e= ne
6170,True,7,2,6,6,0,,,wa cis kor e= an wa kusu
6171,True,5,2,4,4,0,,,pirka pirka inkar =an korka
6172,True,11,2,10,10,0,,,"oar neun ka an ruwe ka isam pe, ne wa kusu,"
6173,True,10,2,9,9,0,,,"korka a= e= tura wa hosipi ka… a= e= eram,"
6174,True,12,2,11,11,0,,,a= e= hoppa wa a= e= hosipi ka a= eaykap wa kusu
6175,True,10,2,9,9,0,,,"hekaci ne ... ekasi ne an =a, yaykar =an w_a"
6176,True,12,2,11,11,0,,,"tapan, tapan to pakno, ae ... a= e= epunkine ruwe ne korka"
6177,True,8,2,7,7,0,,,tane onne ka an sinki ka an w_a
6178,True,9,2,8,8,0,,,"hosipi =an rusuy kusu, hosipi =an kusu ne na,"
6179,True,7,2,6,6,0,,,ear ... ear_ pakno an pe anak
6180,True,9,2,8,8,0,,,e= yaykata e= suke wa e= ek easkay no
6181,True,8,2,7,7,0,,,"yaitupareno suke wa e= ipe kusu ne na,"
6182,True,7,2,6,6,0,,,"korka, eani anakne e= saha ka an"
6183,True,5,2,4,4,0,,,e= yupihi ka an w_a
6184,True,5,2,4,4,0,,,"e= yupihi, e= saha anakne"
6185,True,10,2,9,9,0,,,"Sinutapka sekor a= ye usi ta, okay utar ne wa,"
6186,True,15,2,14,14,0,,,"e= yupi anakne Ponyaunpe sekor, a= ye aynu kamuy ne wa, an ruwe ne, korka,"
6187,True,11,2,10,10,0,,,"tanpe neno kotan arus ... a= arustekka hi an, ta anakne"
6188,True,5,2,4,4,0,,,uhotanukar ka nisap eaykap kusu
6189,True,8,2,7,7,0,,,arka somo ki no okay ruwe ne korka
6190,True,10,2,9,9,0,,,"uymam kusu arpa a, arpa a, paye wa okay no,"
6191,True,6,2,5,5,0,,,“nisatta hosipi wa ... hosippa kor
6192,True,3,2,2,2,0,,,sirkus wa inkar”
6193,True,5,2,4,4,0,,,sekor yaynu kor okay no
6194,True,6,2,5,5,0,,,"“e= yupihiutar nisatta arki nankor na,"
6195,True,11,2,10,10,0,,,"e= suke wa e= ipe wa, pis ta e= san wa,"
6196,True,8,2,7,7,0,,,"e= sinot kor e= an yak pirka na,”"
6197,True,5,2,4,4,0,,,"ae ... a= i= e,"
6198,True,2,2,1,1,0,,,"“hokure itak,"
6199,True,8,2,7,7,0,,,hunak wa ek hekaci e= ne ruwe an”
6200,True,7,2,6,6,0,,,"sekor ae ... a= e= hawekoyki nankor,"
6201,True,11,2,10,10,0,,,"korka iteki ... “e= sitoma p, siri kuni anak isam na,"
6202,True,16,2,15,15,0,,,“a= ekasi tapne tapne itak wa i= hoppa ruwe ne” sekor e= itak kusu ne na”
6203,True,3,2,2,2,0,,,sekor hawean kor
6204,True,5,2,4,4,0,,,puyar corpok ta arpa wa
6205,True,3,2,2,2,0,,,yaytuytuye pekor iki
6206,True,6,2,5,5,0,,,akusu poro cikap ne an w_a
6207,True,3,2,2,2,0,,,"puyar kari soyne,"
6208,True,11,2,10,10,0,,,"esoyne inawcipa or un terke wa soyne siri? a= nukar akusu,"
6209,True,6,2,5,5,0,,,hoyupu =an w_a soyne =an w_a
6210,True,9,2,8,8,0,,,inawcipa or_ ta arpa =an w_a inkar =an akusu
6211,True,8,2,7,7,0,,,a= ekasihi tane rikin kor an w_a kusu
6212,True,3,2,2,2,0,,,cis =an kor
6213,True,7,2,6,6,0,,,"“a= ekasihi a= ekasihi” sekor, a= hotuyekar"
6214,True,4,2,3,3,0,,,"akusu, a= ekasihi ka"
6215,True,8,2,7,7,0,,,"ranke nupe sak apto sir ne ranke kor,"
6216,True,9,2,8,8,0,,,"a= ekasihi rikin w_a arpa wa isam w_a, kusu,"
6217,True,9,2,8,8,0,,,"hosipi =an w_a suke =an w_a ipe =an wa,"
6218,True,8,2,7,7,0,,,"suy, onuman ka suke =an w_a ipe =an,"
6219,True,4,2,3,3,0,,,"wa, hotke =an korka"
6220,True,10,2,9,9,0,,,kuneywa suy hopuni =an w_a suke =an w_a ipe =an
6221,True,7,2,6,6,0,,,"w_a orowa pis ta san =an w_a,"
6222,True,6,2,5,5,0,,,yayturasinot =an kor an =an akusu
6223,True,4,2,3,3,0,,,"episne inkar =an akusu,"
6224,True,9,2,8,8,0,,,"uetunus utar tun arki kor okay siri a= nukar,"
6225,True,8,2,7,7,0,,,"kor, ne korka sinot =an kor an =an"
6226,True,14,2,13,13,0,,,"akusu, cip, i= hekotano i= tomunno arki utar ne noyne a= nukar kor ne"
6227,True,7,2,6,6,0,,,korka sinot =an kor an =an akusu
6228,True,5,2,4,4,0,,,sonno ka cip ek wa
6229,True,7,2,6,6,0,,,cip a= eyaotke akusu okkayo ne kur
6230,True,3,2,2,2,0,,,turi kor wa
6231,True,7,2,6,6,0,,,terke wa i= sam ta ek wa
6232,True,8,2,7,7,0,,,"“hunak wa ek hekaci e= ne ruwe an,"
6233,True,2,2,1,1,0,,,"hokure itak,"
6234,True,7,2,6,6,0,,,"itak moyre kur, itak, etokoho tuye rametok,"
6235,True,10,2,9,9,0,,,"itak tunas kur, itak okakehe tuye rametok a= ne na”"
6236,True,9,2,8,8,0,,,"sekor hawean kor ae ... aesisem ... itak korka,"
6237,True,8,2,7,7,0,,,“ae ... a= ekasihi tapne tapne itak kor
6238,True,6,2,5,5,0,,,a ... i= hoppa ruwe ne”
6239,True,4,2,3,3,0,,,"sekor itak =an akusu,"
6240,True,3,2,2,2,0,,,“a= akihi ne”
6241,True,3,2,2,2,0,,,sekor haweoka kor
6242,True,5,2,4,4,0,,,i= ka ta cispa wa
6243,True,4,2,3,3,0,,,orowa “hemakaraye =an w_a
6244,True,7,2,6,6,0,,,icarpa =an w_a hosippa =an kus ne”
6245,True,3,2,2,2,0,,,sekor haweoka kor
6246,True,8,2,7,7,0,,,"sake, ka a= ep ka poronno kor wa"
6247,True,8,2,7,7,0,,,"yap w_a, a= uni ta paye =an w_a,"
6248,True,4,2,3,3,0,,,a= saha ne kur
6249,True,4,2,3,3,0,,,cise onnay uwomare wa
6250,True,3,2,2,2,0,,,munnuwe wa orowa
6251,True,6,2,5,5,0,,,usa okay pe poronno suwe wa
6252,True,3,2,2,2,0,,,ne icarpa ki-pa
6253,True,3,2,2,2,0,,,"akusu orowa suy,"
6254,True,5,2,4,4,0,,,“kotan epitta icarpa =an w_a
6255,True,7,2,6,6,0,,,"hosippa =an kus ne sekor ne, wa,"
6256,True,5,2,4,4,0,,,paye kus ... wa kusu
6257,True,6,2,5,5,0,,,itura =an w_a inkar =an akusu
6258,True,6,2,5,5,0,,,"inne kotan ne anan pe ne,"
6259,True,9,2,8,8,0,,,"sine cise poka supuya at ruwe ka isam no,"
6260,True,3,2,2,2,0,,,sir an w_a
6261,True,9,2,8,8,0,,,iyokunure =an kor a= nukar kor an =an akusu
6262,True,5,2,4,4,0,,,kotan epitta icarpa kor omanan
6263,True,7,2,6,6,0,,,"a= yupi a= saha ki kor, ayne,"
6264,True,7,2,6,6,0,,,"“tane pirka siri ne” sekor haweoka kor,"
6265,True,10,2,9,9,0,,,suy a= uni ta hosippa =an w_a arki =an akusu
6266,True,13,2,12,12,0,,,“a= yupihi ... a= akihi ka a= tura wa paye =an kus ne”
6267,True,6,2,5,5,0,,,"sekor hawean w_a, kusu a= ekasihi"
6268,True,7,2,6,6,0,,,usa kam hene cep hene poronno uwekarpare
6269,True,6,2,5,5,0,,,wa i= hoppa ruwe ne korka
6270,True,4,2,3,3,0,,,opitta a= kor wa
6271,True,7,2,6,6,0,,,a= yupihiutar a= tura wa paye =an
6272,True,8,2,7,7,0,,,"wa kusu, arkinne a= yupihi i= yomap w_a"
6273,True,3,2,2,2,0,,,i= nukar kor
6274,True,4,2,3,3,0,,,"i= henkotpa, i= henkotpa"
6275,True,3,2,2,2,0,,,kane iki kor
6276,True,5,2,4,4,0,,,"i= yomap pe ne kusu,"
6277,True,6,2,5,5,0,,,a= yupihi arpa akusu arpa akusu
6278,True,11,2,10,10,0,,,a= tura wa kesto omanan =an kor an ... an =an
6279,True,11,2,10,10,0,,,"w_a ayne, poro, poro hekaci ne an pe a= ne kusu"
6280,True,4,2,3,3,0,,,"nepki hene i= yepakasnu,"
6281,True,9,2,8,8,0,,,a= kar pe hene i= yepakasnu kor okay =an
6282,True,6,2,5,5,0,,,"ayne, ekimne ka i= yepakasnu kor,"
6283,True,9,2,8,8,0,,,akusu ekimne ka i= tura wa paye =an w_a
6284,True,6,2,5,5,0,,,ekimne ka i= yepakasnu ruwe ne
6285,True,13,2,12,12,0,,,"wa, “tane okkay...po sirpo a= ye ... a= uosmare wa an =an akusu”"
6286,True,5,2,4,4,0,,,a= yupihi ene hawean h_i
6287,True,11,2,10,10,0,,,"“a= akihi, eani anakne e= kor kotan un e= hosipi wa"
6288,True,8,2,7,7,0,,,a= unuhu okake e= supuyaatte kus ne na”
6289,True,1,2,1,1,0,,,"sekor,"
6290,True,6,2,5,5,0,,,“kotan kor kur a= ekoramkor wa
6291,True,15,2,14,14,0,,,"okkaypo ponno ay ... a= i= turare kuni a= ye kus ne na” sekor hawean,"
6292,True,6,2,5,5,0,,,akusu kotan kor kur a= ekoramkor
6293,True,5,2,4,4,0,,,akusu “pirka hawe ne wa”
6294,True,5,2,4,4,0,,,"sekor, hawean pe ne kusu"
6295,True,6,2,5,5,0,,,a= yupihi nani cisehe kar wa
6296,True,9,2,8,8,0,,,"a= cisehe ka pirka cise kar wa i= kore,"
6297,True,7,2,6,6,0,,,a= tura wa paye =an nu ...
6298,True,6,2,5,5,0,,,"okkaypoutar cisehe ka kar wa orowa,"
6299,True,6,2,5,5,0,,,"pirka pon menoko sinep etun w_a,"
6300,True,6,2,5,5,0,,,i= turare wa a= i= rura
6301,True,9,2,8,8,0,,,wa a= kotanuhu un hosipi =an w_a okay =an
6302,True,7,2,6,6,0,,,"korka nep a= eranak pe ka isam,"
6303,True,17,2,16,16,0,,,"nep a= e rusuy pe ka a= kor_ rusuy pe ka isam no, kor okay =an korka"
6304,True,8,2,7,7,0,,,"cise or wa ekimne =an ka ki kor,"
6305,True,10,2,9,9,0,,,yuk ci= koyki-p kamuy ci= koykip a= eawnarura kor an
6306,True,5,2,4,4,0,,,a= ekasihi a= koyairayke wa
6307,True,4,2,3,3,0,,,a= koyayattasa rusuy korka
6308,True,9,2,8,8,0,,,ene a= ye hi ka isam pe ne kusu
6309,True,9,2,8,8,0,,,a= ekasihi kamuynomi ne a= nomi kor an =an
6310,True,7,2,6,6,0,,,"pe, ne akusu ... ne wa kusu"
6311,True,9,2,8,8,0,,,nep ka a= eranak pe ka isam ruwe ne
6312,True,6,2,5,5,0,,,"sekor yaynu =an pe ne kusu,"
6313,True,10,2,9,9,0,,,a= ekasi a= nomi kor patek an =an pe ne
6314,True,7,2,6,6,0,,,"ayne, ukopokor ka an w_a, wa kusu,"
6315,True,6,2,5,5,0,,,a= poutari apunno a= reska wa
6316,True,8,2,7,7,0,,,a= porore wa pirka okkaypo ne okay wa
6317,True,5,2,4,4,0,,,nepki hene ekimne hene kipa
6318,True,10,2,9,9,0,,,kor yuk ci= koykip kamuy ci= koykip a= eawnarura akusu
6319,True,6,2,5,5,0,,,asinuma anakne kemapase ka an w_a
6320,True,8,2,7,7,0,,,ekimne anak arpa =an ka somo ki korka
6321,True,6,2,5,5,0,,,a= poutari ekimne p ne kusu
6322,True,6,2,5,5,0,,,a= i= ere p ne kusu
6323,True,17,2,16,16,0,,,nep a= e rusuy pe ka nep a= kor_ rusuy pe ka somo ki no an ayne
6324,True,7,2,6,6,0,,,"onne okkaypo a= ne ruwe ne sekor,"
6325,True,5,2,4,4,0,,,sine okkaypo itak ruwe ne
6326,True,16,2,15,15,0,,,makanak ne wa sinen ne an hekaci a= ne wa an =an ruwe ne ya ka
6327,True,3,2,2,2,0,,,a= eramiskari kor
6328,True,7,2,6,6,0,,,sinen ne an hekaci a= ne wa
6329,True,3,2,2,2,0,,,inkar =an kor
6330,True,6,2,5,5,0,,,"cise ka pirka poro cise, ne,"
6331,True,6,2,5,5,0,,,onnayke oma a p ne yakka
6332,True,4,2,3,3,0,,,iyoykir ka pirka iyoykir
6333,True,4,2,3,3,0,,,a= eywankep ne yakka
6334,True,4,2,3,3,0,,,"pirka p poronno an,"
6335,True,12,2,11,11,0,,,ku ay ne yakka pirka p a ... okay ruwe ne wa
6336,True,17,2,16,16,0,,,orowa makanak ne wa sinen ne an pe a= ne ruwe ne ya ka a= eramiskari kor
6337,True,8,2,7,7,0,,,"a= ep ka isam w_a, pe ne kusu"
6338,True,12,2,11,11,0,,,nep ka nep ka okay pe a=e w … a= suwe wa
6339,True,7,2,6,6,0,,,"a= e kor an =an, sirsak kor,"
6340,True,5,2,4,4,0,,,"kinakar =an w_a a= e,"
6341,True,11,2,10,10,0,,,neun nep ka nep ka a= e kor an =an ayne
6342,True,8,2,7,7,0,,,ponno poro hekaci ne an pe ne kusu
6343,True,6,2,5,5,0,,,kim ta ka arpa =an w_a
6344,True,4,2,3,3,0,,,"kuca ka a= kar,"
6345,True,5,2,4,4,0,,,kotan un nispautar ekimne kor
6346,True,11,2,10,10,0,,,hunak un paye siri ne ya ka a= nukar_ rusuy kusu
6347,True,7,2,6,6,0,,,kese a= anpa wa arpa =an w_a
6348,True,3,2,2,2,0,,,a= nukar kor
6349,True,5,2,4,4,0,,,"paye ayne ekimne ahup w_a,"
6350,True,7,2,6,6,0,,,"paye siri a= nukar pe ne kusu,"
6351,True,2,2,1,1,0,,,“hempara ka
6352,True,8,2,7,7,0,,,asinuma ka ekimne arpa =an w_a inkar =an”
6353,True,4,2,3,3,0,,,sekor yaynu =an w_a
6354,True,10,2,9,9,0,,,ku ay a= ukosina wa a= nu p ne kusu
6355,True,2,2,1,1,0,,,hentomani ta
6356,True,11,2,10,10,0,,,ku a= se wa ekimne arpa =an w_a inkar =an akusu
6357,True,13,2,12,12,0,,,poro kamuy seturuhu i= tutanure wa a wa an ruwe a= nukar kusu
6358,True,6,2,5,5,0,,,a= cotca wa inkar =an akusu
6359,True,6,2,5,5,0,,,"apunno, sumawne siri a= nukar wa"
6360,True,8,2,7,7,0,,,orowa sama ta arpa =an w_a a= koonkami
6361,True,5,2,4,4,0,,,wa orowa iri =an w_a
6362,True,8,2,7,7,0,,,"a= se, a= se pak a= se wa"
6363,True,3,2,2,2,0,,,hosipi =an w_a
6364,True,5,2,4,4,0,,,soy ta ka a= racitkere
6365,True,8,2,7,7,0,,,"cise or_ ta ka a= racitkere ne kusu,"
6366,True,4,2,3,3,0,,,"sumihi cik kor okay,"
6367,True,7,2,6,6,0,,,eun kesto a= e kor an korka
6368,True,8,2,7,7,0,,,nep ka etarkirir ka ...  siri isam no
6369,True,6,2,5,5,0,,,"a= e kor an, a korka"
6370,True,11,2,10,10,0,,,ekimne hene arpa =an wa inkar =an sekor yaynu =an w_a
6371,True,6,2,5,5,0,,,kimun kuca ka a= kar wa
6372,True,4,2,3,3,0,,,an pe ne kusu
6373,True,7,2,6,6,0,,,kimun kuca or_ ta arpa =an w_a
6374,True,3,2,2,2,0,,,rewsi =an w_a
6375,True,6,2,5,5,0,,,suke =an w_a a= e wa
6376,True,9,2,8,8,0,,,na hotke =an somo ki no an =an akusu
6377,True,8,2,7,7,0,,,oro ta poro aynu ahun kane iki wa
6378,True,12,2,11,11,0,,,"“tanukuran te ta i= rewsi wa i= kore yan” sekor hawean, akusu"
6379,True,8,2,7,7,0,,,“pirka hawe ne wa” sekor itak =an akusu
6380,True,8,2,7,7,0,,,"nani suke =an w_a ne kur a= ipere,"
6381,True,6,2,5,5,0,,,uwenewsar =an kor okay =an akusu
6382,True,3,2,2,2,0,,,ene hawean h_i
6383,True,2,2,1,1,0,,,“asinuma anakne
6384,True,11,2,10,10,0,,,Kusur sekor a= ye usi un aynu a= ne ruwe ne
6385,True,8,2,7,7,0,,,korka a= kor kotan un kotan kor kur
6386,True,3,2,2,2,0,,,"puri wen w_a,"
6387,True,8,2,7,7,0,,,"nen ne yakka, nen ne yakka, kocaranke wa"
6388,True,5,2,4,4,0,,,usa sintoko usa patci kouk
6389,True,5,2,4,4,0,,,coypep ka kouk kor an
6390,True,11,2,10,10,0,,,"sekor hawas korka hawas h_i a= nu kor an ... korka,"
6391,True,7,2,6,6,0,,,suy coypep anak uk ka somo ki
6392,True,4,2,3,3,0,,,korka okkaypoutar ekimne kor
6393,True,6,2,5,5,0,,,ekimne wa iraye hawe nu kor
6394,True,3,2,2,2,0,,,okkaypoutar kocaranke wa
6395,True,8,2,7,7,0,,,kamuy haru ka uk wa e kor an
6396,True,3,2,2,2,0,,,sekor hawas korka
6397,True,14,2,13,13,0,,,ene a= kar hi ka a= ye hi ka a= erampewtek pe ne kusu
6398,True,8,2,7,7,0,,,"neno a= anu wa an” sekor, hawean w_a"
6399,True,6,2,5,5,0,,,"a= nu korka, inu =an korka"
6400,True,4,2,3,3,0,,,iruska kewtum a= yaykorpare
6401,True,4,2,3,3,0,,,pewre okkaypoutar ne yakun
6402,True,2,2,1,1,0,,,pokor wa
6403,True,9,2,8,8,0,,,"po, resu kusu nepki po sak ak ... yakun"
6404,True,9,2,8,8,0,,,unuhu onaha reska kusu ne kipa p ne nankor
6405,True,6,2,5,5,0,,,“a= ep ka kouk” ci ...
6406,True,4,2,3,3,0,,,"sekor, an pe anakne"
6407,True,5,2,4,4,0,,,"pirka hawas somo ne ya,"
6408,True,8,2,7,7,0,,,ne kur a= ramu kur a= ruska kor
6409,True,7,2,6,6,0,,,"a= nu wa an a, pe ne"
6410,True,7,2,6,6,0,,,"ahun wa ne, aynu nispa, rewsi wa"
6411,True,6,2,5,5,0,,,"orowa, suy kuneywa hopuni =an w_a"
6412,True,6,2,5,5,0,,,suke =an w_a ipe =an w_a
6413,True,14,2,13,13,0,,,“ekimne =an kusu tun a= ne wa omanan =an kor wen ruwe ne kusu
6414,True,5,2,4,4,0,,,uwekoopi ekimne =an yak pirka
6415,True,8,2,7,7,0,,,wa onuman suy arki =an yak pirka na”
6416,True,4,2,3,3,0,,,sekor hawean =an akusu
6417,True,7,2,6,6,0,,,“pirka hawe ne wa” sekor hawean w_a
6418,True,8,2,7,7,0,,,neno ikipa =an wa ... kuni an kor
6419,True,6,2,5,5,0,,,uwenewsar =an kor tokap an kor
6420,True,8,2,7,7,0,,,ekimne =an kor okay =an pe ne akusu
6421,True,9,2,8,8,0,,,hentomani ano ne kur ek siri ka isam w_a
6422,True,8,2,7,7,0,,,"“makanak ne ruwe an” sekor yaynu =an kor,"
6423,True,3,2,2,2,0,,,yaynu =an korka
6424,True,6,2,5,5,0,,,"eun a= nu usi ka isam,"
6425,True,8,2,7,7,0,,,a= ye usi ka isam pe ne kusu
6426,True,10,2,9,9,0,,,"sinen ne a= yayko ... yaynu kor an =an w_a,"
6427,True,6,2,5,5,0,,,"“ne, hempara ka arpa =an w_a"
6428,True,7,2,6,6,0,,,neun ka a= hunara wa inkar =an”
6429,True,4,2,3,3,0,,,"sekor yaynu =an w_a,"
6430,True,7,2,6,6,0,,,soyne =an w_a inkar =an a korka
6431,True,17,2,16,16,0,,,"hunak un nu ... arpa =an yara ... yak, pirka ya ka a= erampewtek no siran w_a"
6432,True,6,2,5,5,0,,,“apkas =an kor an =an yakun
6433,True,9,2,8,8,0,,,ney ta ka a= nukar nankor” sekor yaynu =an
6434,True,7,2,6,6,0,,,"w_a apkas =an kor an =an akusu,"
6435,True,6,2,5,5,0,,,"pirka pon pet an w_a kusu,"
6436,True,6,2,5,5,0,,,ne pet turasi arpa =an ayne
6437,True,6,2,5,5,0,,,"husko nituypa ru ka an w_a,"
6438,True,6,2,5,5,0,,,“tane aynu kotan hanke ruwe ne”
6439,True,7,2,6,6,0,,,sekor yaynu =an kor arpa =an akusu
6440,True,8,2,7,7,0,,,"suy asin ni sir, nituypa ru ka an"
6441,True,4,2,3,3,0,,,w_a a= eyaykopuntek kor
6442,True,10,2,9,9,0,,,arpa =an akusu songai ... sonno ka aynu kotan an
6443,True,6,2,5,5,0,,,w_a oro ta arpa =an w_a
6444,True,5,2,4,4,0,,,kotan soy a= kus wa
6445,True,6,2,5,5,0,,,hunak un ka arpa =an akusu
6446,True,6,2,5,5,0,,,pirka cise poro cise an w_a
6447,True,9,2,8,8,0,,,kotan kor kur cisehe neno kor an? cise an
6448,True,7,2,6,6,0,,,wa kusu soyke ta arpa =an w_a
6449,True,6,2,5,5,0,,,sihumnuyar =an kor an =an akusu
6450,True,6,2,5,5,0,,,katkemat sinen soyne wa ek wa
6451,True,4,2,3,3,0,,,pirkano i= nukar wa
6452,True,3,2,2,2,0,,,orowa ahun akusu
6453,True,6,2,5,5,0,,,“soy ta siketoko a= eramiskari okkaypo
6454,True,5,2,4,4,0,,,ek wa an ruwe ne
6455,True,7,2,6,6,0,,,a ... a= ahunke yak pirka ya
6456,True,3,2,2,2,0,,,makanak ne ya”
6457,True,3,2,2,2,0,,,sekor hawean hawas
6458,True,2,2,1,1,0,,,"okkayo haw,"
6459,True,6,2,5,5,0,,,“cise soy pakno ek kur anakne
6460,True,12,2,11,11,0,,,nep ka ye rusuy ka nu rusuy kusu ek ruwe ne kusu
6461,True,5,2,4,4,0,,,a= ahunke yak pirka wa”
6462,True,9,2,8,8,0,,,sekor hawas wa hawe a= nu kor an =an
6463,True,5,2,4,4,0,,,akusu soyne wa ek wa
6464,True,7,2,6,6,0,,,"“ahuppa an” sekor hawe an w_a kusu,"
6465,True,4,2,3,3,0,,,kor sietaye wa kusu
6466,True,6,2,5,5,0,,,"os arpa =an, ahun =an akusu"
6467,True,15,2,14,14,0,,,"a= kucaha oro ta ek wa rewsi kor, ekimne kor an a nispa ne an"
6468,True,5,2,4,4,0,,,"wa a= eramuriten kor, KARA"
6469,True,5,2,4,4,0,,,arpa =an pe ne kusu
6470,True,7,2,6,6,0,,,"yan =an w_a ne nispa a= koonkami,"
6471,True,3,2,2,2,0,,,ukoonkami =an w_a
6472,True,7,2,6,6,0,,,orowa uwe ... uwerankarap =an okere wa
6473,True,5,2,4,4,0,,,"orowa, uwekap =an w_a orowa,"
6474,True,6,2,5,5,0,,,orowano uwenewsar =an kor okay =an
6475,True,17,2,16,16,0,,,korka nep kusu omanan =an hi ka a= ye ka somo ki yak wen sekor yaynu =an
6476,True,16,2,15,15,0,,,"w_a “kotan kor kur oruspe a= nu p ne a kusu, kusu ek =an ruwe ne”"
6477,True,4,2,3,3,0,,,“tanto anak rewsi yan
6478,True,7,2,6,6,0,,,nisatta a= e= epakasnu kus ne na”
6479,True,4,2,3,3,0,,,sekor hawean w_a orowa
6480,True,8,2,7,7,0,,,rewsi =an kuni a= ramu kor uwenewsar =an
6481,True,4,2,3,3,0,,,kor inkar =an awa
6482,True,8,2,7,7,0,,,okkaypo tun pakno an ruwe ne noyne siran
6483,True,2,2,1,1,0,,,"matkaci anak,"
6484,True,2,2,1,1,0,,,"tun an,"
6485,True,10,2,9,9,0,,,"rupnemat ka an ruwe a= nukar kor an =an, wa"
6486,True,4,2,3,3,0,,,siromunno ... sir'onuman akusu
6487,True,5,2,4,4,0,,,sonno poka okkaypoutar arki wa
6488,True,7,2,6,6,0,,,"an =an ruwe eramus ... eramuokay noyne,"
6489,True,4,2,3,3,0,,,soyosipitatpa wa ahup wa
6490,True,6,2,5,5,0,,,i= koonkami wa a= koonkami wa
6491,True,5,2,4,4,0,,,tane sirkunne p ne kusu
6492,True,3,2,2,2,0,,,tane sironuman kusu
6493,True,5,2,4,4,0,,,“onumanipe =an kus ne na”
6494,True,3,2,2,2,0,,,sekor hawas kor
6495,True,11,2,10,10,0,,,aeko ... a= i= koypuni wa ipe =an w_a inkar =an
6496,True,10,2,9,9,0,,,akusu sonno keraan pe patek a= e p ne kusu
6497,True,6,2,5,5,0,,,ay... ay... a= eramuriten ka ki
6498,True,5,2,4,4,0,,,a= eykoytuypa ka ki kor
6499,True,6,2,5,5,0,,,nep a= suwe wa an yakka
6500,True,5,2,4,4,0,,,keraan sekor yaynu =an kor
6501,True,8,2,7,7,0,,,a= e humi anak isam pe ne akusu
6502,True,7,2,6,6,0,,,ene keraan pe patek a= e wa
6503,True,4,2,3,3,0,,,a= eyaykopuntek ka ki
6504,True,5,2,4,4,0,,,a= eykoytupa ka ki kor
6505,True,6,2,5,5,0,,,rewsi =an w_a ne nisatta ek
6506,True,2,2,1,1,0,,,"wa orowa,"
6507,True,9,2,8,8,0,,,ne kotan kor kur oro un a= i= sirepakasnu
6508,True,8,2,7,7,0,,,wa a= i= tura wa paye =an w_a
6509,True,8,2,7,7,0,,,soy ta sihumnuyar =an kor okay =an akusu
6510,True,6,2,5,5,0,,,sine menoko soyne wa ek wa
6511,True,5,2,4,4,0,,,wenno wenno i= nukar wa
6512,True,3,2,2,2,0,,,orowa ahun akusu
6513,True,14,2,13,13,0,,,“soy ta siketoknawa a= eramiskari okkayo tun arpa ... arki wa okay ruwe ne
6514,True,5,2,4,4,0,,,a= ahunke yak pirka ya
6515,True,4,2,3,3,0,,,makanak ne ruwe ne”
6516,True,5,2,4,4,0,,,sekor hawean hawe as akusu
6517,True,21,2,20,20,0,,,“cise or un nen ne yakka a ... nep ka ye rusuy hene nu rusuy hene ki kusu ar ... paye
6518,True,6,2,5,5,0,,,aye ... payokay utar ne kusu
6519,True,6,2,5,5,0,,,cise soy pakno arki utar anakne
6520,True,5,2,4,4,0,,,a= ahunke yak pirka wa”
6521,True,3,2,2,2,0,,,sekor hawas wa
6522,True,5,2,4,4,0,,,“ahuppa an” sekor hawean kor
6523,True,5,2,4,4,0,,,"soyne wa ek wa orowa,"
6524,True,5,2,4,4,0,,,“ahuppa an” sekor hawean kor
6525,True,7,2,6,6,0,,,"heetaye wa kusu os, ahup-pa =an akusu"
6526,True,3,2,2,2,0,,,wenno wenno munnuwe
6527,True,6,2,5,5,0,,,"wa orowa sokar pe ne kusu,"
6528,True,9,2,8,8,0,,,yap =an w_a kusu arpa =an pe ne kusu
6529,True,10,2,9,9,0,,,"“tapne tapne inu =an pe ne a kusu, a kusu"
6530,True,10,2,9,9,0,,,arki ... ek =an ruwe ne” sekor itak =an akusu
6531,True,11,2,10,10,0,,,“nep wen irenka an ka somo ki p ne a kusu
6532,True,6,2,5,5,0,,,ene hawas h_i” sekor hawean kor
6533,True,8,2,7,7,0,,,arsikasike ki p ne a kusu a= ruska
6534,True,7,2,6,6,0,,,"kusu mosir kor huci ka a= kocaranke,"
6535,True,12,2,11,11,0,,,“ene an wen pe an usi ta pase kamuy ne an w_a
6536,True,5,2,4,4,0,,,orowa erampewtek ruwehe ne ya”
6537,True,7,2,6,6,0,,,"sekor, hawean kor ... hawean =an kor"
6538,True,8,2,7,7,0,,,mosir kor huci ka a= kocaranke a ...
6539,True,6,2,5,5,0,,,ora ror_ ta arpa =an w_a
6540,True,6,2,5,5,0,,,"cise kor kamuy ka a= kocaranke,"
6541,True,6,2,5,5,0,,,“pase kamuy ne okay wa orowa
6542,True,9,2,8,8,0,,,ene an wen pe iki hi eci= erampewtek ya”
6543,True,5,2,4,4,0,,,sekor kamuy'utar a= kocaranke wa
6544,True,9,2,8,8,0,,,ape sam ta ek wa ... ek =an w_a
6545,True,5,2,4,4,0,,,a wa an =an akusu
6546,True,5,2,4,4,0,,,oro ta cise kor kamuy
6547,True,6,2,5,5,0,,,iyorkik ... ka peka terketerke wa
6548,True,4,2,3,3,0,,,ran w_a ek wa
6549,True,4,2,3,3,0,,,inumpe ka peka un
6550,True,6,2,5,5,0,,,esisoun w_a eharkisoun arpa terketerke akusu
6551,True,7,2,6,6,0,,,oro ta easir ne aynu ene itak
6552,True,10,2,9,9,0,,,“ene an wen puri a= kor hi a= eramuskari no
6553,True,5,2,4,4,0,,,an =an ruwe ne korka
6554,True,3,2,2,2,0,,,te wano anak
6555,True,10,2,9,9,0,,,somo ene an wen puri a= ki kus ne kusu
6556,True,3,2,2,2,0,,,i= siknure yan”
6557,True,3,2,2,2,0,,,sekor hawean kor
6558,True,4,2,3,3,0,,,"“arikinne yaykar,” korka orowa"
6559,True,6,2,5,5,0,,,nea kotan kor kur a= kocaranke
6560,True,4,2,3,3,0,,,"a= kocaranke wa orowa,"
6561,True,2,2,1,1,0,,,“te wano
6562,True,5,2,4,4,0,,,ene an iki ki yakun
6563,True,6,2,5,5,0,,,nani a= rayke kus ne kusu
6564,True,14,2,13,13,0,,,iteki ne ... ney ene an wen puri anak somo an yak pirka na”
6565,True,3,2,2,2,0,,,sekor a= itakamkire
6566,True,3,2,2,2,0,,,a= itakamkire akusu
6567,True,3,2,2,2,0,,,inkar =an akusu
6568,True,7,2,6,6,0,,,cise onnay sikteno aynu poronno okay wa
6569,True,6,2,5,5,0,,,yaynu =an w_a inkar =an hike
6570,True,8,2,7,7,0,,,arpa =an hi nu wa arki ruwe ne”
6571,True,6,2,5,5,0,,,sekor yaynu =an pe ne kusu
6572,True,7,2,6,6,0,,,“ecie= ... eci= korpa p nukar wa
6573,True,7,2,6,6,0,,,an =an rapok kor wa hosipi an”
6574,True,4,2,3,3,0,,,sekor itak =an akusu
6575,True,5,2,4,4,0,,,ne utar opitta eyaykopuntek wa
6576,True,8,2,7,7,0,,,“tanpe ku= kor pe tanpe somo a p”
6577,True,3,2,2,2,0,,,"sekor haweoka kor,"
6578,True,5,2,4,4,0,,,korpa p nukar wa kor
6579,True,3,2,2,2,0,,,wa soyne wa
6580,True,7,2,6,6,0,,,a= oypep ka poronno an a p
6581,True,13,2,12,12,0,,,"ne coypep ka isam pakno, caranke wa uk pe patek ne anan wa"
6582,True,8,2,7,7,0,,,iyokunnure =an kor aar…ink ... aynu opitta paye
6583,True,4,2,3,3,0,,,wa inkar =an akusu
6584,True,6,2,5,5,0,,,arwen kur ka somo ne korka
6585,True,10,2,9,9,0,,,ene an wen irenkakor kor an pe ne anan w_a
6586,True,4,2,3,3,0,,,a= itakamkire a= itakamkire
6587,True,6,2,5,5,0,,,auwa ... orowa hosippa =an w_a
6588,True,6,2,5,5,0,,,"ne, oro ta rewsi =an kur"
6589,True,6,2,5,5,0,,,“suy tanto ka rewsi wa arpa”
6590,True,5,2,4,4,0,,,sekor hawean pe ne kusu
6591,True,6,2,5,5,0,,,"oro ta suy rewsi =an w_a,"
6592,True,4,2,3,3,0,,,kuneywa hopuni =an w_a
6593,True,7,2,6,6,0,,,“tanto anak a= unihi ta hosipi =an”
6594,True,4,2,3,3,0,,,sekor yaynu =an w_a
6595,True,6,2,5,5,0,,,sipine =an kor inkar =an akusu
6596,True,2,2,1,1,0,,,pon menoko
6597,True,5,2,4,4,0,,,unuhu oro ta arpa wa
6598,True,8,2,7,7,0,,,"nep ka ye siri ka a= nukar, akusu,"
6599,True,6,2,5,5,0,,,katkemat hokuhu oro ta arpa wa
6600,True,8,2,7,7,0,,,suy nep ka ye siri ka a= nukar
6601,True,7,2,6,6,0,,,"akusu, cise kor nispa ene hawean h_i"
6602,True,6,2,5,5,0,,,"“okkaypo, makanak e= yaynu ruwe an,"
6603,True,6,2,5,5,0,,,a= matnepoho okkaypo tura wa arpa
6604,True,4,2,3,3,0,,,wa paro osuke rusuy
6605,True,8,2,7,7,0,,,sekor hawean kor an ruwe ne kor ...
6606,True,6,2,5,5,0,,,"sekor hawe, a= eyairayke hawe ne,"
6607,True,5,2,4,4,0,,,a= eyaykopuntek hawe ne sekor
6608,True,6,2,5,5,0,,,"itak =an akusu, katkemat sutketusi sanke"
6609,True,4,2,3,3,0,,,wa orowa iyo iyo
6610,True,5,2,4,4,0,,,usa okay pe poronno omare
6611,True,6,2,5,5,0,,,sutketusi omare omare wa sik ...
6612,True,5,2,4,4,0,,,sutketusi sikteno iyo omare wa
6613,True,6,2,5,5,0,,,a= se kuni ne kar wa
6614,True,2,2,1,1,0,,,sanke wa
6615,True,5,2,4,4,0,,,matnepoho “tanpe se wa arpa”
6616,True,5,2,4,4,0,,,sekor hawean kor sanke orowa
6617,True,7,2,6,6,0,,,ipe =an w_a orowa utura =an w_a
6618,True,8,2,7,7,0,,,a= kor cise or_ ta hosipi =an w_a
6619,True,3,2,2,2,0,,,arki =an korka
6620,True,9,2,8,8,0,,,ne menokopo si ... sini ka somo ki no
6621,True,4,2,3,3,0,,,cise onnay uwomare wa
6622,True,3,2,2,2,0,,,munnuwe wa orowa
6623,True,3,2,2,2,0,,,suke =an w_a
6624,True,3,2,2,2,0,,,ipe =an akusu
6625,True,6,2,5,5,0,,,"keraan ipe an pe ka ki,"
6626,True,8,2,7,7,0,,,“a= korpa p ne yakka menoko suwe kor
6627,True,4,2,3,3,0,,,304    ene keraan pe
6628,True,7,2,6,6,0,,,yaykata a= suwe wa a= e kor
6629,True,8,2,7,7,0,,,"nep ka keraan, humi ka isam pe ne”"
6630,True,7,2,6,6,0,,,"sekor, yaynu =an kor, an =an akusu"
6631,True,6,2,5,5,0,,,cise kor nispa ene hawean h_i
6632,True,6,2,5,5,0,,,"“okkaypo, makanak e= yaynu ruwe an,"
6633,True,4,2,3,3,0,,,a= matnepoho okkaypo tura
6634,True,4,2,3,3,0,,,wa paro osuke rusuy
6635,True,7,2,6,6,0,,,sekor hawean kor an ruwe ne korka?”
6636,True,4,2,3,3,0,,,sekor hawean w_a kusu
6637,True,3,2,2,2,0,,,“a= eyaykopuntek wa
6638,True,7,2,6,6,0,,,a= eyairayke wa” sekor itak =an akusu
6639,True,6,2,5,5,0,,,"nani katkemat, sutketusi kar pe ne"
6640,True,8,2,7,7,0,,,kusu ipe =an w_a orowa hosipi =an w_a
6641,True,8,2,7,7,0,,,utura =an w_a hosippa =an w_a arki ...
6642,True,6,2,5,5,0,,,a= uni ta arki =an korka
6643,True,7,2,6,6,0,,,ne menokopo sini ka somo ki no
6644,True,4,2,3,3,0,,,cise onnay uwomare wa
6645,True,3,2,2,2,0,,,munnuwe wa orowa
6646,True,2,2,1,1,0,,,suke wa
6647,True,6,2,5,5,0,,,ipe =an w_a inu =an hike
6648,True,8,2,7,7,0,,,a= korpa p ne yakka menoko suwe kor
6649,True,8,2,7,7,0,,,keraan pe ne anan humi a= eramuan w_a
6650,True,4,2,3,3,0,,,a= eyairayke ka ki
6651,True,5,2,4,4,0,,,a= eyaykopuntek ka ki kor
6652,True,6,2,5,5,0,,,"an, okkaypo a= ne ruwe ne"
6653,True,3,2,2,2,0,,,"wa ekimne =an,"
6654,True,6,2,5,5,0,,,cise oro wa ekimne =an kor
6655,True,10,2,9,9,0,,,yuk ci= koykip kamuy ci= koykip poronno a= eawnarura wa
6656,True,20,2,19,19,0,,,"nep a= e rusuy nep a= kor_ rusuy ka somo ki no okay =an ruwe, ne, kor okay =an ayne"
6657,True,4,2,3,3,0,,,ukopokor ka an w_a
6658,True,9,2,8,8,0,,,okkayo hekaci ka poronno a= kor pe ne kusu
6659,True,3,2,2,2,0,,,apunno a= reska
6660,True,5,2,4,4,0,,,pirka a= reska ki wa
6661,True,5,2,4,4,0,,,a= poutari a= porore wa
6662,True,7,2,6,6,0,,,ay ... a= eramusinne p ne kusu
6663,True,2,2,1,1,0,,,asinuma anakne
6664,True,6,2,5,5,0,,,ekimne ka somo ne ki kor
6665,True,4,2,3,3,0,,,a= poutari ekimne wa
6666,True,13,2,12,12,0,,,"tup sumawe rep sumawe ap ... korpa p ne kusu, a= e kor,"
6667,True,10,2,9,9,0,,,"asinuma anak cise or_ ta an, nepki a= ki kor"
6668,True,8,2,7,7,0,,,"an, okkaypo a= ne ruwe ne sekor ..."
6669,True,8,2,7,7,0,,,wa a= poutari ka inne p ne kusu
6670,True,6,2,5,5,0,,,cise ka poronno a= kar wa
6671,True,5,2,4,4,0,,,a= poutari a= kore wa
6672,True,9,2,8,8,0,,,"matkaci ka pon ... poronno an pe ne kusu,"
6673,True,4,2,3,3,0,,,matkaci anakne a= macihi
6674,True,7,2,6,6,0,,,kemeyki ne yakka toyta ne yakka epakasnu
6675,True,5,2,4,4,0,,,"wa kor okay =an w_a,"
6676,True,2,2,1,1,0,,,"asinumautar anakne,"
6677,True,5,2,4,4,0,,,"onne =an ruwe, ruwe ne"
6678,True,4,2,3,3,0,,,"sekor, sine okkaypo hawean"
6679,True,17,2,16,16,0,,,hunak wa ek hekaci a= ne wa sinen ne an hekaci a= ne ruwe ne ya ka
6680,True,5,2,4,4,0,,,yaykata ka a= eramiskari no
6681,True,10,2,9,9,0,,,"sinen ne an hekaci a= ne wa an =an, korka"
6682,True,6,2,5,5,0,,,"a= ep ka nep ka isam,"
6683,True,4,2,3,3,0,,,pirkano inkar =an akusu
6684,True,7,2,6,6,0,,,"husko no okay pe ponno okay wa,"
6685,True,8,2,7,7,0,,,"kusu, ne wa okay pe a= suwe wa"
6686,True,5,2,4,4,0,,,"a= e kor an =an,"
6687,True,3,2,2,2,0,,,paykar an kor
6688,True,6,2,5,5,0,,,"kinakar =an w_a a= e kor,"
6689,True,5,2,4,4,0,,,"neun poka, siknu =an w_a"
6690,True,5,2,4,4,0,,,an hekaci a= ne wa
6691,True,7,2,6,6,0,,,kotan un nispautar nep ka kar kor
6692,True,7,2,6,6,0,,,"pirkano a= nukar wa, a= nukar wa"
6693,True,3,2,2,2,0,,,a= eykoysanpa wa
6694,True,5,2,4,4,0,,,nep ka a= kar kor
6695,True,7,2,6,6,0,,,"an...pe ... an hekaci a= ne wa,"
6696,True,5,2,4,4,0,,,korka a= erampewtek pe anakne
6697,True,5,2,4,4,0,,,ekimne sekor a= ye p
6698,True,4,2,3,3,0,,,"a= erampewtek pe ne,"
6699,True,8,2,7,7,0,,,"nispautar nisatta ekimne sekor hawas pe ne kusu,"
6700,True,10,2,9,9,0,,,os arpa =an w_a inkar =an sekor yaynu =an w_a
6701,True,9,2,8,8,0,,,ne nisatta nispautar ekimne e ... paye wa kusu
6702,True,7,2,6,6,0,,,"os arpa =an w_a inkar =an akusu,"
6703,True,4,2,3,3,0,,,"arpa a, arpa arpa"
6704,True,6,2,5,5,0,,,ekimne ahup ahup kane iki kor
6705,True,9,2,8,8,0,,,"opitta ekimne ahun ... ahup wa isam ruwe ne,"
6706,True,4,2,3,3,0,,,wa yaynu =an hike
6707,True,6,2,5,5,0,,,ekimne sekor a= ye p anakne
6708,True,16,2,15,15,0,,,"ekimne ahup wa omanan w_a, kamuy hene, NANDAKKE kamuy ci= koykip yuk hene hunara kusu omanan"
6709,True,6,2,5,5,0,,,siri ne sekor yaynu =an w_a
6710,True,14,2,13,13,0,,,asinuma ka hempara ka ekimne arpa =an w_a inkar =an sekor yaynu =an kor
6711,True,8,2,7,7,0,,,hosipi =an w_a an =an pe ne kusu
6712,True,8,2,7,7,0,,,hentomani ta ekimne arpa =an w_a inkar =an
6713,True,4,2,3,3,0,,,sekor yaynu =an w_a
6714,True,5,2,4,4,0,,,"ku ay a= kor wa,"
6715,True,7,2,6,6,0,,,ekimne arpa =an w_a inkar =an akusu
6716,True,14,2,13,13,0,,,poro kamuy seturu i= tutanure wa a wa an ruwe a= nukar wa kusu
6717,True,4,2,3,3,0,,,ku a= sanke wa
6718,True,6,2,5,5,0,,,a= cotca wa inkar =an akusu
6719,True,6,2,5,5,0,,,"apunno, sumawne siri a= nukar wa"
6720,True,2,2,1,1,0,,,a= eyairayke
6721,True,3,2,2,2,0,,,a= eyaykopuntek kor
6722,True,7,2,6,6,0,,,sama ta arpa =an w_a a= koonkami
6723,True,5,2,4,4,0,,,"wa orowa, iri =an w_a"
6724,True,8,2,7,7,0,,,a= se easkay pakno poronno a= se wa
6725,True,3,2,2,2,0,,,hosipi =an w_a
6726,True,5,2,4,4,0,,,soy ta ka a= racitkere
6727,True,7,2,6,6,0,,,cise onnay ta ka a= racitkere wa
6728,True,4,2,3,3,0,,,an ruwe ne wa
6729,True,11,2,10,10,0,,,"soy ta an usi KARA usi oro wa, a= tuypa wa"
6730,True,8,2,7,7,0,,,a= suwe wa a= e kor an korka
6731,True,9,2,8,8,0,,,"oar nep ka, hettaro ruwe ka a= erampewtek wa,"
6732,True,3,2,2,2,0,,,"a= eyaykomismu wa,"
6733,True,11,2,10,10,0,,,"ekimne hene arpa =an w_a inkar =an sekor yaynu =an w_a,"
6734,True,4,2,3,3,0,,,ku a= se wa
6735,True,6,2,5,5,0,,,"kamuy, kamuy haru ponno a= kor"
6736,True,9,2,8,8,0,,,a= kor ... akka ... haru a= kor wa
6737,True,4,2,3,3,0,,,"ekimne arpa =an w_a,"
6738,True,7,2,6,6,0,,,kimun kuca or_ ta rewsi =an w_a
6739,True,9,2,8,8,0,,,suke =an w_a ipe =an w_a an =an akusu
6740,True,4,2,3,3,0,,,oar a= eramuskari aynu
6741,True,4,2,3,3,0,,,ahun kane ippa …
6742,True,9,2,8,8,0,,,“tanukuran te ta i= rewsie wa i= kore yan”
6743,True,3,2,2,2,0,,,"sekor hawean, wa"
6744,True,6,2,5,5,0,,,“pirka wa” sekor hawean =an wa
6745,True,9,2,8,8,0,,,orowa nani suke =an w_a ne kur a= ere
6746,True,6,2,5,5,0,,,"wa, kor a= ere wa orowa"
6747,True,6,2,5,5,0,,,uwenewsar =an kor okay =an akusu
6748,True,5,2,4,4,0,,,ne kur ene hawean h_i
6749,True,14,2,13,13,0,,,"“asinuma anakne Kusur, Kusur sekor a= ye kotan un aynu a= ne ruwe ne"
6750,True,6,2,5,5,0,,,"wa a= kor kotan kor kur,"
6751,True,4,2,3,3,0,,,"haa puri wen w_a,"
6752,True,5,2,4,4,0,,,nen ne yakka kocaranke wa
6753,True,9,2,8,8,0,,,patci sintoko sintoko patci kouk kouk kane iki kor
6754,True,9,2,8,8,0,,,"an kor, sintoko ka patci ka sak utar anakne"
6755,True,10,2,9,9,0,,,coypep ne yakka iyoruspe itanki ne yakka kouk wa an”
6756,True,3,2,2,2,0,,,"sekor hawas korka,"
6757,True,10,2,9,9,0,,,“ene a= kar hi ka a= erampewtek pe ne kusu
6758,True,7,2,6,6,0,,,neno a= anu wa an ruwe ne”
6759,True,4,2,3,3,0,,,"sekor, hawean, iruska =an,"
6760,True,5,2,4,4,0,,,coypep oruspe eci= an? kor?
6761,True,3,2,2,2,0,,,"okkaypoutari ekimne kor,"
6762,True,3,2,2,2,0,,,okkaypoutar ekimne ...
6763,True,10,2,9,9,0,,,"okkaypoutar oro wa, kamuy haru uk wa e kor an,"
6764,True,6,2,5,5,0,,,ekimne utar ne yakka kocaranke wa
6765,True,9,2,8,8,0,,,"kamuy, kam ne yakka uk wa e kor an"
6766,True,7,2,6,6,0,,,sekor inu =an w_a iruska =an w_a
6767,True,5,2,4,4,0,,,okkaypoutar ne yakun pokor wa
6768,True,7,2,6,6,0,,,poreska kusu ne kipa p ne nankor
6769,True,9,2,8,8,0,,,ene a= ep ka uk hawe sekor yaynu =an
6770,True,6,2,5,5,0,,,"w_a iruska =an kor an =an,"
6771,True,10,2,9,9,0,,,"ne Kusur un kur turano kim ta okay =an w_a,"
6772,True,6,2,5,5,0,,,uwekoopi ekimne =an kor okay =an
6773,True,6,2,5,5,0,,,korka eytasa kim ta okay =an
6774,True,4,2,3,3,0,,,sekor yaynu =an w_a
6775,True,19,2,18,18,0,,,"“ponno, hosipi =an w_a tutko rerko sini =an w_a w_a ... suy omanan =an ya” sekor itak =an akusu"
6776,True,7,2,6,6,0,,,“pirka hawe ne wa” sekor hawean kor
6777,True,10,2,9,9,0,,,ne kur ka unihi un arpa siri a= nukar kor
6778,True,8,2,7,7,0,,,asinuma ka a= unihi ta ek =an w_a
6779,True,9,2,8,8,0,,,sini =an w_a tutko rerko sini =an w_a orowa
6780,True,9,2,8,8,0,,,suy arpa =an akusu ne kur ka ek wa
6781,True,6,2,5,5,0,,,ekimne kesuankor ... okay =an akusu
6782,True,9,2,8,8,0,,,hentomani ano ne kur ek siri ka isam w_a
6783,True,8,2,7,7,0,,,“makanak ne ruwe an” sekor yaynu =an korka
6784,True,5,2,4,4,0,,,eun a= ye usi ka
6785,True,8,2,7,7,0,,,a= nu usi ka isam pe ne kusu
6786,True,8,2,7,7,0,,,asinuma ka cise or_ ta hosipi =an w_a
6787,True,4,2,3,3,0,,,"sini =an w_a an,"
6788,True,10,2,9,9,0,,,hempara ka ne kur a= hunara sekor yaynu =an kor
6789,True,4,2,3,3,0,,,sini =an w_a an
6790,True,9,2,8,8,0,,,hentomani ta soyne =an w_a inkar =an a korka
6791,True,15,2,14,14,0,,,hunak un arpa =an yak pirka ya ka a= eramiskari no siran pe ne kusu
6792,True,8,2,7,7,0,,,ponno ponno apkas =an kor an =an akusu
6793,True,9,2,8,8,0,,,"kim ta por ... pirka pon, pet an w_a,"
6794,True,7,2,6,6,0,,,"kusu ne pet turasi arpa =an, akusu"
6795,True,9,2,8,8,0,,,"husko nituypa ru ka an, ruwe a= nukar kor"
6796,True,6,2,5,5,0,,,aynu okay usi hanke ruwe ne
6797,True,7,2,6,6,0,,,sekor yaynu =an kor arpa =an ayne
6798,True,6,2,5,5,0,,,ponno arpa =an akusu asinnu ...
6799,True,6,2,5,5,0,,,"asin nituypa ru, poronno an w_a"
6800,True,3,2,2,2,0,,,a= eyaykopuntek kor
6801,True,8,2,7,7,0,,,kotan un ... or un arpa =an kor
6802,True,11,2,10,10,0,,,hunak un arpa =an humi ne ya ka a= eramiskari kor
6803,True,8,2,7,7,0,,,kotan soy a= kus wa arpa =an ayne
6804,True,7,2,6,6,0,,,"akusu pirka cise poro cise an w_a,"
6805,True,13,2,12,12,0,,,kotan kor kur cisehe ene neno poro pirka cise ne wa a= nukar
6806,True,8,2,7,7,0,,,korka ne cise soy ta arpa =an w_a
6807,True,3,2,2,2,0,,,sihumnuyar =an akusu
6808,True,6,2,5,5,0,,,katkemat sinep soyne wa ek wa
6809,True,5,2,4,4,0,,,pirka pirka i= nukar wa
6810,True,3,2,2,2,0,,,orowa ahun w_a
6811,True,7,2,6,6,0,,,“soy ta okkaypo a= eramuskari a okkaypo
6812,True,5,2,4,4,0,,,ek wa an ruwe ne
6813,True,5,2,4,4,0,,,a= ahunke ciki he pirka
6814,True,3,2,2,2,0,,,makanak ne ya”
6815,True,5,2,4,4,0,,,sekor hawean hawe as akusu
6816,True,10,2,9,9,0,,,"“okkayoutar ka ... cise soy pakno ek kur, kur anakne"
6817,True,7,2,6,6,0,,,ahun rusuy kusu arki p ne kusu
6818,True,2,2,1,1,0,,,ahunke yan”
6819,True,6,2,5,5,0,,,sekor hawean hawe a= nu akusu
6820,True,4,2,3,3,0,,,soyne wa ek wa
6821,False,7,2,6,5,1,haw,... “ahup,ahun =an ki p ... “ahup an”
6822,True,4,2,3,3,0,,,"sekor hawe an w_a,"
6823,True,3,2,2,2,0,,,heetaye wa kusu
6824,True,8,2,7,7,0,,,"a= hunara kusu, omanan =an aynu ne wa"
6825,True,3,2,2,2,0,,,a= eyaykopuntek korka
6826,True,13,2,12,12,0,,,"ne kur a= hunara kus ... hi ka a= ye, somo ki no,"
6827,True,13,2,12,12,0,,,nep kusu omanan =an pe ne ya ka a= ye somo ki yak
6828,True,5,2,4,4,0,,,wen sekor yaynu =an w_a
6829,True,11,2,10,10,0,,,“kotan kor kur wen'irenkakor sekor an pe a= nu wa kusu
6830,True,11,2,10,10,0,,,a= nukar_ rusuy kusu omanan =an pe ne” sekor itak =an
6831,True,8,2,7,7,0,,,akusu “nisatta a= e= sir'epakasnu kusu ne na
6832,True,6,2,5,5,0,,,tanto anak te ta rewsi yan”
6833,True,4,2,3,3,0,,,sekor hawean wa orowano
6834,True,3,2,2,2,0,,,uweyaykopuntek =an w_a
6835,True,6,2,5,5,0,,,uwenewsar =an kor okay =an ayne
6836,True,7,2,6,6,0,,,sironuman okkaypo ka tun un ouk ...
6837,True,4,2,3,3,0,,,okay noyne siran korka
6838,True,11,2,10,10,0,,,"neun ka arpa wa isam ruwe ne ya ka a= eramiskari,"
6839,True,2,2,1,1,0,,,sironuman akusu
6840,True,5,2,4,4,0,,,okkaypoutar hosippa wa arki wa
6841,True,5,2,4,4,0,,,an =an ruwe eramuan ayne
6842,True,4,2,3,3,0,,,soyosipitatpa wa ahup wa
6843,True,4,2,3,3,0,,,i= koonkami ne kusu
6844,True,6,2,5,5,0,,,"ukoonkamiukoonkami =an kor okay =an akusu,"
6845,True,3,2,2,2,0,,,tane sironuman kusu
6846,True,7,2,6,6,0,,,“onupan ... onuman'ipe =an kus ne na”
6847,True,3,2,2,2,0,,,"sekor hawas no,"
6848,True,12,2,11,11,0,,,a=i ... a= i= koypuni wa ipe =an w_a inu =an hike
6849,True,3,2,2,2,0,,,nepenepo keraan w_a
6850,True,5,2,4,4,0,,,humas y_a ka a= eramiskari
6851,True,4,2,3,3,0,,,a= eykoytupa ka ki
6852,True,11,2,10,10,0,,,a= erayap ka ki kor ipe =an a ipe =an a
6853,True,11,2,10,10,0,,,"orowa suy cise kor kur turano uwenewsar =an kor okay =an,"
6854,True,7,2,6,6,0,,,"annoski pakno uwenewsar =an kor an =an,"
6855,True,2,2,1,1,0,,,akusu katkemat
6856,True,7,2,6,6,0,,,a= ehotke usi kar wa i= kore
6857,True,5,2,4,4,0,,,oro ta hotke =an w_a
6858,True,8,2,7,7,0,,,"situriri =an w_a yaysinire =an ruwe ne wa,"
6859,True,5,2,4,4,0,,,kuneywa sir? hopuni =an w_a
6860,True,3,2,2,2,0,,,kuneywa'ipe =an akusu
6861,True,5,2,4,4,0,,,cise kor kur “tanto anakne
6862,True,14,2,13,13,0,,,ne kotan kor kur oro un ai ... a= e= tura kusu ne na”
6863,True,3,2,2,2,0,,,sekor hawean w_a
6864,True,7,2,6,6,0,,,"utura =an w_a paye =an w_a, akusu,"
6865,True,4,2,3,3,0,,,“teoro ka somo ne”
6866,True,6,2,5,5,0,,,"sekor hawean pe ne a korka,"
6867,True,8,2,7,7,0,,,tuyma usi ne wa paye =an ay ...
6868,True,8,2,7,7,0,,,soy ta sihumnuyar =an kor okay =an akusu
6869,True,4,2,3,3,0,,,menoko sinep soyne wa
6870,True,5,2,4,4,0,,,wenno wenno i= nukar wa
6871,True,2,2,1,1,0,,,ahun akusu
6872,True,12,2,11,11,0,,,“soy ta siketoknawa a= eramiskari kur tun arki wa okay ruwe ne
6873,True,5,2,4,4,0,,,a= ahunke yak pirka ya”
6874,True,4,2,3,3,0,,,sekor anpe ye akusu
6875,True,6,2,5,5,0,,,“cise soy pakno arki utar anakne
6876,True,7,2,6,6,0,,,ahun rusuy kusu arki p ne kusu
6877,True,5,2,4,4,0,,,a= ahunke yak pirka wa”
6878,True,8,2,7,7,0,,,sekor hawas hawe a= nu akusu soyne wa
6879,True,5,2,4,4,0,,,“ahuppa an” sekor hawean kor
6880,True,4,2,3,3,0,,,"soyne wa, wa kusu"
6881,True,7,2,6,6,0,,,"heetaye wa, kusu os, ahup =an akusu"
6882,True,4,2,3,3,0,,,wenno wenno munnuwe wa
6883,True,5,2,4,4,0,,,sokar wa i= kore wa
6884,True,3,2,2,2,0,,,yap =an w_a
6885,True,6,2,5,5,0,,,kotan kor kur a= ukoonkami korka
6886,True,4,2,3,3,0,,,wenno wenno i= koonkami
6887,True,5,2,4,4,0,,,"a= ruska ka ki kor,"
6888,True,15,2,14,14,0,,,"“kotan kor kur wen, puri kor hawe a= nu wa kusu ek =an ruwe ne”"
6889,True,4,2,3,3,0,,,sekor itak =an akusu
6890,True,9,2,8,8,0,,,“hemanta puri ... wen puri a= kor pe an
6891,True,4,2,3,3,0,,,asinuma anakne pirka ...
6892,True,8,2,7,7,0,,,a= kor utar pirka a= kor ki wa
6893,True,3,2,2,2,0,,,a= kor utar
6894,True,5,2,4,4,0,,,eyaykopuntek kor okay ruwe ne”
6895,True,3,2,2,2,0,,,sekor hawean kor
6896,True,6,2,5,5,0,,,"sikasike hawe a= ruska, wa kusu"
6897,True,8,2,7,7,0,,,mosir kor huci ka a= kocaranke si ...
6898,True,14,2,13,13,0,,,“ene an wenpurikor pe wenpurikor hi nukar somo ki no somo ki ne wa
6899,True,9,2,8,8,0,,,mosir kor huci ne somo ki ruwe ne na”
6900,True,4,2,3,3,0,,,sekor a= kocaranke wa
6901,True,6,2,5,5,0,,,orowa ror_ ta arpa =an w_a
6902,True,6,2,5,5,0,,,cise kor kamuy ka a= kocaranke
6903,True,11,2,10,10,0,,,"wa orowa ape sam ta ek =an w_a an =an akusu,"
6904,True,4,2,3,3,0,,,ne cise kor inaw
6905,True,5,2,4,4,0,,,sintoko ka peka terketerke wa
6906,True,4,2,3,3,0,,,ran w_a ek wa
6907,True,5,2,4,4,0,,,inumpe ka pa ... terketerke
6908,True,5,2,4,4,0,,,esisoun w_a eharkisoun terketerke akusu
6909,True,4,2,3,3,0,,,easir SONO ne aynu
6910,True,14,2,13,13,0,,,"“haa, ene an wen irenka an kor an =an hi ka a= eramiskari no"
6911,True,4,2,3,3,0,,,"an =an ruwe ne,"
6912,True,13,2,12,12,0,,,"te wano anak somo ene an wen irenka somo an kusu ne na,"
6913,True,4,2,3,3,0,,,iteki i= rayke yan
6914,True,6,2,5,5,0,,,i= siknure yan” sekor hawean kor
6915,True,4,2,3,3,0,,,"hawean kor an kor,"
6916,True,7,2,6,6,0,,,"haa, orowa ne aynu a= kocaranke a"
6917,True,3,2,2,2,0,,,"a= kocaranke a,"
6918,True,3,2,2,2,0,,,"orowa a= itak'unu,"
6919,True,7,2,6,6,0,,,“te wano ene an irenka kor yakun
6920,True,9,2,8,8,0,,,nani sok ... oro ta a= rayke kusu ne”
6921,True,4,2,3,3,0,,,sekor itak =an kor
6922,True,7,2,6,6,0,,,"a= itakamkire kor an =an akusu, wa"
6923,True,9,2,8,8,0,,,hosipi =an sekor yaynu =an w_a inkar =an akusu
6924,True,6,2,5,5,0,,,cise sikteno aynu poronno okay no
6925,True,15,2,14,14,0,,,a ... hemanta kusu arki a ruwe an se a= nu ka somo ki korka
6926,True,6,2,5,5,0,,,yaynu =an w_a inkar =an hike
6927,True,11,2,10,10,0,,,“usa okay patci hene sintoko hene coypep hene a= kouk utar
6928,True,13,2,12,12,0,,,ek =an ru ... hawe ne ya ka nu wa arki ruwe ne”
6929,True,6,2,5,5,0,,,"sekor yaynu =an pe ne kusu,"
6930,True,6,2,5,5,0,,,“eci= korpa p pirkano nukar wa
6931,True,10,2,9,9,0,,,an =an usi ... hi ta kor wa hosippa yan”
6932,True,4,2,3,3,0,,,sekor itak =an akusu
6933,True,2,2,1,1,0,,,"eyaykopuntekpa wa,"
6934,True,7,2,6,6,0,,,sintoko patci ka a= kouk utar anakne
6935,True,8,2,7,7,0,,,nep ka pirka pirka nukar somo ki yakka
6936,True,6,2,5,5,0,,,korpa p uk wa hosippa wa
6937,True,5,2,4,4,0,,,coypep a= kouk utar anakne
6938,True,6,2,5,5,0,,,kor coykek ... coypep nukar wa
6939,True,5,2,4,4,0,,,poro saranpe sikteno se wa
6940,True,8,2,7,7,0,,,hosipi kur ka an siri a= nukar wa
6941,True,9,2,8,8,0,,,"iyokunnure =an kor, a= nukar wa orowa ae ..."
6942,True,6,2,5,5,0,,,ne kotan kor kur a= itak'amkire
6943,True,4,2,3,3,0,,,ayne hosipi =an w_a
6944,True,8,2,7,7,0,,,rewsi =an usi ta suy arki =an akusu
6945,True,7,2,6,6,0,,,“tanto ka mono a? rewsi wa arpa”
6946,True,6,2,5,5,0,,,sekor cise kor kur hawean w_a
6947,True,6,2,5,5,0,,,rewsi =an sekor yaynu =an w_a
6948,True,3,2,2,2,0,,,rewsi =an w_a
6949,True,6,2,5,5,0,,,"uwenewsar =an kor okay =an, akusu"
6950,True,4,2,3,3,0,,,"kuneywa, hopuni =an w_a"
6951,True,6,2,5,5,0,,,sipine =an kor inkar =an akusu
6952,True,2,2,1,1,0,,,menokopo sinep
6953,True,5,2,4,4,0,,,unuhu oro ta arpa wa
6954,True,7,2,6,6,0,,,"nep ka ye siri a= nukar, akusu"
6955,True,2,2,1,1,0,,,"orowa, katkemat"
6956,True,4,2,3,3,0,,,hokuhu oro ta arpa
6957,True,11,2,10,10,0,,,nep ka ye siri ka a= nukar kor an =an akusu
6958,True,6,2,5,5,0,,,cise kor kur ene hawean h_i
6959,True,11,2,10,10,0,,,"“okkaypo, makanak yaynu ... e= yaynu kor e= an ruwe an"
6960,True,2,2,1,1,0,,,a= matnepoho
6961,True,7,2,6,6,0,,,"‘a= i= tura wa, aep apa …"
6962,True,5,2,4,4,0,,,okkaypo paro a= osuke rusuy’
6963,True,6,2,5,5,0,,,sekor hawean kor an ruwe ne”
6964,True,4,2,3,3,0,,,"sekor hawean, w_a kusu"
6965,True,5,2,4,4,0,,,“a= eyairayke hawe ne wa
6966,True,5,2,4,4,0,,,a= eyaykopuntek hawe ne wa”
6967,True,5,2,4,4,0,,,sekor itak =an akusu orowa
6968,True,7,2,6,6,0,,,katkemat sutketusi san wa ... sanke wa
6969,True,6,2,5,5,0,,,usa okay pe poronno omare omare
6970,True,10,2,9,9,0,,,coypep hene a= eywanke p hene sutketusi omare omare wa
6971,True,5,2,4,4,0,,,orowa su ka sinep omare
6972,True,5,2,4,4,0,,,amip ka poronno omare wa
6973,True,4,2,3,3,0,,,tar ani suppakar wa
6974,True,3,2,2,2,0,,,hesasi sanke wa
6975,True,10,2,9,9,0,,,“tan pe e= se wa e= arpa kusu ne na”
6976,True,4,2,3,3,0,,,sekor matnepo ye kor
6977,True,9,2,8,8,0,,,hesasi ne suppakar pe sanke siri ka a= nukar
6978,True,5,2,4,4,0,,,wa orowa kuneywaipe =an w_a
6979,True,10,2,9,9,0,,,orowa yairayke itak a= ki a a= ki a wa
6980,True,6,2,5,5,0,,,orowa ne menokopo a= tura wa
6981,True,7,2,6,6,0,,,304    a= uni un hosipi =an w_a
6982,True,6,2,5,5,0,,,a= uni ta paye =an korka
6983,True,5,2,4,4,0,,,sini ka somo ki no
6984,True,4,2,3,3,0,,,cise onnay uwomare wa
6985,True,3,2,2,2,0,,,"munnuwe, wa orowa"
6986,True,2,2,1,1,0,,,suke wa
6987,True,6,2,5,5,0,,,ipe =an w_a inu =an hike
6988,True,7,2,6,6,0,,,a= korpa p suwe siri ne kusu
6989,True,7,2,6,6,0,,,yaykata suke =an w_a ipe =an kor
6990,False,4,2,3,2,1,hi,keraha ka,"nep keraha ka isam,"
6991,True,4,2,3,3,0,,,pe ne a korka
6992,True,7,2,6,6,0,,,a= korpa p suwe wa i= kore
6993,True,3,2,2,2,0,,,unuhu suke wa
6994,True,6,2,5,5,0,,,keraan humi an pe ne akusu
6995,True,8,2,7,7,0,,,unuhu suke humi neno pirka suke ki wa
6996,True,4,2,3,3,0,,,a= eyairayke ka ki
6997,True,5,2,4,4,0,,,a= eyaykopuntek ka ki kor
6998,True,8,2,7,7,0,,,okay =an ayne ekimne ka arpa =an w_a
6999,True,9,2,8,8,0,,,yuk ci= koykip kamuy ci= koykip a= eawnarura wa
7000,True,15,2,14,14,0,,,"nep a= e rusuy nep a= kor_ rusuy ka somo ki no okay =an w_a,"
7001,True,5,2,4,4,0,,,ukopokor ka ki an w_a
7002,True,3,2,2,2,0,,,a= eyaykopuntek wa
7003,True,10,2,9,9,0,,,a= poutari a=e ... a= epunkine wa an =an ayne
7004,True,5,2,4,4,0,,,a= poutari ka poro wa
7005,True,8,2,7,7,0,,,nep ka ki ka easkay pakno poro wa
7006,True,10,2,9,9,0,,,"nepki hene ekimne hene kipa kor okay pe ne kusu,"
7007,True,7,2,6,6,0,,,asinuma anakne ekimne ka somo an kor
7008,True,5,2,4,4,0,,,a= poutari patek ekimne wa
7009,True,8,2,7,7,0,,,a= i= ere wa a= e kor an
7010,True,8,2,7,7,0,,,"ayne, onne okkaypo a= ne ruwe ne sekor,"
7011,True,8,2,7,7,0,,,sine hekaci yay ... sinen ne yayreska wa
7012,True,5,2,4,4,0,,,"poro wa, poro wa orowa"
7013,True,15,2,14,14,0,,,"nep kor_ rusuy nep e rusuy ka somo ki no an, ruwe ne sekor ne,"
7014,True,5,2,4,4,0,,,ne okkaypo an ruwe ne
7015,True,4,2,3,3,0,,,a= hokuhu an w_a
7016,True,5,2,4,4,0,,,"okay =an pe ne hike,"
7017,True,6,2,5,5,0,,,a= hokuhu an korka ukopos ...
7018,True,5,2,4,4,0,,,ukoposak pe a= ne wa
7019,True,6,2,5,5,0,,,pokor ka an somo ki wa
7020,True,10,2,9,9,0,,,ukomismu kor okay =an? pe a ... a= ne akusu
7021,True,7,2,6,6,0,,,"matkaci sinen ne an ruwe an w_a,"
7022,True,7,2,6,6,0,,,"a= erampokiwen kusu, ne matkaci a= tura"
7023,True,5,2,4,4,0,,,wa ekimne arpa =an yakka
7024,True,5,2,4,4,0,,,a= tura wa arpa =an
7025,True,7,2,6,6,0,,,"neun arpa =an yakka a= tura wa,"
7026,True,3,2,2,2,0,,,"omanan =an kor,"
7027,True,6,2,5,5,0,,,"an matkaci an pe ne akusu,"
7028,True,4,2,3,3,0,,,"hemtomani ta, “turepta =an”"
7029,True,6,2,5,5,0,,,sekor yay … itak =an akusu
7030,True,9,2,8,8,0,,,"katkemat'utar “kani ka k= arpa rusuy, k= arpa rusuy”"
7031,True,2,2,1,1,0,,,sekor haweokay
7032,True,6,2,5,5,0,,,katkemat poronno an pe ne kusu
7033,True,5,2,4,4,0,,,katkemat poronno a= tura wa
7034,True,7,2,6,6,0,,,"turepta =an kusu cip ani paye =an,"
7035,True,10,2,9,9,0,,,"a= hokuhu kor, kuca, sanke kuca an pe ne kusu,"
7036,True,7,2,6,6,0,,,sanke kuca or_ ta paye =an w_a
7037,True,8,2,7,7,0,,,rewsi =an w_a turepta =an sekor yaynu =an
7038,True,6,2,5,5,0,,,"w_a, cip ani paye =an w_a"
7039,True,7,2,6,6,0,,,a= unuhu “cip ani e= omanan yakka
7040,True,12,2,11,11,0,,,iyotta hoski cip es...es ... e= sina somo ki kus ne na
7041,True,5,2,4,4,0,,,iyotta iyos cip sina hani”
7042,True,7,2,6,6,0,,,sekor a= unuhu hawean pe ne kusu
7043,True,2,2,1,1,0,,,katkemat'utar anak
7044,True,9,2,8,8,0,,,a= hokuhu kor kuca or_ ta paye =an akusu
7045,True,11,2,10,10,0,,,"ko ... korka, asinuma anak iyotta iyos cip a= yanke wa,"
7046,True,11,2,10,10,0,,,"“kuca, okari ka omanan =an w_a inkar =an somo ki yak,"
7047,True,7,2,6,6,0,,,nep ka omanan ruwe an yak wen”
7048,True,4,2,3,3,0,,,"sekor yaynu =an wa,"
7049,True,5,2,4,4,0,,,"korka, katkemat'utar anakne uweyaykopuntek kor"
7050,True,4,2,3,3,0,,,suke kor okay korka
7051,True,9,2,8,8,0,,,"asinuma anakne suke ka =an ki somo ki no,"
7052,True,8,2,7,7,0,,,soy peka omanan =an w_a inkar =an korka
7053,True,6,2,5,5,0,,,"no, siran w_a a= nukar korka"
7054,True,6,2,5,5,0,,,inawcipa kes ta hemanta sirouri wa
7055,True,16,2,15,15,0,,,"tumamaha anakne nuyna wa, sapa takupi sanke wa an pe an ruwe a= nukar wa kusu,"
7056,True,8,2,7,7,0,,,"a= hokuhu poro su ka kor wa arpa,"
7057,True,7,2,6,6,0,,,kuca or_ ta kor wa arpa wa
7058,True,4,2,3,3,0,,,an pe ne kusu
7059,True,8,2,7,7,0,,,ne su a= atte wa useykar =an w_a
7060,True,5,2,4,4,0,,,popse ... pop'useykar =an wa
7061,True,11,2,10,10,0,,,"ne sapaha takup sanke wa an pe, sapaha a= kuta akusu"
7062,True,4,2,3,3,0,,,poro hawe sanke kor
7063,True,7,2,6,6,0,,,"pet or un hoyupu wa arpa akusu,"
7064,True,12,2,11,11,0,,,"pet or un enpuyna wa ray wa isam, siri a= nukar akusu"
7065,True,5,2,4,4,0,,,"epunkine p an anan w_a,"
7066,True,5,2,4,4,0,,,ekimneno an w_a wose akusu
7067,True,10,2,9,9,0,,,"ekimne, inne hawehe, itak a? wose hawe a= nu wa,"
7068,True,14,2,13,13,0,,,"orowa, a= kor matkaci ka a= tura wa arpa =an pe ne a kusu,"
7069,True,7,2,6,6,0,,,a= kor matkaci tekehe a= sirkoetaye wa
7070,True,6,2,5,5,0,,,cip or a= omare wa orowa
7071,True,7,2,6,6,0,,,"sirkunne korka cip ani hosipi =an ene,"
7072,True,10,2,9,9,0,,,"a= ye hi ka a= kar hi ka a= eramiskari,"
7073,True,4,2,3,3,0,,,"katkemat'utar a= erampokiwen korka,"
7074,True,10,2,9,9,0,,,sinen ne a= kor matkaci a= tura wa hosipi =an
7075,True,8,2,7,7,0,,,"w_a, hosipi =an a hosipi =an a yakka"
7076,True,4,2,3,3,0,,,sirpeker ruwe ka isam
7077,True,9,2,8,8,0,,,"ayne, a= kor tomari or ta arpa =an akusu"
7078,True,4,2,3,3,0,,,"oro ta sirpeker wa,"
7079,True,4,2,3,3,0,,,yan =an w_a nani
7080,True,8,2,7,7,0,,,"kotan kor kur oro ta arpa =an w_a,"
7081,True,7,2,6,6,0,,,"“tapne tapne ne” sekor, hawean =an akusu,"
7082,True,3,2,2,2,0,,,"iyokunnure wa orowa,"
7083,True,9,2,8,8,0,,,“nep pirka pi an hawe somo ne ne ...
7084,True,4,2,3,3,0,,,"kusu, sito kar yan,"
7085,True,5,2,4,4,0,,,usa a= ep kar yan”
7086,True,5,2,4,4,0,,,"sekor, kotan kor kur pawetenke"
7087,True,7,2,6,6,0,,,"wa orowa sito kar kur sito kar,"
7088,True,7,2,6,6,0,,,"usa a= ep poronno a= kar wa,"
7089,True,7,2,6,6,0,,,"a= kor wa sirpeker wa orowa suy,"
7090,True,15,2,14,14,0,,,"cip ani inne nispa inne katkemat a= tura wa, paye =an w_a inkar =an akusu"
7091,True,12,2,11,11,0,,,sonno ka inaan kur inaan pe ne ya ka a= erampewtek no
7092,False,7,2,6,5,1,ja,HONEDAKENI NATTEITA,MINA KOROSARETE HONEDAKENI NATTEITA WAKEDA SOSITE SOREDE
7093,True,9,2,8,8,0,,,"ene a= kar hi ka isam pe ne kusu,"
7094,True,6,2,5,5,0,,,"sinep ne a= ukaomare wa orowa,"
7095,True,6,2,5,5,0,,,"usa a= kor wa paye =an,"
7096,True,8,2,7,7,0,,,sito ne yakka a= ep poronno a= roski
7097,True,6,2,5,5,0,,,wa orowa caycaye poronno a= tuye
7098,True,5,2,4,4,0,,,wa kasi a= esikte no
7099,True,13,2,12,12,0,,,"suy nep ka ek wa, neun ka kar yak wen sekor_ ne kor"
7100,True,4,2,3,3,0,,,poronno kasi a= esikte
7101,True,8,2,7,7,0,,,wa orowa hosippa =an w_a arki =an w_a
7102,True,3,2,2,2,0,,,"haa, iyokunnure =an,"
7103,True,4,2,3,3,0,,,katkemat'utar a= erampokiwen korka
7104,True,10,2,9,9,0,,,"ene a= ye hi ka isam no hosippa =an w_a,"
7105,True,8,2,7,7,0,,,orowano ne matkaci a= uni ta a= anu
7106,True,9,2,8,8,0,,,wa po siri ne a ... a= omap kor
7107,True,6,2,5,5,0,,,"a= reska wa an ruwe ne,"
7108,True,6,2,5,5,0,,,sekor sine menoko yayeisoytak ruwe ne
7109,True,7,2,6,6,0,,,a= onaha an a= unuhu an w_a
7110,True,8,2,7,7,0,,,poro kamuy ne yakka okkewe a= kaye wa
7111,True,5,2,4,4,0,,,a= unuhu a= onaha eyaykopuntek
7112,True,8,2,7,7,0,,,wa kamuy koonkami etok ta i= koonkami wa
7113,True,4,2,3,3,0,,,orowa kamuy koonkami kor
7114,True,5,2,4,4,0,,,"okay =an pe ne, hike"
7115,True,7,2,6,6,0,,,a= onaha hentomani ta ene itak h_i
7116,True,3,2,2,2,0,,,ekimne =an kor
7117,True,6,2,5,5,0,,,tup sumawe rep sumawe a= eawnarura
7118,True,6,2,5,5,0,,,kor okay =an pe ne akusu
7119,True,7,2,6,6,0,,,a= onaha hentomani ta ene hawean h_i
7120,True,9,2,8,8,0,,,“tane ci= hoki ka poronno ukaosmare ruwe ne kusu
7121,True,8,2,7,7,0,,,uymam =an wa ek =an kus ne kusu
7122,True,5,2,4,4,0,,,pirka suke e= ki wa
7123,True,8,2,7,7,0,,,a= kor kamuy e= ipere kus ne na”
7124,True,14,2,13,13,0,,,sekor a= unuhu koytakmuye hawe ka a= nu kor an =an pe ne akusu
7125,True,6,2,5,5,0,,,a= onaha ci= hoki se wa
7126,True,6,2,5,5,0,,,pis ta san wa rura wa
7127,True,6,2,5,5,0,,,rura a rura a wa orowa
7128,True,3,2,2,2,0,,,cip esikte wa
7129,True,6,2,5,5,0,,,cip sikteno ci= hoki omare wa
7130,True,12,2,11,11,0,,,"uymam kusu tane, a= onaha herepasi arpa hi a= unuhu eramuan akusu"
7131,True,5,2,4,4,0,,,“pirka suke e= ki wa
7132,True,5,2,4,4,0,,,“taan wen kamuy an kusu
7133,True,9,2,8,8,0,,,pirka a= ep ka a= e ka a= eramiskari
7134,True,7,2,6,6,0,,,te wano poka a= e kus ne”
7135,True,3,2,2,2,0,,,sekor hawean kor
7136,True,4,2,3,3,0,,,poro su sanke wa
7137,True,10,2,9,9,0,,,"poro su sikteno usa kam usa cep suwe wa, orowa"
7138,True,10,2,9,9,0,,,"“taan kamyasi, anak e kor an pe ne a kusu”"
7139,True,3,2,2,2,0,,,sekor hawean kor
7140,True,3,2,2,2,0,,,"pe ne kusu,"
7141,True,6,2,5,5,0,,,ipe =an ka somo ki no
7142,True,7,2,6,6,0,,,arpa =an a arpa =an a kusu
7143,True,3,2,2,2,0,,,kotan an w_a
7144,True,5,2,4,4,0,,,"setautar i= yemik, i= yemik"
7145,True,5,2,4,4,0,,,akusu okkayoutar inne okkayo soyne
7146,True,4,2,3,3,0,,,wa i= nukar wa
7147,True,9,2,8,8,0,,,“hemanta ene asuru as a seta he ne ya
7148,True,4,2,3,3,0,,,kamuy he ne ya
7149,True,7,2,6,6,0,,,a= nukar korka suy san =an akusu
7150,True,8,2,7,7,0,,,cise kor kur soy peka omanan kor an
7151,True,4,2,3,3,0,,,w_a i= nukar akusu
7152,True,16,2,15,15,0,,,“ene an h_i ene asuru as a kamuy makanak ki wa sinen ne ek ruwe an
7153,True,8,2,7,7,0,,,ahun w_a i= korewsi yan i= kotori yan”
7154,True,4,2,3,3,0,,,sekor hawean w_a kusu
7155,True,7,2,6,6,0,,,wa hotke =an w_a an =an akusu
7156,True,7,2,6,6,0,,,oro ta cise kor kur ahun w_a
7157,True,6,2,5,5,0,,,okitarunpe so kar wa i= kore
7158,True,7,2,6,6,0,,,wa kusu oro ta situriri =an w_a
7159,True,6,2,5,5,0,,,hotke =an w_a an =an akusu
7160,True,12,2,11,11,0,,,patci sikteno cise kor kur usa kam usa cep kor wa ek
7161,True,9,2,8,8,0,,,wa i= sam ta a= anu p ne kusu
7162,True,6,2,5,5,0,,,a= e wa inkar =an akusu
7163,True,3,2,2,2,0,,,sonno keraan w_a
7164,True,3,2,2,2,0,,,hoski i= koonkami
7165,True,6,2,5,5,0,,,kamuy koonkami wa orowa iri wa
7166,True,4,2,3,3,0,,,"se wa hosippa =an,"
7167,True,9,2,8,8,0,,,re to pakno ekimne a= tura wa arpa =an
7168,True,10,2,9,9,0,,,"w_a, poronno kamuy ka a= rayke wa a= kore akusu"
7169,True,6,2,5,5,0,,,eyaykopuntek wa ... kor an korka
7170,True,6,2,5,5,0,,,“a= onaha makanak ki ruwe an”
7171,True,4,2,3,3,0,,,sekor yaynu =an w_a
7172,True,5,2,4,4,0,,,"cise kor kur SONO ukoonkami,"
7173,True,6,2,5,5,0,,,a= onaha iyekar kusu ek wa
7174,True,3,2,2,2,0,,,ukoonkami wa orowa
7175,True,8,2,7,7,0,,,se wa arpa p cise kor kur koturiri
7176,True,7,2,6,6,0,,,"akusu cise kor kur, KOOYATTE koonkami wa"
7177,True,9,2,8,8,0,,,orowa sintoko kasi un anu siri a= nukar kor
7178,True,8,2,7,7,0,,,a= onaha a= tura wa hosipi =an korka
7179,True,6,2,5,5,0,,,a= onaha ka a= erampokiwen korka
7180,True,13,2,12,12,0,,,asinuma ka kamuy or un hosipi =an somo ki yak wen wa kusu
7181,True,8,2,7,7,0,,,kamuy or un hosipi =an etoko ta suy
7182,True,8,2,7,7,0,,,a= onaha a= tura wa ekimne =an w_a
7183,True,5,2,4,4,0,,,a= onaha a= erampokiwen korka
7184,True,6,2,5,5,0,,,V mismu =an kor an =an
7185,True,3,2,2,2,0,,,V tanpe kusu
7186,True,14,2,13,13,0,,,"V, pis ta hene san =an w_a inkar =an sekor yaynu =an ki na"
7187,True,8,2,7,7,0,,,V ki akusu V pis ta san =an
7188,True,7,2,6,6,0,,,w_a cikuni ka ta sini =an w_a
7189,True,7,2,6,6,0,,,episne inkar =an w_a an =an akusu
7190,True,10,2,9,9,0,,,kamuy cep topa poronno arki ki a= nukar ruwe ne
7191,True,5,2,4,4,0,,,V a= nukar ki na
7192,True,3,2,2,2,0,,,V ki akusu
7193,True,3,2,2,2,0,,,cep poronno ek
7194,True,6,2,5,5,0,,,cep or_ ta iyotta sapane kamuy
7195,True,3,2,2,2,0,,,ene hawean h_i
7196,True,9,2,8,8,0,,,“toon ta a= eoripak kamuy an ruwe ne na
7197,True,6,2,5,5,0,,,ori ... eci= opitta eoripak yan”
7198,True,10,2,9,9,0,,,sekor hawean hawe ka a= nu kor an =an akusu
7199,True,3,2,2,2,0,,,iyotta osarkesne wa
7200,True,4,2,3,3,0,,,iyotta os cep'utar arki
7201,True,4,2,3,3,0,,,osoroho wa ek cep
7202,True,3,2,2,2,0,,,ene hawean h_i
7203,True,3,2,2,2,0,,,“ne cep anakne
7204,True,5,2,4,4,0,,,"iyotta osarkesne p ne kusu,"
7205,True,3,2,2,2,0,,,rehe anak Ocakaipe
7206,True,10,2,9,9,0,,,sekor a= ye cep ne wa an ruwe ne wa”
7207,True,5,2,4,4,0,,,ne cep ene hawean h_i
7208,True,14,2,13,13,0,,,“hemanta a= eoripak kamuy ene siki poro ruwe an w_a ene hawas h_i an”
7209,True,3,2,2,2,0,,,"sekor hawean, kor"
7210,True,6,2,5,5,0,,,atkoci rik ta suye ki na
7211,True,8,2,7,7,0,,,otu suy re suy ene hawean pe ne
7212,True,7,2,6,6,0,,,"kusu, a= ruska kor an =an w_a,"
7213,True,5,2,4,4,0,,,"pe ne kusu, atuy ..."
7214,True,7,2,6,6,0,,,sirokane pisakku a= upsoro wa a= sanke
7215,True,7,2,6,6,0,,,wa atuy ak ... a= nise akusu
7216,True,8,2,7,7,0,,,atuy noski pakno wakka a= nise ruwe ne
7217,True,8,2,7,7,0,,,"V ki akusu, V, ki p ne kusu"
7218,True,6,2,5,5,0,,,"iruska =an w_a, an =an w_a"
7219,True,5,2,4,4,0,,,sapane kamuy anak ene hawean
7220,True,4,2,3,3,0,,,"“ene an w_a kusu,"
7221,True,6,2,5,5,0,,,"a= eoripak kamuy neun, iruska kor"
7222,True,10,2,9,9,0,,,"neun, ki ya ka wa a= erampewtek pe ne kusu"
7223,True,6,2,5,5,0,,,a= eoripak kamuy ne wa kusu
7224,True,3,2,2,2,0,,,hawean =an hine
7225,True,8,2,7,7,0,,,"wa eci= nu ka somo ki wa orowa,"
7226,True,5,2,4,4,0,,,ene wakka a= nise ciki
7227,True,8,2,7,7,0,,,a= opitta ray =an w_a isam kus ne
7228,True,6,2,5,5,0,,,hosipi ka a= eaykap ruwe ne”
7229,True,3,2,2,2,0,,,"sekor hawean kor,"
7230,True,6,2,5,5,0,,,"sapane kamuy iruska, kor an korka,"
7231,True,5,2,4,4,0,,,suy konkane pisakku a= sanke
7232,True,6,2,5,5,0,,,wa atuy wakka a= nise akusu
7233,True,6,2,5,5,0,,,"atuy oar sat wa isam, akusu"
7234,True,12,2,11,11,0,,,kamuy'utar inne kamuy'utar nuwap kor okay hawe a= nu wa aysik ...
7235,True,8,2,7,7,0,,,"a= i= sirkurante ka ki p ne kusu,"
7236,True,3,2,2,2,0,,,"“iruska =an hi,"
7237,True,5,2,4,4,0,,,"ney pakno iruska =an yak,"
7238,True,6,2,5,5,0,,,"hi ka, nep rakaha ne ya”"
7239,True,4,2,3,3,0,,,"sekor yaynu =an w_a,"
7240,True,6,2,5,5,0,,,"suy, sirokane pisakku a= sanke wa"
7241,True,6,2,5,5,0,,,"atuy or un a= kuta akusu,"
7242,True,8,2,7,7,0,,,"atuy noski pakno wakka rikin ruwe ne, akusu,"
7243,True,7,2,6,6,0,,,"wa kusu, na ru ... kanna ruyno"
7244,True,6,2,5,5,0,,,konkane pisakku ka a= sanke wa
7245,True,3,2,2,2,0,,,a= ohare akusu
7246,True,6,2,5,5,0,,,"atuy sikno wakka rikin ruwe ne,"
7247,True,5,2,4,4,0,,,akusu kamuy'utar opitta ukoyaykopuntek kor
7248,True,9,2,8,8,0,,,"apunno hosippa wa paye siri a= nukar wa, akusu,"
7249,True,12,2,11,11,0,,,asinuma ka a= kor kotan un hosipi =an sekor yaynu =an w_a
7250,True,9,2,8,8,0,,,a= kor kotan un hosipi =an wa a korka
7251,True,9,2,8,8,0,,,ramma koraci sinen ne an =an pe ne kusu
7252,True,8,2,7,7,0,,,"mismu =an kor an =an ruwe ne, sekor,"
7253,True,6,2,5,5,0,,,tanpe kusu V a= eyaynita V
7254,True,5,2,4,4,0,,,kor an ki kor V
7255,True,4,2,3,3,0,,,hentomani ta Samayunkur ...
7256,True,13,2,12,12,0,,,Samayunkur kor kotak ... kasi peka arpa =an sekor yaynu =an w_a V
7257,True,4,2,3,3,0,,,arpa =an awa V
7258,True,6,2,5,5,0,,,Samayunkur V puyar ka eosma V
7259,True,3,2,2,2,0,,,“wao kamuy V
7260,True,6,2,5,5,0,,,tutko rerko V i= kosini yan
7261,True,5,2,4,4,0,,,V i= korewsi yan V
7262,True,5,2,4,4,0,,,ki wa ne yak V
7263,True,2,2,1,1,0,,,kannaruyno V
7264,True,10,2,9,9,0,,,aynu kotan V e= eutanne V ki easkay na V”
7265,True,4,2,3,3,0,,,hawean ki kor V
7266,True,12,2,11,11,0,,,tu onkami toy V re onkami toy V i= koanu kor V
7267,True,5,2,4,4,0,,,"heetaye wa isam V, akusu,"
7268,True,7,2,6,6,0,,,iwan kosonte V eey...e ... ukokutkor V
7269,True,5,2,4,4,0,,,iwan kosonte V opannaatte V
7270,True,9,2,8,8,0,,,karinpa pon ku V kor ki ki wa V
7271,True,5,2,4,4,0,,,"soynasanma V osiraye na V,"
7272,True,4,2,3,3,0,,,i= cotca korka V
7273,True,9,2,8,8,0,,,hoski ek ay V aysiyo ... a= siyokakuste V
7274,True,11,2,10,10,0,,,i= yos ek ay V a= siyetokkuste V ki akusu V
7275,True,3,2,2,2,0,,,i= kopasirota V
7276,True,4,2,3,3,0,,,“tan wen wao V
7277,True,7,2,6,6,0,,,sirunwen wao V e= ki kusu V
7278,True,9,2,8,8,0,,,sisam or_ ta V e= arpa ki wa V
7279,True,5,2,4,4,0,,,"ki yakne, sisam tono V"
7280,True,10,2,9,9,0,,,ku ay ukoani wa V soyne wa ek na V
7281,True,4,2,3,3,0,,,a= e= cotca V
7282,True,6,2,5,5,0,,,hosi ... hoski ek ay V
7283,True,4,2,3,3,0,,,e= upsoro ekatta V
7284,True,5,2,4,4,0,,,"e= sumawne ki na V,"
7285,True,3,2,2,2,0,,,pirkano inkar” V
7286,True,3,2,2,2,0,,,hawean ki kor
7287,True,5,2,4,4,0,,,i= kopasirota V ki korka
7288,True,8,2,7,7,0,,,“aynu ye itak hemanta a= sitoma p an”
7289,True,6,2,5,5,0,,,sekor yaynu =an ki wa V
7290,True,6,2,5,5,0,,,a= eyaysempir V mina kane V
7291,True,4,2,3,3,0,,,arpa =an akusu V
7292,True,18,2,17,17,0,,,Okikurmi kotan enkasi V suy a= kus ki ki wa V arpa =an sekor yaynu =an w_a V
7293,True,4,2,3,3,0,,,arpa =an awa V
7294,True,6,2,5,5,0,,,"Okikurmi V, puyar ka eosma V,"
7295,True,9,2,8,8,0,,,“wao kamuy V tutko rerko V i= kosini yan
7296,True,5,2,4,4,0,,,V i= korewsi yan” V
7297,True,5,2,4,4,0,,,"hawean ki korka V, kor,"
7298,True,6,2,5,5,0,,,karinpa pon ku V kor wa
7299,True,3,2,2,2,0,,,sewna ... V
7300,True,5,2,4,4,0,,,i= cotca ki korka V
7301,True,7,2,6,6,0,,,hoski ek ay V a= siyokakuste V
7302,True,11,2,10,10,0,,,i= yos ek ay V a= siyetokkuste V ki akusu V
7303,True,13,2,12,12,0,,,"kor iwen...kor...i ... wen puri V, nanuhu kasi V epirasa ki wa V"
7304,True,3,2,2,2,0,,,i= kopasirota V
7305,True,3,2,2,2,0,,,“wen wao V
7306,True,7,2,6,6,0,,,kamuyasi wao V e= ki kusu V
7307,True,7,2,6,6,0,,,sisam kotan ta e= arpa yakun V
7308,True,3,2,2,2,0,,,sisam tono V
7309,True,10,2,9,9,0,,,"ay tura ... ay ka, ku ka kor kane wa"
7310,True,5,2,4,4,0,,,V soyne ki na V
7311,True,5,2,4,4,0,,,a= e= cotca yakun V
7312,True,4,2,3,3,0,,,hoski ek ay V
7313,True,6,2,5,5,0,,,e= ... e= upsoro ekatta V
7314,True,5,2,4,4,0,,,"e= sumawne ki na” V,"
7315,True,5,2,4,4,0,,,e= siknu ka eaykap ayne
7316,True,7,2,6,6,0,,,e= toykomunin e= sirkomunin kus ne na”
7317,True,5,2,4,4,0,,,sekor a= i= kopasirota korka
7318,True,4,2,3,3,0,,,“ecioka nep ye hike
7319,True,6,2,5,5,0,,,NANI hemanta a= sitoma p an
7320,True,4,2,3,3,0,,,sekor yaynu =an w_a
7321,True,4,2,3,3,0,,,a= eyaysempirmina kane kor
7322,True,5,2,4,4,0,,,arpa =an ki na V
7323,True,3,2,2,2,0,,,sonno poka V
7324,True,7,2,6,6,0,,,sisam kotan ta arpa =an akusu V
7325,True,3,2,2,2,0,,,sisam tono V
7326,True,5,2,4,4,0,,,ku ay ani wa V
7327,True,4,2,3,3,0,,,soyne ki wa V
7328,True,5,2,4,4,0,,,i= cotca ki na V
7329,True,8,2,7,7,0,,,sumawne =an V ki p ne korka V
7330,True,6,2,5,5,0,,,siknu ... sonno poka sisam anakne
7331,True,8,2,7,7,0,,,kampi ci= ... ci-petpa p V ekamuynomi V
7332,True,5,2,4,4,0,,,ki p ne kusu V
7333,True,4,2,3,3,0,,,yaykatcipi ka a= eaykap
7334,True,5,2,4,4,0,,,"siknu ka a= eaykap wa,"
7335,True,4,2,3,3,0,,,ayne munin =an w_a
7336,True,9,2,8,8,0,,,a= wenhuraha ka kamuy'utar ne yakka usitomare wa V
7337,True,4,2,3,3,0,,,i= parkotpokke V rukuste
7338,True,8,2,7,7,0,,,wa V omanan kor an ki na V
7339,True,6,2,5,5,0,,,korka siknu =an ka eaykap ayne
7340,True,4,2,3,3,0,,,neunpoka neunpoka iki =an
7341,True,6,2,5,5,0,,,w_a siknu =an wa inkar =an
7342,True,5,2,4,4,0,,,akusu pon wao ne an
7343,True,6,2,5,5,0,,,"w_a siknu =an ruwe ne kusu,"
7344,True,8,2,7,7,0,,,"“ta wenno ... tane, okay kamuy ne yakka"
7345,True,6,2,5,5,0,,,cikap ne yakka nep ne yakka
7346,True,9,2,8,8,0,,,aynu ye itak pirkano eci= nu kus ne na”
7347,True,5,2,4,4,0,,,"sekor, itak =an ruwe ne"
7348,True,6,2,5,5,0,,,sekor wao kamuy isoytak ruwe ne
7349,True,6,2,5,5,0,,,asinuma anakne cironnup a= ne wa
7350,True,5,2,4,4,0,,,kim ta an =an korka
7351,True,7,2,6,6,0,,,pirka cise or_ ta an =an w_a
7352,True,7,2,6,6,0,,,ae ... a= eyaykopuntek kor an korka
7353,True,5,2,4,4,0,,,mismu =an pe ne kusu
7354,True,11,2,10,10,0,,,"episne hene san =an w_a inkar =an sekor yaynu =an w_a,"
7355,True,8,2,7,7,0,,,"esoyne inkar =an a, wa an =an akusu"
7356,True,4,2,3,3,0,,,pon Samayunkur pon Okikurmi
7357,True,4,2,3,3,0,,,"utura wa sap w_a,"
7358,True,9,2,8,8,0,,,"cip sanke wa opa wa repun siri a= nukar,"
7359,True,14,2,13,13,0,,,“pon Samayunkur pon Okikurmi ponno a= rammokka wa a= emina” sekor yaynu =an w_a
7360,True,7,2,6,6,0,,,asinuma ka pis ta san =an w_a
7361,True,12,2,11,11,0,,,a= ponsaraha a= riknanuye ... a= riknasuye a=rikna... a=rikna... a=rikna ... TARA
7362,True,5,2,4,4,0,,,akusu okimne ... okimun rera
7363,True,7,2,6,6,0,,,opisna ... opisun rera wen rera cihopunire
7364,True,8,2,7,7,0,,,a= kannare a= poknare a= kannare ne kusu
7365,True,5,2,4,4,0,,,pon Okikurmi pon Samayunkur ramutuy
7366,True,5,2,4,4,0,,,wa ipor ka sak no
7367,True,5,2,4,4,0,,,heyasi yap kusu ikipa korka
7368,True,4,2,3,3,0,,,yap kusu ikipa kor
7369,True,6,2,5,5,0,,,a= emina kor an =an akusu
7370,True,9,2,8,8,0,,,oro ta suy poro Samayunkur pon ... poro Okikurmi
7371,True,4,2,3,3,0,,,utura wa arki wa
7372,True,6,2,5,5,0,,,poro utar ka a= kimatekka wa
7373,True,6,2,5,5,0,,,"a= emina sekor yaynu =an kusu,"
7374,True,3,2,2,2,0,,,"iki =an korka,"
7375,True,5,2,4,4,0,,,nu siri ka isam no
7376,True,5,2,4,4,0,,,"paye wa isam w_a, kusu"
7377,True,4,2,3,3,0,,,inkar =an awa nani
7378,True,7,2,6,6,0,,,poutari usi ... oro ta paye wa
7379,True,5,2,4,4,0,,,poutari poro cip ore wa
7380,True,4,2,3,3,0,,,tura wa arki wa
7381,True,5,2,4,4,0,,,i= tomunno arki wa orowa
7382,True,5,2,4,4,0,,,Okikurmi i= kopasirota i= kopasirota
7383,True,6,2,5,5,0,,,“kamyasi cironnup wen cironnup eani anakne
7384,True,6,2,5,5,0,,,atusa cironnup e= ne ruwe ne
7385,True,7,2,6,6,0,,,“e= cisehe or un arpa wa inkar
7386,True,5,2,4,4,0,,,"cisehe ka isam ruwe ne,"
7387,True,13,2,12,12,0,,,poro cikuni corpokke ta e= yayreska wa e= an ruwe ne a pekor”
7388,True,5,2,4,4,0,,,hawean kor i= kopasirota kor
7389,True,6,2,5,5,0,,,hosipi =an w_a inkar =an akusu
7390,True,7,2,6,6,0,,,sonno poka cise ka isam popo …
7391,True,13,2,12,12,0,,,huskono cikuni horak cikuni corpokke a= yay'oresu wa an =an ene anan w_a
7392,True,5,2,4,4,0,,,oro un ahun =an akusu
7393,True,9,2,8,8,0,,,"a= tumamaha opitta munin w_a, isam pe ne kusu,"
7394,True,7,2,6,6,0,,,"turay wenray a= ki ruwe ne sekor,"
7395,True,3,2,2,2,0,,,"atusa cironnup isoytak,"
7396,True,3,2,2,2,0,,,te wano anakne
7397,True,14,2,13,13,0,,,"aynu ye itak iteki ... eci= nu somo ki yak wen ruwe ne kusu,"
7398,True,8,2,7,7,0,,,nep cikap ne yakka kamuy ne yakka opitta
7399,True,8,2,7,7,0,,,aynu ye itak eci= eramuan kus ne na
7400,True,10,2,9,9,0,,,"inaw-san ka ta V1 u rew ki ki wa V2,"
7401,True,8,2,7,7,0,,,esisoun wa V1 eharkisoun V2 u terketerke V1
7402,True,4,2,3,3,0,,,u tokap rerko V2
7403,True,4,2,3,3,0,,,u iwan rerko V1
7404,True,4,2,3,3,0,,,u kunne rerko V2
7405,True,4,2,3,3,0,,,u iwan rerko V1
7406,True,8,2,7,7,0,,,rek a rek a ayne hosipi wa arpa
7407,True,3,2,2,2,0,,,"a= eramiskari korka,"
7408,True,7,2,6,6,0,,,"sinen ne an menoko a= ne akusu,"
7409,True,6,2,5,5,0,,,"oro ta okkaypo sinen ek wa,"
7410,True,5,2,4,4,0,,,"a= nukar okkaypo ek wa,"
7411,True,8,2,7,7,0,,,"i= yor_ ta, sini wa an w_a kusu,"
7412,True,6,2,5,5,0,,,"suke =an w_a a= ipere akusu,"
7413,True,10,2,9,9,0,,,"ipe ka ki, i= yor_ ta, rewsi ka ki wa"
7414,True,9,2,8,8,0,,,"okay =an ayne ukor =an w_a okay =an awa,"
7415,True,5,2,4,4,0,,,"u rekno kakkok, pawasnu hike,"
7416,True,4,2,3,3,0,,,"ran w_a ek wa,"
7417,True,8,2,7,7,0,,,"tokap rerko, iwan rerko, kunne rerko, iwan rerko"
7418,True,9,2,8,8,0,,,"rek a rek a kor an hi ta patek,"
7419,True,7,2,6,6,0,,,a= antehoku ipe ka somo ki no
7420,True,5,2,4,4,0,,,"hotke wa patek an w_a,"
7421,True,4,2,3,3,0,,,"otcike a= kar wa,"
7422,True,11,2,10,10,0,,,"a= ep ne yakka e ka somo ki p ne kusu,"
7423,True,7,2,6,6,0,,,"asinuma ka a= erampekamam kor, an korka,"
7424,True,8,2,7,7,0,,,hopuni ka somo ki no hotke wa an
7425,True,3,2,2,2,0,,,"kakkok hosipi akusu,"
7426,True,5,2,4,4,0,,,"easir hopuni wa ek wa,"
7427,True,7,2,6,6,0,,,"ror_ ta, apepasuy kor wa, a wa,"
7428,True,9,2,8,8,0,,,"rep o usat ... ya o usat, rep oraye,"
7429,True,6,2,5,5,0,,,"rep o usat, ya oraye kor,"
7430,True,5,2,4,4,0,,,"“a= antemaci, itak =an ciki"
7431,True,6,2,5,5,0,,,"pirkano e= nu kus ne na,"
7432,True,7,2,6,6,0,,,asinuma anakne aynu ka somo a= ne
7433,True,11,2,10,10,0,,,"kamuy, kanna kamuy iwan irwak ne an pe a= ne korka,"
7434,True,7,2,6,6,0,,,"a= yuputari anakne opitta mat kor korka,"
7435,True,2,2,1,1,0,,,asinuma anakne
7436,True,10,2,9,9,0,,,"a= yaykotomka p oar kamuy or_ ta a= nukar cik,"
7437,True,6,2,5,5,0,,,"a= erampewtek ruwe ne wa, kusu"
7438,True,6,2,5,5,0,,,"aynu or un inkar =an akusu,"
7439,True,9,2,8,8,0,,,"eani pakno a= yaykotomka p isam ruwe ne wa,"
7440,True,9,2,8,8,0,,,"kusu ran = w_a ukor =an ruwe ne korka,"
7441,True,6,2,5,5,0,,,"“tane hosipi =an somo ki yak,"
7442,True,13,2,12,12,0,,,kamuy ee ... e= kopoyke e ... e= ki eki ... eaykap na”
7443,True,5,2,4,4,0,,,"sekor, i= kocaranke wa kusu,"
7444,True,7,2,6,6,0,,,"a= ranke wa ek kakkok ne, kusu"
7445,True,8,2,7,7,0,,,"i= kocaranke hawe ne kusu, hosipi =an w_a"
7446,True,7,2,6,6,0,,,a= yuputari a= kasuy kus ne na
7447,True,4,2,3,3,0,,,iwan pa ek yakun
7448,True,8,2,7,7,0,,,ee ... a= e= ekanok kus ne na
7449,True,7,2,6,6,0,,,iwan konci e= kar wa e= hekokari
7450,True,10,2,9,9,0,,,"wa, sine pa ek ciki, sine konci e= anu ranke,"
7451,True,9,2,8,8,0,,,"sine konci e= anu ranke kor, e= an yak,"
7452,True,10,2,9,9,0,,,"iwan pa ek yak, a= e= ekanok kus ne na”"
7453,True,7,2,6,6,0,,,"sekor, a= antehoku hawean kor, hopuni wa"
7454,True,5,2,4,4,0,,,"puyar kari, puyar corpok ta,"
7455,True,4,2,3,3,0,,,"situytuye etoko? rikin akusu,"
7456,True,4,2,3,3,0,,,"cikap ne an wa,"
7457,True,8,2,7,7,0,,,"esoyne inawcipa un, esoyne terke wa arpa, kusu"
7458,True,9,2,8,8,0,,,"esoyne asinuma ka hoyupu =an w_a, inkar =an akusu,"
7459,True,6,2,5,5,0,,,"tane rikin wa arpa kor an,"
7460,True,9,2,8,8,0,,,"korka, ranke nupehe, sak apto sir ne ranke kor,"
7461,True,11,2,10,10,0,,,"rikin w_a arpa cis =an kor =an a =an a korka,"
7462,True,10,2,9,9,0,,,"“a= antehoku, nep a= ye a= ye haw as a”"
7463,True,4,2,3,3,0,,,"sekor yaynu =an w_a,"
7464,True,7,2,6,6,0,,,"ahun =an w_a konci a= kar wa,"
7465,True,7,2,6,6,0,,,"iwan konci aka ... a= hekokari wa,"
7466,True,5,2,4,4,0,,,"orowano, sine pa ek kor,"
7467,True,11,2,10,10,0,,,"sine konci a= anu ranke, a= anu ranke kor an =an"
7468,True,6,2,5,5,0,,,"iwan pa ek akusu, sonno poka,"
7469,True,7,2,6,6,0,,,"a= antehoku i= yekanok kusu ek wa,"
7470,True,9,2,8,8,0,,,"a= tura wa kanto or un arpa =an w_a,"
7471,True,5,2,4,4,0,,,"kanto or_ ta sonno ukor,"
7472,True,4,2,3,3,0,,,"sino ukor an w_a,"
7473,True,6,2,5,5,0,,,"nep a= eranak ka somo ki,"
7474,True,6,2,5,5,0,,,"kanto or un paye =an yakka,"
7475,True,11,2,10,10,0,,,"neun ka neun ka nep ka ye hawe ka isam no,"
7476,True,10,2,9,9,0,,,"nep ... pirk ... sonno ukor, sino ukor an w_a,"
7477,True,7,2,6,6,0,,,"uwepirka =an kor an =an ruwe ne,"
7478,True,6,2,5,5,0,,,sekor sine menoko itak ruwe ne
7479,True,7,2,6,6,0,,,"V1 an kor an =an wa, akusu,"
7480,True,6,2,5,5,0,,,hentomani ta ecicikeppo puyarsikrap tokpatokpa hawe
7481,True,6,2,5,5,0,,,"i= koek humi ene an h_i,"
7482,True,4,2,3,3,0,,,"“ape huci kamuy, katkemat,"
7483,True,7,2,6,6,0,,,enepo hene e ... e= siknak ruwe
7484,True,3,2,2,2,0,,,V1 e= antehoku
7485,True,5,2,4,4,0,,,"uwesone wa, okay ruwe ne"
7486,True,9,2,8,8,0,,,"wa, e= en= nukar ... e= sinnukar somo ki,"
7487,True,6,2,5,5,0,,,"e= esiknak ruwe” sekor, ecicikeppo hawean,"
7488,True,8,2,7,7,0,,,"a= kisarpuye otusuy resuy ek pe ne kusu,"
7489,True,4,2,3,3,0,,,"sutketusi a= sanke wa,"
7490,True,6,2,5,5,0,,,"a= tekkuspare wa inkar =an akusu,"
7491,True,8,2,7,7,0,,,"pas tekunpe, pas pirakka an ruwe ne wa,"
7492,True,6,2,5,5,0,,,"pas tekunpe a= tekehe a= kosina,"
7493,True,7,2,6,6,0,,,"pas pirakka a= kemaha a= kosina wa,"
7494,True,11,2,10,10,0,,,"wakka ee, pet, wak ... petaru or un ran =an w_a,"
7495,True,9,2,8,8,0,,,"wakkaus kamuy oro un arpa =an kusu, arpa =an,"
7496,True,10,2,9,9,0,,,"petturasi =an korka, pas pirakka a= us pe ne kusu,"
7497,True,11,2,10,10,0,,,"a ... hoyupu =an w_a arpa =an, a= humihi an h_i"
7498,True,10,2,9,9,0,,,"ee ... nep ka a= esinki ka somo ki no,"
7499,True,8,2,7,7,0,,,"nani wakkaus kamuy oro ta arpa =an wa,"
7500,True,7,2,6,6,0,,,"“makanak iki =an yak, a= ehese ya”"
7501,True,4,2,3,3,0,,,"sekor yaynu =an kusu,"
7502,True,14,2,13,13,0,,,"pon, pon cikap ne an =an w_a, rek =an w_a inkar =an a wa,"
7503,True,10,2,9,9,0,,,"a= rehe a= ... a= hawehe pirka a= hawehe ne,"
7504,True,4,2,3,3,0,,,"“kane maw ne hetet,"
7505,True,4,2,3,3,0,,,"mukkuri maw ne hetet”,"
7506,True,10,2,9,9,0,,,"sekor a= ye pakno pirka, a= hawehe nep ne kusu,"
7507,True,8,2,7,7,0,,,"puyarsikrap ta an =an w_a, rek =an akusu,"
7508,True,5,2,4,4,0,,,"umurek utar i= nukar wa,"
7509,True,6,2,5,5,0,,,"mina kane okay wa i= nukar,"
7510,True,7,2,6,6,0,,,"“hemanta pon cikap ene, hawehe pirka hawean”"
7511,True,6,2,5,5,0,,,"sekor, haweoka kor, mina kane wa"
7512,True,8,2,7,7,0,,,"i= nukar wa an wa, a= ruska kusu,"
7513,True,13,2,12,12,0,,,"wakkaus kamuy mipapihi, mourihi ... mouri unno a= soso kuni a= erek akusu,"
7514,True,11,2,10,10,0,,,"mouri ka, mipihi ka opitta a= kosospare hi ka erampewtek no,"
7515,True,5,2,4,4,0,,,wakkaus kamuy i= nukar wa
7516,True,6,2,5,5,0,,,"mina kane an, a= ruska kusu,"
7517,True,13,2,12,12,0,,,a= hokuhu ka tepaha ka mipihi ka a= kososo kuni suy a= erek
7518,True,13,2,12,12,0,,,"akusu, sonno poka a= hokuhu ka tepaha ka mipihi ka opitta a= kososo,"
7519,True,6,2,5,5,0,,,"or_ ta, aratusa sirihi an akusu,"
7520,True,10,2,9,9,0,,,"wakkaus kamuy a= hokuhu aratusa ruwe nukar wa, yayhuymampa wa,"
7521,True,6,2,5,5,0,,,"yaykata ka aratusa ruwe an a,"
7522,True,5,2,4,4,0,,,"eramutuy eramu ... nukar wa,"
7523,True,2,2,1,1,0,,,"humrikekatta kor,"
7524,True,8,2,7,7,0,,,"neun ka arpa wa isam ruwe ne wa,"
7525,True,8,2,7,7,0,,,"asinuma ka puyar corpok un hacir =an w_a,"
7526,True,6,2,5,5,0,,,"ray =an wa an a ayne,"
7527,True,16,2,15,15,0,,,"tu su at pak, tu su at, at ... pak ya, re su at pak ya,"
7528,True,6,2,5,5,0,,,"ray =an w_a an a ayne,"
7529,True,6,2,5,5,0,,,"yaymososo =an w_a inkar =an akusu,"
7530,True,13,2,12,12,0,,,"a= antehoku ka naa apeetok ta aratusa sirihi hokus wa an w_a kusu,"
7531,True,6,2,5,5,0,,,"hopuni =an w_a, arpa =an w_a,"
7532,True,5,2,4,4,0,,,"a= suyesuye, a= nikanika akusu,"
7533,True,8,2,7,7,0,,,"“naa mokor =an kunak a= ramu a p,"
7534,True,5,2,4,4,0,,,a= i= mososo humi an”
7535,True,5,2,4,4,0,,,"sekor hawean kor, siknuyanuya kor"
7536,True,5,2,4,4,0,,,"hopuni korka, a= imire wa,"
7537,True,9,2,8,8,0,,,"orowa, a= unihi ta a= tura wa ek =an"
7538,True,9,2,8,8,0,,,"w_a, ranma koraci, a= hokuhu ka amset ka ta"
7539,True,8,2,7,7,0,,,"ikor ka nuye tomi ka nuye kor an,"
7540,True,9,2,8,8,0,,,"asinuma ka kemeyki =an wa, kunne hene, tokap hene"
7541,True,9,2,8,8,0,,,"kem ruoka, kem ruwe etok a= sikkotesu kor ki"
7542,True,5,2,4,4,0,,,kemeyki =an kor okay =an
7543,True,5,2,4,4,0,,,"ukoposak pe a= ne kusu,"
7544,True,10,2,9,9,0,,,"ukomismu wa, nepki patek ki p a= ne ruwe ne"
7545,True,5,2,4,4,0,,,"sekor, ape huci kamuy hawean"
